209003502;CONECTOR PARA BOMBA DE INFUSION CON FILTRO DE AIRE.;TRAMITE USUAL;4.48;0;0;9,000;9,000;40,320.00
209003700;AGUJA PARA NEUMOPERITONEO  (TIPO VERESS) PARA LAPARASCOPIA (Se solicita 120mm);TRAMITE USUAL ;10.17;3,492;0;0;3,492;35,496.18
209007502;DETERGENTE ANIONICO EN POLVO PRESENTACION: PAQ.DE 4 LIBRAS;TRAMITE USUAL;35.5;23,107;471;180;23,758;843,372.41
209008100;AGUJA HIPODÉRMICA,  (SE SOLICITA CALIBRE 18G X 1  1/2 PULGADAS, 38MM DE LONGITUD);TRAMITE USUAL ;0.01;60,000;0;162,000;222,000;1,966.92
209008400;AGUJA HIPODÉRMICA,   (SE SOLICITA CALIBRE 21G, 1 PULGADAS, 25MM DE LONGITUD.) ;TRAMITE USUAL ;0.02;214,400;64,800;15,000;294,200;4,413.00
209008500;AGUJA HIPODÉRMICA,  SE SOLICITA CALIBRE 21G X 1 1/2 PULGADAS, 38MM DE LONGITUD;TRAMITE USUAL;0.01;1,024,800;21,800;129,400;1,176,000;9,666.72
209008600;AGUJA HIPODÉRMICA, SE SOLICITA CALIBRE 22G X 1 PULGADAS, 25MM DE LONGITUD;TRAMITE USUAL;0.02;0;0;0;0;0
209008700;AGUJA HIPODÉRMICA    (SE SOLICITA CALIBRE 22G X 1 1/2 PULGADAS, 38MM DE LONGITUD);TRAMITE USUAL;0.03;2,788,000;854,800;205,400;3,848,200;96,205.00
209008800;AGUJA HIPODÉRMICA, (SE SOLICITA CALIBRE 23G X 1 PULGADAS 25MM DE LONGITUD);TRAMITE USUAL ;0.01;0;0;0;0;0
209008900;AGUJA HIPODÉRMICA,   SE SOLICITA CALIBRE 24G X 1 PULGADAS 25MM DE LONGITUD;TRAMITE USUAL ;0.02;330,000;0;23,800;353,800;5,307.00
209009000;"AGUJA HIPODÉRMICA DESECHABLE (Se solicita calibre 25G de 1"" de longitud) ";TRAMITE USUAL;0.02;0;0;0;0;0
209009002;AGUJA HIPODÉRMICA    (SE SOLICITA CALIBRE 25G X 1 1/2 PULGADAS, 38MM DE LONGITUD);TRAMITE USUAL ;0.02;1,389,200;95,200;45,000;1,529,400;30,588.00
209009301;"PAPEL SATINADO PARA CAMILLA Y MESA DE EXAMEN.    (SE SOLICITA TAMAÑO 18"" ANCHO X 300 PIES LARGO)";TRAMITE USUAL;3.42;360;1,476;4,014;5,850;19,977.75
209011222;BANDEJA PARA CATETERIZACION VENOSA CENTRAL TRIPLE LUMEN.  SE SOLICITA CATETER DE POLIURETANO;TRAMITE USUAL;60.5;0;0;0;0;0
209011226;BANDEJA PARA CATETERIZACION VENOSO CENTRAL TRIPLE LUMEN CON 2 ANTIBIOTICOS (MINOCICLINA Y RIFAMPICINA).                                                                      (SE SOLICITA CATETER DE POLIURETANO ADULTO);TRAMITE USUAL;262.5;3,680;540;150;4,370;1,147,125.00
209013300;RECIPIENTE DESECHABLE PARA SISTEMA DE DRENAJE TORÁCICO DIGITAL (Se solicita de 800cc de capacidad);TRAMITE USUAL;22.72;15,736;120;24;15,880;360,837.43
209013400;TUBO PARA SISTEMA DE DRENAJE TORÁCICO DIGITAL CONEXIÓN DOBLE (Se solicita longitud de 1.5 mts). DEBE SER COMPATIBLE CON EL EQUIPO EXISTENTE EN LA INSTITUCIÓN.;TRAMITE USUAL ;23.61;0;80;0;80;1,888.80
209016801;ESPONJA HEMOSTATICA DE GELATINA ABSORBIBLE.   SE SOLICITA TAMAÑO 7x5x1CM ( 70MMX50MMX10MM );TRAMITE USUAL ;3.09;0;0;0;0;0
209017402;JALEA LUBRICANTE ESTÉRIL  (SE SOLICITA TUBO DE 113 GM);TRAMITE USUAL;3.15;0;0;0;0;0
209018401;TRAJE DE PROTECCION PERSONAL (TIPO OVEROL) TAMAÑO L;TRAMITE USUAL;10.76;1,314,204;16,320;0;1,330,524;14,316,438.24
209018501;TRAJE DE PROTECCION PERSONAL (TIPO OVEROL)TAMAÑO XL;TRAMITE USUAL ;10.76;1,080,960;0;3,900;1,084,860;11,673,093.60
209018800;APLICADOR DE GRAPAS AUTOMÁTICO PARA LAPAROSCOPIA (Se solicita con grapa de 10mm, 20 grapas, mediano / grande);TRAMITE USUAL;70;240;0;48;288;20,160.00
209018801;APLICADOR DE GRAPAS AUTOMÁTICO PARA LAPAROSCOPIA  (SE SOLICITA TAMAÑO DE 5MM, 20 GRAPAS, MEDIANO / GRANDE);TRAMITE USUAL ;137.5;0;0;0;0;0
209019006;"VENDA DE GASA PRESATURADAS DE CLORURO DE SODIO AL 20%   (TAMAÑO 6"" (15 CM ) X 6 3/4"" (17 CM ).";TRAMITE USUAL ;5.12;0;0;0;0;0
209019200;"APLICADOR DE MADERA CON ALGODÓN, ESTÉRIL  (SE SOLICITA DE 6"")";TRAMITE USUAL ;0.02;1,668,000;307,200;81,800;2,057,000;41,140.00
209019501;APÓSITO HIDROCOLOIDE (FINO O EXTRA DELGADO)          (SE SOLICITA CUADRADO 15CM X 15CM).;TRAMITE USUAL;2.54;29,700;3,810;450;33,960;86,258.40
209019502;APÓSITO HIDROCOLOIDE (Estándar, Regular o Extra Absorbente)                (SE SOICITA CUADRADO/IMPERMEABLE 20CM X 20CM).;TRAMITE USUAL;4.98;0;0;0;0;0
209019503;APÓSITO HIDROCOLOIDE (FINO O EXTRA DELGADO)             (SE SOLICITA CUADRADO 10CM X 10CM);TRAMITE USUAL;1.65;66,320;0;20;66,340;109,461.00
209019504;APÓSITO HIDROCOLOIDE (Estándar, Regular o Extra Absorbente).  SE SOLICITA,  CUADRADO 15CM X 15CM;TRAMITE USUAL;3.8;40,570;780;0;41,350;157,130.00
209019507;APOSITO TRANSPARENTE ESTERIL. SE SOLICITA  CON VENTANA DE 8-10CM X 10-12.5CM;TRAMITE USUAL;0.19;204,000;0;0;204,000;38,760.00
209019508;APOSITO TRANSPARENTE ESTERIL. SE SOLICITA CON VENTANA TAMAÑO DE 5-6CM X 7-8CM;TRAMITE USUAL ;0.1;335,300;4,800;8,000;348,100;34,810.00
209019600;APOSITO OCULAR ADULTO ESTERIL;TRAMITE USUAL;0.07;80,300;37,600;500;118,400;8,288.00
209019900;INSTRUMENTO DE ENGRAPADO PARA CIERRE DE PIEL DESECHABLE ;TRAMITE USUAL;7.22;0;0;0;0;0
209019902;INSTRUMENTAL DE ENGRAPADO TORACO ABDOMINAL Y REGARGA, DESECHABLE (Se solicita carga de 60mm, 3.5mm de altura de grapa abierta y 1.5mm de altura de grapa cerrada. Y por cada dos (2) instrumentos con carga, debe entregar una recarga adicional) ;TRAMITE USUAL;121.64;180;0;0;180;21,895.20
209019903;INSTRUMENTO DE ENGRAPADO TORACO ABDOMINAL Y RECARGA DESECHABLE (Se solicita carga de 30mm, 3.5mm de altura de grapa abierta y 1.5mm de altura de grapa cerrada. Por cada dos (2) instrumentos con carga, debe entregar una recarga adicional) ;TRAMITE USUAL;123.7;0;0;48;48;5,937.60
209019904;INSTRUMENTO DE ENGRAPADO Y CORTE LINEAL PARA CIRUGÍA ABIERTA, DESECHABLE ;TRAMITE USUAL;120.54;0;0;0;0;0
209019905;INSTRUMENTAL DE ENGRAPADO TORACO ABDOMINAL Y RECARGA DESECHABLE (Se solicita instrumento recto, carga de longitud  de 90mm, altura de grapa abierta 3.5mm y altura de grapa cerrada 1.5mm. Por cada dos (2) instrumentos con carga, debe entregar una carga adicional) ;TRAMITE USUAL;187.85;0;24;0;24;4,508.40
209019906;INSTRUMENTO DE ENGRAPADO MECANICO CIRCULAR,DESECHABLE.   SE SOLICITA INSTRUMENTO CURVO CON GRAPA DE 29MM CON GRAPAS DE ALTURA MINIMA DE 4.8 MM ABIERTA O INDICADOR DE ESCALA DE COMPRENSION DE 2 MM CERRADA;TRAMITE USUAL ;400;0;0;20;20;8,000.00
209019907;ENGRAPADORA  CIRCULAR CORTANTE CON YUNQUE ARTICULABLE PARA ANASTOMOSIS DIGESTIVA (Se solicita de 31mm, con grapas de altura mínima de 4.8mm abierta);TRAMITE USUAL;425.45;0;0;0;0;0
209019910;INSTRUMENTO DE ENGRAPADO MECÁNICO PARA FIJAR  MALLAS EN  HERNIAS, DESECHABLE, CON 10 GRAPAS O MAS, DE TITANIUM  DE 4.8mm (Por cada instrumento con su carga, debe entregar una carga adicional) ;TRAMITE USUAL;123.26;0;0;0;0;0
209020000;"INSTRUMENTO DE ENGRAPADO Y CORTE LINEAL RECTA ENDOSCOPICA CON O SIN
REGARGA,DESECHABLE     (SE SOLICITA Estándar: vástago de 16cm o longitud total de 34cm, LONGITUD DE 60MM DE LARGO, ALTURA DE GRAPA ABIERTA 3.5 Y CERRADA 1.5MM)                                                                                                                                                                                                                                                                                                                                                                                         Instrumento de engrapado de corte lineal de 12mm de diámetro.
";TRAMITE USUAL;200;10;40;0;50;10,000.00
209020002;INSTRUMENTO DE ENGRAPADO Y CORTE LINEAL RECTA ENDOSCOPICA CON O SIN REGARGA,DESECHABLE (SE SOLICITA Estándar: vástago de 16cm o longitud total de 34cm, LONGITUD DE 60MM DE LARGO, ALTURA DE GRAPA ABIERTA 2.5 Y CERRADA 1.0MM)                                                                                                                                                                                                                                                                                                                                                                                        ;TRAMITE USUAL;230.91;0;0;0;0;0
209020600;INSTRUMENTO PARA LIGAR VASOS, DE TITANIUM, DESECHABLE (Se solicita tamaño chico);TRAMITE USUAL;56.77;0;288;6;294;16,690.38
209020700;ENGRAPADORA CURVA CORTANTE PARA TEJIDO GRUESO (CIRUGIA COLON RECTAL). Instrumento de engrapado quirúrgico curvo cortante , que permita un mejor acceso y visualizacion en la pelvis baja, dos dobles linea de grapas  y corte entre la segunda y tercera linea de grapas para cirugía colon rectal.;TRAMITE USUAL ;1,220.18;0;0;0;0;0
209020902;RECARGA DE CLIP DE POLÍMERO NO ABSORBIBLE    (SE SOLICITA DE 7MM A 16MM. LA EMPRESA ENTREGARÁ A LA UNIDAD LA PINZA PARA APLICAR EL MISMO);TRAMITE USUAL ;99.39;0;0;0;0;0
209021204;"BANDEJA PRE OPERATORIA PARA LAVADO DE PIEL. SE SOLICITA CON TENAZA Y DOS APLICADORES DE 3 PULGADAS CON PUNTA DE ALGODÓN
";TRAMITE USUAL;4.39;160;0;0;160;701.6
209021205;"BANDEJA DE ANESTESIA RAQUIDEA DESEHABLE CON MEDICAMENTO SE SOLICITA (CON INTRODUCTOR, AGUJA PUNTA DE LAPIZ/SPROTE 25G LARGO 136MM CON AGUJA 22G x 1 1/2"", Epinefrina 1:1000, ampolla de 1ml y efedrina sulfato 50mg/ml, ampolla de 1ml, y CON BUPIVACAINA PESADA).";TRAMITE USUAL;34;0;0;0;0;0
209021504;"BOLSA MIXTA TERMOSELLABLE PARA ESTERILIZAR, 12"" X 16"" A 18""(304.8 MM X 406.4MM A 457.2 MM)";TRAMITE USUAL;0.12;26,280;3,300;32,700;62,280;7,162.20
209021506;"BOLSA MIXTA TERMOSELLABLE PARA ESTERILIZACION 18"" X 24"" (450 X 600MM)";TRAMITE USUAL ;0.2;30,168;2,800;1,000;33,968;6,742.65
209021507;"ROLLO SIN FUELLE TERMOSELLABLE PARA ESTERILIZACIÓN, DE 3"" DE ANCHO X 660 PIES (7.5CM Ó 75MM X 200 Mts)";TRAMITE USUAL ;12.3;0;0;0;0;0
209021508;"ROLLO SIN FUELLE TERMOSELLABLE PARA ESTERILIZACION 4"" DE ANCHO x 660' (10cm Ó 100mm x 200mts)";TRAMITE USUAL ;14.54;0;0;60;60;872.1
209021510;"BOLSA MIXTA TERMOSELLABLE PARA ESTERILIZAR, 3"" X 10"" a 10 1/2"" (75 X 255 a 265MM) ";TRAMITE USUAL;0.04;0;0;0;0;0
209021515;"BOLSA MIXTA TERMOSELLABLE PARA ESTERILIZAR 5 1/4"" A 5 1/2´´ X 10 1/2"" A 11´´(130MM A 140MM X 260MM A 280MM). ";TRAMITE USUAL;0.05;0;0;0;0;0
209021516;"BOLSA MIXTA TERMOSELLABLE PARA ESTERILIZAR, 8"" X 12"" (200 X 300MM)";TRAMITE USUAL ;0.07;0;0;0;0;0
209021600;"BOLSA HIDROSOLUBLE SE SOLICITA TAMAÑO 28"" X 39""";TRAMITE USUAL;0.78;53,600;0;0;53,600;41,808.00
209021701;BOLSA DE 1 PIEZA PARA COLOSTOMÍA/ILEOSTOMÍA PARA ADULTO RECORTABLE. ABIERTA.  SE SOLICITA CON FILTRO DE CARBON INCORPORADO Y DIAMETRO DE 10mm o 12mm hasta 55mm;TRAMITE USUAL;2.63;524,880;11,880;4,800;541,560;1,424,302.80
209021702;BOLSA DE 1 PIEZA PARA COLOSTOMÍA/ILEOSTOMÍA PARA ADULTO RECORTABLE ABIERTA.                                                                                                                                       (SE SOLICITA CON FILTRO DE CARBON INCORPORADO Y DIAMETRO DE 10mm o 12mm hasta 70mm);TRAMITE USUAL;3.03;1,476,000;15,840;4,800;1,496,640;4,534,819.20
209021807;BOLSA DE 1 PIEZA PARA COLOSTOMIA / ILEOSTOMIA PEDIATRICA, ABIERTA (RECORTABLE).  SE SOLICITA DE 10MM A  35MM;TRAMITE USUAL ;3.71;6,600;3,000;360;9,960;36,901.80
209021908;SISTEMA DE DOS PIEZAS PARA UROSTOMÌA DE ADULTO CON DIÀMETRO EXTERNO. SE SOLICITA DE  DE 50MM;TRAMITE USUAL ;6.5;94,860;400;3,200;98,460;639,990.00
209022100;"BOLSA COLECTORA DE ORINA PARA ADULTO.
";TRAMITE USUAL;1.4;90,960;0;2,600;93,560;130,984.00
209022300;BOLSA COLECTORA DE ORINA DE 30 A 35 ONZA DE CAPACIDAD     (900CC A 1050CC) DE PIERNA . ;TRAMITE USUAL;0.55;35,904;0;2,592;38,496;21,172.80
209022305;BOLSA BIODEGRADABLE COLECTORA DE VOMITO.;TRAMITE USUAL ;1.5;864;0;288;1,152;1,728.00
209024800;CUBIERTA DE ZAPATO (Se solicita sin cinta);TRAMITE USUAL;0.05;0;0;0;0;0
209025901;BRAZALETE DE IDENTIFICACIÓN PEDIATRICA. SE SOLICITA: 8 PULGADAS DE LONGITUD;TRAMITE USUAL;0.04;1,980,000;58,800;800;2,039,600;74,445.40
209026003;BRAZALETE DE IDENTIFICACIÓN PARA ADULTOS.                (SE SOLICITA: 12 PULGADAS DE LONGITUD);TRAMITE USUAL ;0.04;6,863,200;44,400;3,200;6,910,800;255,699.60
209026600;"CALCETA TUBULAR. SE SOLICITA TAMAÑO :  3 "" X 25 YARDAS DE ALGODON";TRAMITE USUAL;8.33;0;1,730;0;1,730;14,410.90
209026601;MEDIA ANTIDESLIZANTE. SE SOLICITA MEDIANA  (LONGITUD: 35cms, ANCHO 8.5cm);TRAMITE USUAL;0.98;610,880;0;300;611,180;596,511.68
209026602;MEDIA ANTIDESLIZANTE                (SE SOLICITA GRANDE (Longitud: 40cms, ancho 9cm).;TRAMITE USUAL;0.99;785,264;0;300;785,564;780,850.62
209026700;" CALCETA TUBULAR. SE SOLICITA TAMAÑO: 4 "" X 25 YARDAS.  DE ALGODON";TRAMITE USUAL;10.06;2,704;120;162;2,986;30,052.51
209027200;"CANULA INTRAVENOSA SIN JERINGUILLA SE SOLICITA DE 18G  X  1  1/4""  A  1  1/2"" DE  POLIURETANO
";TRAMITE USUAL;0.16;0;0;0;0;0
209027401;"CANULA INTRAVENOSA SIN JERINGUILLA SE SOLICITA DE POLIURETANO  CALIBRE # 22 G X  DE 1"" A  1  1/4"" .
";TRAMITE USUAL;0.26;400;0;0;400;105.26
209027402;"CÁNULA INTRAVENOSA SIN JERINGUILLA  (SE SOLICITA DE POLIURETANO, CALIBRE # 24, DE 3/4"")";TRAMITE USUAL;0.18;0;0;0;0;0
209027618;CATETER DE HISTEROSONOGRAFIA, 5Fr O 7FR. SE SOLICITA TAMAÑO  5FR Y BALON DE 3CC;TRAMITE USUAL ;18.12;880;140;0;1,020;18,482.40
209028310;LIMPIEZA DE SUBCLAVIA CON CLOREXIDINA Y ALCOHOL .    (SE SOLICITA CON UN (1) APLICADOR);TRAMITE USUAL;3.89;0;0;0;0;0
209028600; SONDA FOLEY DE LATEX RECUBIERTA CON SILICON, 2 VIAS CON BALON DE 3CC/ML   SE SOLICITA CALIBRE 10FR;TRAMITE USUAL;0.64;2,300;0;20;2,320;1,487.12
209028700;SONDA FOLEY DE LATEX RECUBIERTA CON SILICON , 2 VÍAS CON BALÓN DE 5 CC/ML. SE  SOLICITA  CALIBRE 12FR;TRAMITE USUAL;0.53;2,200;0;160;2,360;1,248.44
209028701;SONDA FOLEY DE LATEX RECUBIERTA CON SILICON , 2 VÍAS CON BALÓN DE 5 CC/ML.   SE SOLICITA  CALIBRE 18FR;TRAMITE USUAL;0.51;7,100;1,840;700;9,640;4,916.40
209028702;SONDA FOLEY DE LATEX RECUBIERTA CON SILICON , 2 VÍAS CON BALÓN DE 5 CC/ML.  (SE SOLICITA CALIBRE 20FR);TRAMITE USUAL;0.49;39,840;3,550;2,180;45,570;22,283.73
209028703;SONDA FOLEY DE LATEX RECUBIERTA CON SILICON , 2 VÍAS CON BALÓN DE 5 CC/ML.     SE SOLICITA CALIBRE  22FR ;TRAMITE USUAL;0.49;36,920;0;1,170;38,090;18,664.10
209028800;SONDA FOLEY DE LATEX RECUBIERTA CON SILICON , 2 VÍAS CON BALÓN DE 5 CC/ML.     SE SOLICITA CALIBRE 14FR;TRAMITE USUAL ;0.44;35,560;60;1,200;36,820;16,200.80
209028801;SONDA FOLEY DE LATEX RECUBIERTA CON SILICON , 2 VÍAS CON BALÓN DE 5 CC/ML.  SE  SOLICITA  CALIBRE 16FR;TRAMITE USUAL ;0.56;46,260;0;0;46,260;26,021.25
209029810;SONDA FOLEY DE LATEX RECUBIERTA CON SILICÒN, 3 VÌAS CON BALÒN DE 30 CC.  SE SOLICITA CALIBRE 24FR;TRAMITE USUAL ;0.89;1,720;160;3,840;5,720;5,090.80
209029912;TROCAR PARA CIRUGIA LAPAROSCOPICA DE 2MM A 15MM DE DIAMETRO, PUNTA CORTANTE DESECHABLESE.  (SE  SOLICITA TROCAR COMPLETO DE 5MM DE DIAMETRO Y DOS CAMISAS ADICIONALES);TRAMITE USUAL;78.96;0;0;0;0;0
209029914;TROCAR PARA CIRUGIA LAPAROSCOPICA, DE 2 A 15 MM DE DIAMETRO, PUNTA CORTANTE, DESECHABLE.,                                                                                                          (SE SOLICITA TROCAR COMPLETO DE 12MM DE DIAMETRO Y DOS CAMISAS ADICIONALES) ;TRAMITE USUAL;71.08;0;0;0;0;0
209030001;JUEGO PARA ACCESO VENOSO PERIFÉRICO (CANALIZACIÓN);TRAMITE USUAL ;0.81;0;0;0;0;0
209030702;CERA DE HUESO. SE SOLICITA EN BASTÓN;TRAMITE USUAL;2.06;0;0;0;0;0
209030904;CINTA DE HILADILLO ESTERIL DE ALGODÓN TRENZADO;TRAMITE USUAL;2.75;0;0;0;0;0
209031000;"CINTA INDICADORA PARA ESTERILIZACION A VAPOR.  SE SOLICITA TAMAÑO  DE  1/2"" X 60 O MAS YARDAS.";TRAMITE USUAL;5.28;0;0;0;0;0
209031001;"CINTA INDICADORA PARA ESTERILIZACION A VAPOR. SE SOLICITATAMAÑO 3/4"" X 60 Ó MAS YARDAS.";TRAMITE USUAL;2.02;0;0;0;0;0
209031002;"CINTA INDICADORA PARA ESTERILIZACION A VAPOR                SE SOLICITA TAMAÑO  1"" X 60 O MAS YARDAS.";TRAMITE USUAL ;2.8;0;0;0;0;0
209031100;COBERTOR PARA SILLETA (PALETA);TRAMITE USUAL;0.4;28,000;0;0;28,000;11,200.00
209032201;PROTECTOR PLÁSTICO PARA EL OJO;TRAMITE USUAL;8;0;7,104;3,072;10,176;81,408.00
209032301;LAPIZ DE CAUTERIO, DESECHABLE CON CONTROL MANUAL DUAL.;TRAMITE USUAL ;4.36;0;4,000;0;4,000;17,433.00
209032601;GEL PARA ELECTRODOS. SE SOLICITA TUBO DE 140 GRAMOS;TRAMITE USUAL ;76.9;4,253;1,420;1,200;6,873;528,533.70
209032700;"PROTECTOR DE COLCHÓN, DESECHABLE, ABSORBENTE, DE ALGODON O DE POLIETILENO POR UN LADO, (SE SOLICITA TAMAÑO 58.4 cm x 91.4 cm  (23""x36"")  ";TRAMITE USUAL;0.21;0;0;0;0;0
209033101;VENDA AUTOADHERIBLE DE PLASTICO RECTANGULAR O LARGAS.        (CURITAS RECTANGULAR);TRAMITE USUAL;0.01;1,837,200;0;0;1,837,200;17,416.66
209033200;VENDA ADHESIVA DE PLÁSTICO REDONDA;TRAMITE USUAL;0.01;0;0;0;0;0
209033201;GRAPA PARA LIGAR CORDON UMBILICAL;TRAMITE USUAL;0.35;0;0;0;0;0
209033306;BATA DESECHABLE, PARA USO GENERAL NO ESTERIL .AAMI     NIVEL 3.  SE SOLICITA TAMAÑO MEDIANO;TRAMITE USUAL ;0.6;0;0;0;0;0
209033311;BATA QUIRURGICA ESTERIL .AAMI NIVEL 3. SE SOLICITA TAMAÑO MEDIANO;TRAMITE USUAL ;1.12;0;0;0;0;0
209033312;BATA QUIRURGICA ESTERIL .AAMI NIVEL 3. SE SOLICITA TAMAÑO GRANDE;TRAMITE USUAL;2.85;0;0;0;0;0
209033314;BATA QUIRURGICA ESTERIL .AAMI NIVEL 4. SE SOLICITA TAMAÑO MEDIANO;TRAMITE USUAL;1.18;0;0;0;0;0
209033315;BATA QUIRURGICA ESTERIL .AAMI NIVEL 4.    (SE SOLICITA TAMAÑO GRANDE).;TRAMITE USUAL ;1.39;0;0;0;0;0
209033316;BATA QUIRURGICA ESTERIL .AAMI NIVEL 4.  SE SOLICITA TAMAÑO EXTRA GRANDE;TRAMITE USUAL ;2.88;0;0;0;0;0
209033400;DEPRESOR DE LENGUA, ESTÉRIL  ;TRAMITE USUAL;0.02;0;36,000;0;36,000;792
209033600;DISECTOR CURVO    (MARYLAND)      PARA CIRUGIA LAPAROSCÓPICA.;TRAMITE USUAL;59.33;1,372;324;6;1,702;100,979.66
209034201;CONECTOR LIBRE DE AGUJA (ESPIGA UNIVERSAL) PARA SOLUCIONES PARENTERALES, UNIDIRECCIONAL O BIDIRECCIONAL.                                                                                     SE SOLICITA: CON VÁLVULA ANTIRREFLUJO UNIDIRECCIONAL;TRAMITE USUAL ;2.21;238,800;3,640;3,200;245,640;542,864.40
209034510;ELECTRODO DE MICROPORE PARA MONITOREO DE ADULTO                                                                                                    ;TRAMITE USUAL;0.07;0;0;0;0;0
209034512;ELECTRODO PARA  EKG MODELO PESTAÑA.                          SE SOLICITA: TAMAÑO NIÑO (PEDIATRICO);TRAMITE USUAL;0.06;0;0;0;0;0
209034700;"APOSITO ABDOMINAL 8"" X 10"" y 10"" x 12"" DE LONGITUD.  SE SOLICITA TAMAÑO: 8"" X 10"" DE LONGITUD. ";TRAMITE USUAL ;0.48;0;0;0;0;0
209034901;"ESPONJA DESECHABLE CON JABON NEUTRO. SE SOLICITA: TAMAÑO 20CM X 10CM X 1.0CM    
";TRAMITE USUAL;0.3;124,800;0;9,600;134,400;40,320.00
209035001;"TOALLA SANITARIA MATERNAL; TOALLA SANITARIA TIPO PERINEAL,     (SE SOLICITA EXTRA GRANDE DE 11 A 12 PULGADAS. NO ESTERIL)";TRAMITE USUAL;0.1;0;0;0;0;0
209035201;"CINTA ADHESIVA DE TELA DE ALGODON (ESPARADRAPO).  SE SOLICITA TAMAÑO DE 2"" X 10 Yds";TRAMITE USUAL;2.89;41,920;0;3,972;45,892;132,581.99
209035202;"CINTA ADHESIVA DE TELA DE ALGODON (ESPARADRAPO)  (SE SOLICITA TAMAÑO DE 3"" X 10 Yds).";TRAMITE USUAL;4.78;17,840;1,904;6,480;26,224;125,219.60
209035203;"CINTA  ADHESIVA DE PLASTICO TRANSPARENTE. SE SOLICITA DE 2.5CM X 910CM                                                                                                                                                                                                                                 CINTA ADHESIVA DE PLASTICO TRANSPARENTE, HIPOALERGENICO, RESISTENTE A LA HUMEDAD (IMPERMEABLE),
TAMAÑO DE 1/2´´ A 3´´POR 10 YARDA O MAS DE LONGITUD.
LA INSTITUCION SOLICITARA EL TAMAÑO QUE REQUIERA.";TRAMITE USUAL ;0.42;2,956;18,000;4,440;25,396;10,666.32
209035300;CINTA ADHESIVA DE TELA DE ALGODON (ESPARADRAPO) DE CORTE SURTIDO;TRAMITE USUAL ;16.38;30,624;600;900;32,124;526,191.12
209035400;"CINTA ADHESIVA DE PAPEL MICROPOROSO. (SE SOLICITA DE 2"" X 10 Yads).                                                                                                                                                                                                                                  
";TRAMITE USUAL ;0.81;312;0;1,020;1,332;1,078.92
209035401;"CINTA ADHESIVA DE PAPEL MICROPOROSO. (SE SOLICITA DE 3"" X 10 Yads)                                                                                                                                                                                                                                                                      ";TRAMITE USUAL;1.95;2,322;612;0;2,934;5,721.30
209036301;CONECTOR O EQUIPO PARA INFUSIÓN DE SOLUCIÓN PARENTERAL, CON DOS FILTRO .;TRAMITE USUAL;0.17;17,163,596;0;0;17,163,596;2,917,811.32
209036501;"GASA SIMPLE  TAMAÑO 3"" X 3"",12 DOBLECES NO ESTERIL.";TRAMITE USUAL ;0.01;5,156,800;27,200;56,000;5,240,000;52,400.00
209036503;"GASA SIMPLE 4"" X 4"" CON 16 DOBLECES, NO ESTERIL.";TRAMITE USUAL ;0.05;0;0;0;0;0
209036505;"GASA SIMPLE 8"" X 4"" CON 12 DOBLECES, NO ESTÉRIL.   ";TRAMITE USUAL;0.07;0;0;0;0;0
209037800;GUANTES DE EXPLORACIÓN DE LÁTEX, NO ESTÉRIL (SE SOLICITA TAMAÑO CHICO).;TRAMITE USUAL;0.05;0;0;0;0;0
209037801;GUANTES DE EXPLORACIÓN DE LÁTEX, NO ESTÉRIL (SE SOLICITA TAMAÑO MEDIANO). ;TRAMITE USUAL ;0.05;1,301,000;0;0;1,301,000;65,050.00
209037802;GUANTES DE EXPLORACIÓN DE LÁTEX, NO ESTÉRIL (Se solicita tamaño grande) ;TRAMITE USUAL ;0.09;0;0;0;0;0
209037900;"GUANTE QUIRURGICO DE LATEX ESTERIL.  SE SOLICITA TAMAÑO 6  1/2""  ";TRAMITE USUAL;0.1;0;0;0;0;0
209037901;"GUANTES QUIRURGICO DE LATEX ESTERI (SE SOLICITA TAMAÑO 7 "").";TRAMITE USUAL;0.25;0;0;0;0;0
209037902;"GUANTES QUIRURGICO DE LATEX ESTERIL   (SE SOLICITA TAMAÑO 7 1/2"")";TRAMITE USUAL;0.16;0;0;0;0;0
209037903;"GUANTES QUIRURGICO DE LATEX ESTERIL  (SE SOLICITA TAMAÑO 8"").";TRAMITE USUAL;1.03;0;0;0;0;0
209038100;"ALGODON COMPRIMIDO 100% (SE SOLICITA  3"" x 4 YARDAS)
";TRAMITE USUAL;0.73;15,480;0;360;15,840;11,563.20
209038101;"VENDAJE DE 100% DE ALGODÓN COMPRIMIDO, NO ESTÉRIL (Se solicita tamaño 4""x 4) ";TRAMITE USUAL ;0.5;59,160;0;1,128;60,288;30,144.00
209038102;"ALGODON COMPRIMIDO 100% - 6"" x 4 YARDAS  (SE SOLICITA TAMAÑO 6 x 4"")";TRAMITE USUAL ;1.06;0;0;0;0;0
209038200;HOJA, BISTURÍ, ACERO INOXIDABLE Nº10;TRAMITE USUAL;0.1;13,100;25,600;17,200;55,900;5,590.00
209038201;HOJA DE BISTURÍ  DE ACERO INOXIDABLE (SE SOLICITA TAMAÑO N° 11);TRAMITE USUAL;0.07;0;4,000;0;4,000;280
209038203;HOJA DE BISTURÍ  DE ACERO INOXIDABLE (SE SOLICITA TAMAÑO N° 15);TRAMITE USUAL;0.07;0;0;0;0;0
209038204;HOJA DE BISTURÍ  DE ACERO INOXIDABLE (SE SOLICITA TANAÑO N° 23) ;TRAMITE USUAL ;1.08;0;0;0;0;0
209038206;CUCHILLETE ESPATULADO ESTILO CRESCENT ;TRAMITE USUAL;15;810;0;120;930;13,950.00
209038207;CUCHILLA PARA FACOEMULSIFICACIÓN (Se solicita de 2.65mm);TRAMITE USUAL;15.23;6,106;0;0;6,106;92,963.85
209038208;CUCHILLA PARA FACOEMULSIFICACIÓN.                             (SE SOLICITA TAMAÑO  3.2MM);TRAMITE USUAL ;10.5;0;0;0;0;0
209039500;JERINGUILLA 2 ONZ. ( 60ML);TRAMITE USUAL ;0.8;1,850;1,350;1,800;5,000;4,000.00
209039800;JERINGUILLA DE 2-3 ML DE CAPACIDAD CON AGUJA DE 21 G X 1½ PULGADAS.;TRAMITE USUAL;0.02;0;0;0;0;0
209039900;JERINGUILLA DE 5 -6 ML,     (SE SOLICITA CON AGUJA 21 G X 1½ PULGADAS);TRAMITE USUAL;0.02;2,023,000;856,000;877,200;3,756,200;81,847.60
209040100;AGUJA METALICA CON PISTOLA AUTOMATICA PARA TOMA DE BIOPSIA.  (SE SOLICITA EL TAMAÑO 18G  X 10 A 25CM.);TRAMITE USUAL;31.9;640;0;0;640;20,416.00
209040200;JERINGUILLA DE 10 -12 ML, CON AGUJA DE 21 G X 1½ PULGADAS.;TRAMITE USUAL;0.03;2,096,800;194,400;166,800;2,458,000;79,295.08
209040500;CANULA PARA IRRIGACION, CAUTERIO Y SUCCION ENDOSCOPICA DE GANCHO DE 5MM.;TRAMITE USUAL ;54.98;1,560;0;0;1,560;85,762.56
209040600;SISTEMA CERRADO PARA DRENAJE DE FLUIDOS CONTINUOS REDONDO.  SE SOLICITA DE 10mm CON RESERVORIO DE 100CC;TRAMITE USUAL;9.44;0;0;0;0;0
209040601;SISTEMA CERRADO PARA DRENAJE DE FLUIDOS CONTINUOS REDONDO.              (SE SOLICITARA DE 7mm CON RESERVORIO DE 100CC);TRAMITE USUAL;3.93;0;0;0;0;0
209040900;JERINGUILLA 20-25 ML,       (SE SOLICITA PUNTA DE ROSCA SIN AGUJA);TRAMITE USUAL ;0.04;6,686,520;91,000;108,800;6,886,320;304,926.25
209041200;JERINGUILLA 50-60ML. SE SOLICITA  50ml, PUNTA ROSCA S/AGUJA;TRAMITE USUAL;0.21;1,195,600;13,200;11,800;1,220,600;250,223.00
209041900;"JERINGUILLA DE TUBERCULINA CON AGUJA 25 G X 5/8"".";TRAMITE USUAL;0.02;109,600;110,400;6,400;226,400;4,781.57
209041901;"JERINGUILLA DE TUBERCULINA     (SE SOLICITA CON AGUJA 26 G X 3/8"")";TRAMITE USUAL;0.02;1,975,200;32,400;16,800;2,024,400;42,755.33
209042805;ROPA DESECHABLE PARA CIRUGIA ARTROSCOPICA;TRAMITE USUAL;25.33;0;0;0;0;0
209043101;MASCARA DE TIENDA PARA OXIGENO DE ADULTO CON TUBO CORRUGADO;TRAMITE USUAL;1.58;6,800;1,400;150;8,350;13,193.00
209043200;RESPIRADORES CONTRA PARTICULAS DE ALTA FILTRACION N95 CON O SIN VALVULA DE EXALACION.        (SE SOLICITA TAMAÑO GRANDE , SIN VALVULA DE EXALACION).;TRAMITE USUAL;0.92;0;0;0;0;0
209044100;LLAVE DE TRES VIAS CON DOS (2) CONECTORES,ESTÉRIL.;TRAMITE USUAL ;0.38;435,200;400;9,600;445,200;166,950.00
209044300;"MALLA PARA REFORZAR PLANOS ANATOMICOS  SE SOLICITA DE 7.5 CM X 12.5CM                                                                                                                                                                                                                                                                                                                                        Para reparación tisular convencional y laparoscópica.
Especificaciones: 
1. Estéril.
2. Polipropileno monofilamentoso no absorbible.
3. Flexible.
4. Bordes lisos redondeados.
5. Autoexpandible.
6. Tamaños:
• 7.5cm a 30.4cm (3” a 12”) x 7.5cm a 35.5cm (3” a 14”).";TRAMITE USUAL;14.11;0;0;0;0;0
209044400;MALLA PARA REFORZAR PLANOS ANATOMICOS. SE SOLICITA TAMAÑO DE 15 CM X 15CM;TRAMITE USUAL;19.6;0;100;0;100;1,960.00
209044401;"MALLA PARA REFORZAR PLANOS ANATOMICOS, 3"" A 10"" (7.5 A 25.4CM.) X 5"" A 14"" ( 12.5CM  A 35CM),  (SOLICITAMOS  22.9CM X 35CM.)";TRAMITE USUAL;65.67;360;0;0;360;23,641.20
209045000;MASCARILLA RECTANGULAR CON VISOR  (SE SOLICITA CON VISOR PARA ADULTO);TRAMITE USUAL ;0.16;1,993,832;22,000;3,000;2,018,832;320,388.64
209045100;MASCARILLA PARA OXIGENO DE MEDIA CONCENTRACION  SE SOLICITA TAMAÑO ADULTO ALARGADA SIN RESVORIO                                                                                                                                                                                                                                                              ;TRAMITE USUAL ;1.66;0;0;0;0;0
209045200;MASCARILLA RECTANGULAR DESECHABLE CUATRO TIRAS , CON O SIN VISOR.                      (SE SOLICITA  SIN VISOR TAMAÑO ADULTO);TRAMITE USUAL ;0.5;0;0;0;0;0
209045301;"CONECTOR PARA ADMINISTRACION DE SOLUCION INTRAVENOSA CON BURETA (MICROGOTERO) (SE SOLICITA SITIO DE INYECCION CON MENBRANA  Y SITIO EN""Y""  LIBRE DE AGUJA) (SOLICITAMOS LIBRE DE AGUJA.)
";TRAMITE USUAL;1.28;0;0;0;0;0
209045304;MICRONEBULIZADOR CON MASCARA           (SE SOLICITA TAMAÑO PEDIÁTRICO);TRAMITE USUAL;0.4;31,120;12,400;8,400;51,920;20,957.51
209045306;MICRONEBULIZADOR CON MASCARA.          (SE SOLICITA TAMAÑO ADULTO);TRAMITE USUAL ;0.41;60,000;6,200;13,900;80,100;33,197.45
209045502;ALGODÓN EN MOTAS (Se solicita mota de 0.7gr) ;TRAMITE USUAL;0.01;64,800;5,800;5,700;76,300;381.5
209046111;"PAÑAL DESECHABLE PARA RECIEN NACIDO HASTA 5 LIBRAS (2.27Kg)                                                                                                                                                                                                                                                         
";TRAMITE USUAL;0.22;30,816,000;360,000;996,000;32,172,000;6,916,980.00
209046112;"PAÑAL DESECHABLE PARA ADULTO                 (SE SOLICITA TAMAÑO DE CINTURA 45"" A  58"" ( 114.3 CM A 147.32 CM)DE TELA NO TEJIDA)";TRAMITE USUAL;0.41;0;0;0;0;0
209046113;PAÑAL DESECHABLE PARA NIÑO.                                           (SE SOLICITA  PESO DE 6 LBS A 14 LBS);TRAMITE USUAL;0.25;0;0;0;0;0
209046114;PAÑAL DESECHABLE PARA NIÑO  SE SOLICITA PESO DE 12 A 24 LBS.                                                                                                                                                                                                                                                      ;TRAMITE USUAL;0.28;0;1,200;0;1,200;338.15
209046700;"PAPEL PARA ESTERILIZAR GRADO MÉDICO (MINIMO DE 60 GRAMOS POR METRO CUADRADO),                  (SE SOLICITA DE 8"" X 8"" (20 CMS X 20 CMS).";TRAMITE USUAL;0.03;0;0;0;0;0
209046701;"PAPEL PARA ESTERILIZAR GRADO MÉDICO (MINIMO DE 60 GRAMOS POR METRO CUADRADO) SE SOLICITA DE 12"" X  12"" (30 CMS X 30 CMS)";TRAMITE USUAL ;0.06;0;0;0;0;0
209046704;"PAPEL PARA ESTERILIZAR GRADO MÉDICO (MINIMO 60 GRAMOS POR METRO CUADRADO), SE SOLICITA DE 16"" X  16"" (40 CMS X 40 CMS)";TRAMITE USUAL;0.04;1,779,000;80,000;16,000;1,875,000;69,000.00
209046705;"PAPEL PARA ESTERILIZAR GRADO MÉDICO (MINIMO 60 GRAMOS POR METRO CUADRADO),  SE SOLICITA 18"" X 18"" (46 CMS. X 46 CMS.)";TRAMITE USUAL;0.08;0;0;0;0;0
209046707;"PAPEL PARA ESTERILIZAR GRADO MÉDICO (MINIMO DE 60 GRAMOS POR METRO CUADRADO),             (SE SOLICITA DE 24"" X 24"" 60 CMS. X 60 CMS.)";TRAMITE USUAL ;0.12;0;0;0;0;0
209046709;"PAPEL PARA ESTERILIZAR GRADO MÉDICO (MÍNIMO 60 GRAMOS POR METRO CUADRADO),  SOLICITAMOS 30"" X 30"" (75 CMS. 75 CMS).";TRAMITE USUAL ;0.12;0;0;0;0;0
209047500;PINZA DE AGARRE LAPAROSCOPICA CON DIENTE, 5MM DESECHABLE;TRAMITE USUAL;34.81;0;0;0;0;0
209047501;INSTRUMENTO PARA LIGAR VASOS DE TITANIUM, DESECHABLE  (SE SOLICITA TAMAÑO GRANDE);TRAMITE USUAL;82.14;0;0;0;0;0
209047502;INSTRUMENTO PARA LIGAR VASOS DE TITANIUM, DESECHABLE  (SE SOLICITA TAMAÑO MEDIANO);TRAMITE USUAL;60.89;0;216;80;296;18,023.44
209047600;PLACA PARA IMPRESIÓN PLANTAR;TRAMITE USUAL;1.15;0;0;0;0;0
209048600;SISTEMA CERRADO PARA DRENAJE DE FLUIDOS CONTINUOS. SE SOLICITA DE 19FR.(7MM), 1/4 Y DE SILICONA RESERVORIO 400CC A 450CC;TRAMITE USUAL;9.77;0;0;0;0;0
209048901; SISTEMA PARA ASPIRACION DE MUESTRA DE MUCOSIDADES (TRAMPA);TRAMITE USUAL;1.05;0;0;0;0;0
209049500;JUEGO DE BOLSA DESECHABLE PARA CADÁVER;TRAMITE USUAL;6.93;14,400;850;3,800;19,050;132,016.50
209049600;CONECTOR LIBRE DE AGUJAS PARA ACCESOS VASCULARES VENOSOS;TRAMITE USUAL;0.47;57,500;0;450;57,950;27,033.68
209049700;SET DESECHABLE PARA REMOVER PUNTOS DE SUTURAS. SE SOLICITA PINZA DE METAL;TRAMITE USUAL;0.53;0;0;0;0;0
209049704;SISTEMA DE CATÉTER URETERAL DOBLE J, PARA ADULTO.                    (SE SOLICITA DIAMETRO DE 6FR);TRAMITE USUAL;70.93;0;0;0;0;0
209049800;"BANDEJA PARA PREPARACIÓN Y RASURADO DE LA PIEL
DESECHABLE PARA LA PREPARACION Y RASURADO DE LA PIEL, COMPUESTO POR: 1- BANDEJA PLÀSTICA CON COMPARTIMIENTOS. 2- UNA MAQUINA DE RASURAR CON SU HOJA. 3- GASA 4"" X 4"". 4- CON SOLUCION JABONOSA DE BETHADINE. 5- DOS (2) APLICADORES DE 3"" CON PUNTA DE ALGODÒN. 6- DOS (2)TOALLAS PARA LA LIMPIEZA.BANDEJA PARA PREPARACION Y RASURADO DE LA PIEL.";TRAMITE USUAL ;1.29;0;0;0;0;0
209049802;RECIPIENTE PARA SUCCION  SE SOLICITA Con válvulas de cierre;TRAMITE USUAL;1.67;0;0;0;0;0
209049803;RECIPIENTE PARA SUCCION      SE SOLICITA Con válvulas de cierre -Capacidad De  2000 A 3000 cc DEBE ENTREGAR LOS EQUIPOS Y CONECTORES NECESARIOS PARA SU UTILIZACION, MINIMO 300 UNIDADES O SER COMPATIBLE CON EQUIPO EN LA INSTITUCION ADJUDICACION GLOBAL CON EL RENGLON 367;TRAMITE USUAL ;1.67;13,560;1,800;900;16,260;27,137.94
209050104;SISTEMA DE SUCCION E IRRIGACION LAPAROSCOPICA CON ESPATULA;TRAMITE USUAL ;54.97;4,644;0;0;4,644;255,266.75
209051000;SONDA LISA DE CAUCHO BLANDO ROJO PARA CATETERISMO URETRAL. SE SOLICITA TAMAÑO 8 FR;TRAMITE USUAL;0.4;17,864;0;10;17,874;7,092.40
209051001;SONDA LISA DE CAUCHO BLANDO ROJO PARA CATETERISMO URETRAL. (SE SOLICITA TAMAÑO 10 FR);TRAMITE USUAL;0.4;0;80;240;320;126.98
209051002;SONDA LISA DE CAUCHO BLANDO ROJO PARA CATETERISMO URETRAL. (SE SOLICITA TAMAÑO 12 FR);TRAMITE USUAL ;0.44;0;2,200;2,200;4,400;1,914.00
209051003;SONDA LISA DE CAUCHO BLANDO ROJO PARA CATETERISMO URETRAL. (SE SOLICITA TAMAÑO 14 FR);TRAMITE USUAL;0.39;9,080;0;640;9,720;3,763.58
209051004;SONDA LISA DE CAUCHO BLANDO ROJO PARA CATETERISMO URETRAL. SE SOLICITA  TAMAÑO 16FR;TRAMITE USUAL;0.64;15,200;1,600;6,320;23,120;14,681.20
209051005;SONDA LISA DE CAUCHO BLANDO ROJO PARA CATETERISMO URETRAL. (SE SOLICITA TAMAÑO 18 FR);TRAMITE USUAL;0.42;70,580;0;600;71,180;29,895.60
209051201;"CATETER DE SUCCION NASO-FARINGEA . SE SOLICITA, CALIBRE 8FR DE 35CM DE LONGITD, CON GRADUACION Y PRESENTACION LONGITUDINAL.
";TRAMITE USUAL;0.99;0;0;0;0;0
209051300;"CATETER DE SUCCION NASO-FARINGEA . SE SOLICITA, CALIBRE 10FR DE 45CM DE LONGITD, CON GRADUACION Y PRESENTACION LONGITUDINAL.

";TRAMITE USUAL;0.72;0;0;0;0;0
209051301;CATETER DE SUCCION NASO-FARINGEA. (SE SOICITA, CALIIBRE 12FR DE 45CM DE LONGITD, CON GRADUACION Y PRESENTACION LONGITUDINAL.);TRAMITE USUAL;0.45;0;0;0;0;0
209051302;"CATETER DE SUCCION NASO-FARINGEA . SE SOICITA, CALIIBRE 14FR DE 45CM DE LONGITD, CON GRADUACION Y PRESENTACION LONGITUDINAL.

";TRAMITE USUAL ;0.15;0;0;0;0;0
209051303;CATETER DE SUCCION NASO-FARINGEA. (SE SOLICITA, CALIBRE 16FR DE 45CM DE LONGITD, CON GRADUACION Y PRESENTACION LONGITUDINAL.);TRAMITE USUAL;0.59;0;0;0;0;0
209051304;"CATETER DE SUCCION NASO-FARINGEA SE SOLICITA CALIBRE 18Fr,45cm DE LONGITUD CON GRADUACION Y PRESENTACION LONGITUDINAL
";TRAMITE USUAL ;0.74;0;0;0;0;0
209051901;"MALLA HEMOSTATICA  (SE SOLICITA TIPO MALLA 2"" X 14"", 5CM X 35CM)                                                                                                                                                                                                                                                                                                                            ";TRAMITE USUAL;21.5;0;0;0;0;0
209051902;"MALLA HEMOSTATICA       SE SOLICITA  TIPO MALLA 4"" X 8"", 10CM X 20CM";TRAMITE USUAL ;31.94;0;48;0;48;1,533.12
209051903;MALLA HEMOSTATICA (SE SOLICITA TIPO TELA DE 7.6 CM X 10.2CM DE LARGO).;TRAMITE USUAL ;72.17;0;0;0;0;0
209051906;MALLA QUIRURGICA TRIDIMENSIONAL PARA REFORZAR PLANOS ANATOMICOS  SE SOLICITA  4.5CM X 7.5CM                                                                                                                                                                                                                      ;TRAMITE USUAL;194.12;0;0;0;0;0
209051907;MALLA QUIRURGICA TRIDIMENSIONAL PARA REFORZAR PLANOS ANATOMICOS  (SE SOLICITA 4.5CMS X 10CM  (BASE DE 10CMS TAMAÑO GRANDE)                                                                                                                                                                                                                      ;TRAMITE USUAL;206.11;0;0;0;0;0
209052001;MALLA EXPANDIBLE TUBULAR            (SE SOLICITA TAMAÑO 1);TRAMITE USUAL ;3.62;0;0;0;0;0
209052002; MALLA EXPANDIBLE TUBULAR. SE SOLICITA  TAMAÑO 2 CON CODIFICACIÓN DE COLORES. ;TRAMITE USUAL;3.13;0;362;120;482;1,508.66
209052004; MALLA EXPANDIBLE TUBULAR.  SE SOLICITA TAMAÑO 4;TRAMITE USUAL;4.28;60;270;70;400;1,712.72
209052005;MALLA EXPANDIBLE TUBULAR.           (SE SOLICITA TAMAÑO 5);TRAMITE USUAL;6.89;2,076;496;42;2,614;18,010.46
209052006; MALLA EXPANDIBLE TUBULAR.  SE SOLICITA TAMAÑO 6;TRAMITE USUAL;6.99;0;0;0;0;0
209052007;MALLA EXPANDIBLE TUBULAR.  SE SOLICITA TAMAÑO 7;TRAMITE USUAL;8.68;0;0;0;0;0
209052008;MALLA EXPANDIBLE TUBULAR.   (SE SOLICITA TAMAÑO 8 SIN CODIFICADOR DE COLORES);TRAMITE USUAL ;9.28;404;0;96;500;4,640.06
209052009;MALLA EXPANDIBLE TUBULAR. SE SOLICITA TAMAÑO 9 SIN CODIFICADOR DE COLORES.;TRAMITE USUAL;16.23;0;1,646;0;1,646;26,706.35
209052102;"FÉRULA CERVICAL PARA CUELLO DE DOS PIEZAS, TIPO PHILADELPHIA CIRCUNFERENCIA: PEQUEÑO DE 10"" A 13"". ALTURA: DE 2¼ A 3¼";TRAMITE USUAL;10.82;1,880;1,192;116;3,188;34,507.45
209052103;"FÉRULA CERVICAL PARA CUELLO DE DOS PIEZAS, TIPO PHILADELPHIA, CIRCUNFERENCIA: MEDIANO DE 13"" A 16"". ALTURA: DE 2¼ A 4¼";TRAMITE USUAL;11.3;328;0;0;328;3,706.40
209052104;"FÉRULA CERVICAL PARA CUELLO DE DOS PIEZAS, TIPO PHILADELPHIA (Se solicita circunferencia grande de  16"" a 19"", altura de 1½"" a 5¼"")                                                                                                   ";TRAMITE USUAL;14.11;0;688;0;688;9,707.68
209052502;TAPÓN ESTÉRIL HEPARINIZADO  PARA CIERRE TEMPORAL DE CÁNULA  INTRAVENOSA Y ADMINISTRACIÓN DE MEDICAMENTOS A INTERVALOS REGULARES, CON MEMBRANA RESISTENTE A MÚLTIPLES PUNCIONES. CON CONEXIÓN DE ROSCA (LUER LOCK).   ;TRAMITE USUAL;0.16;867;0;0;867;138.72
209052801;"TIJERA CURVA PARA CIRUGIA LAPAROSCÓPICA.   Utilizada para la ralización de procedimientos laparóscopicas
Especificaciones:
1. De 5 mm de diámetro. 
2. Vástago de 29 a 44cm de largo y debe rotar 360°.
3. Recubierto con plástico aislante contra quemaduras.
4. Con conexión de electrocauterio unipolar.
5. Eje de 31 mm. de largo.
6. Hoja cortante de 16mm. de largo cobertura máxima de 8 mm.
7. Estéril.
8. Desechable.";TRAMITE USUAL;34.22;0;0;0;0;0
209053500;TUBO UNIVERSAL DE PLASTICO.  SE SOLICITA DE 6 MM. (1/4 DE PULGADA) DE LONGITUD DE 30 MT. (100PIES);TRAMITE USUAL;9.93;2,800;0;0;2,800;27,790.00
209054600;"TUBO NASOGASTRICA TIPO LEVIN .SOLICITAMOS TAMAÑO 8 FR, LONG 120CM.
";TRAMITE USUAL ;1.12;784;8;196;988;1,101.62
209054601;"TUBO NASOGASTRICA TIPO LEVIN. SOLICITAMOS TAMAÑO 10FR, LONG 120CM
";TRAMITE USUAL;0.62;0;0;0;0;0
209054602;"TUBO NASOGASTRICA TIPO LEVIN. SOLICITAMOS TAMAÑO 12 FR, LONG 120CM
";TRAMITE USUAL;0.98;3,564;100;204;3,868;3,771.30
209054603;TUBO NASOGASTRICA TIPO LEVIN (SOLICITAMOS TAMAÑO 14FR, LONG 120CM);TRAMITE USUAL ;0.92;2,200;460;460;3,120;2,870.40
209054700;TUBO NASOGASTRICA TIPO LEVIN. SOLICITAMOS TAMAÑO 18 FR, LONG 120CM;TRAMITE USUAL;1.05;9,880;220;130;10,230;10,690.35
209054800;"TUBO NASOGÁSTRICO TIPO LEVIN (Se solicita de 16 FR, longitud 120cm)  
";TRAMITE USUAL ;0.96;15,000;336;75;15,411;14,717.51
209055601;TUBO ENDOTRAQUEAL CON BALON            (SE SOLICITA TAMAÑO DE 7MM);TRAMITE USUAL;0.51;12,495;420;150;13,065;6,702.35
209055602;TUBO ENDOTRAQUEAL CON BALON.      SE SOLICITA TAMAÑO DE 7.5MM;TRAMITE USUAL;0.51;110,500;2,000;800;113,300;58,122.90
209055603;TUBO ENDOTRAQUEAL CON BALON             (SE SOLICITA TAMAÑO DE 8MM);TRAMITE USUAL ;0.51;151,320;400;900;152,620;78,294.06
209055604;TUBO ENDOTRAQUEAL CON BALON.                                      (SE SOLICITA TAMAÑO DE 8.5MM);TRAMITE USUAL;0.51;120,300;200;900;121,400;62,278.20
209055901;CANÚLA DE TRAQUEOSTOMÍA. SE SOLICITA TAMAÑO N° 8;TRAMITE USUAL;46.25;0;840;0;840;38,850.00
209055904;CANÚLA DE TRAQUEOSTOMÍA.                      (SE SOLICITA TAMAÑO N° 6);TRAMITE USUAL;39.99;277;40;152;469;18,755.31
209056301;CÁNULA OROFARINGEA TIPO BERMAN (SE SOLICITA DE 90MM ADULTO).;TRAMITE USUAL ;232;136;272;6;414;96,048.00
209056302;CANULA OROFARINGEA TIPO BERMAN.  SE SOLICITA DE 100MM ADULTO;TRAMITE USUAL;0.25;36,800;100;100;37,000;9,250.00
209056400;"SONDA O TUBO PARA ALIMENTACIÓN ENTERAL DE 5 FR A 20FR (Se solicita calibre 5FR y 38cm de longitud) 
";TRAMITE USUAL;1.72;0;0;0;0;0
209056500;SONDA O TUBO PARA ALIMENTACION ENTERAL DE 5 FR A 20FR.        (SE SOLICITA CALIBRE 8 FR Y 38CM DE LONGITUD);TRAMITE USUAL ;0.55;0;0;0;0;0
209056700;"TUBOS DE DRENAJE TIPO PENROSE.    SE SOLICITA 1/4"" 6.35MM x 45.7 CM";TRAMITE USUAL;0.97;67,200;1,600;50;68,850;66,646.80
209056702;"TUBO DE DRENAJE TIPO PEMROSE. SE SOLICITA DE:  1/2"" (12.70MM)  X 12"" (30.5CM)  DE LONGITUD";TRAMITE USUAL;0.97;3,820;40;80;3,940;3,813.92
209056800;CANULA NASAL PARA ADMINISTRAR OXIGENO (SE SOLICITA TAMAÑO ADULTO);TRAMITE USUAL;0.86;140;0;20;160;136.8
209056801;CANULA NASAL PARA ADMINISTRAR OXIGENO. SE SOLICITA: TAMAÑO PEDIATRICO;TRAMITE USUAL ;0.18;0;0;0;0;0
209057600;VASO PLÁSTICO DESECHABLE  PARA MEDICAMENTO          (SE SOLICITA SIN TAPA);TRAMITE USUAL;0.01;7,076;0;223;7,299;72.99
209057702;"VENDA ABDOMINAL QUIRÚRGICA . SE SOLICITA  TAMAÑO 18 X 18"" PULGADAS.                                                                                                                                                                                                                          
Venda abdominal de gasa prelavada, Estéril De 8¨ a 18"" x 18""a 36¨ Malla de 20 a 24 x 28 hilos, Cuatro a seis(4-6) dobleces. Con elemento radio-opaco. LA INSTITUCION SOLICITARA EL TAMAÑO REQUERIDO.";TRAMITE USUAL;0.4;4,337,900;265,800;167,600;4,771,300;1,884,663.50
209057800;"VENDA AJUSTABLE DE GASA ABSORBENTE DE 1 A 2 DOBLECES (Se solicita de 1"") ";TRAMITE USUAL;0.16;0;0;800;800;128
209057801;"VENDA AJUSTABLE DE GASA ABSORBENTE DE 1 A 2 DOBLECES. SE SOLICITA TAMAÑO DE  2""";TRAMITE USUAL;0.08;0;0;0;0;0
209057802;"VENDA AJUSTABLE DE GASA ABSORBENTE DE 1 A 2 DOBLECES. SE  SOLICITA  TAMAÑO DE  3""";TRAMITE USUAL;0.12;0;0;0;0;0
209057803;"VENDA AJUSTABLE DE GASA ABSORBENTE DE 1 A 2 DOBLECES. SE  SOLICITA TAMAÑO DE  4""";TRAMITE USUAL;0.14;0;0;0;0;0
209058002;"VENDA DE GASA SIMPLE 1 A 4"" DE ANCHO                                                                                                                                                                                                              ";TRAMITE USUAL;0.24;0;0;0;0;0
209058003;"VENDA DE GASA SIMPLE  (Se solicita de 4"" de ancho y 10yds de longitud). ";TRAMITE USUAL;0.6;0;0;0;0;0
209058100;"VENDA ELASTICA  SE SOLICITA 2"" DE ANCHO X 5"" YARDAS DE LONGITUD                                                                                                                                                                                                                                                                            ";TRAMITE USUAL;0.65;1,152;48;720;1,920;1,238.40
209058101;"VENDA ELASTICA  SE SOLICITA 3"" DE ANCHO X 5"" YARDAS DE LONGITUD                                                                                                                                                                                                                                                                               ";TRAMITE USUAL ;0.26;0;0;0;0;0
209058102;"VENDA ELASTICA  SE SOLICITA 4"" DE ANCHO X 5"" YARDAS DE LONGITUD                                                                                                                                                                                                                                                                               ";TRAMITE USUAL;1.34;0;0;0;0;0
209058103;"VENDA ELASTICA  SE SOLICITA 6"" DE ANCHO X 5"" YARDAS DE LONGITUD                                                                                                                                                                                                                                                                               ";TRAMITE USUAL;0.69;0;0;0;0;0
209058300;"VENDA DE YESO     (SE SOLICITA DE FRAGUADO RÁPIDO DE 3"" X 3 YARDAS, DE MAXIMO DE 5 MINUTOS)";TRAMITE USUAL;1.11;0;0;0;0;0
209058301;"VENDA DE YESO . SE SOLICITA DE FRAGUADO RÁPIDO MAXIMO DE 5 MINUTOS DE 4"" X 3 YARDAS";TRAMITE USUAL;2.02;10,052;2,304;624;12,980;26,219.60
209058302;"VENDA DE YESO         SE SOLICITA DE FRAGUADO RÁPIDO MAXIMO DE 5 MINUTOS DE  4"" X 5 YARDAS";TRAMITE USUAL;2.42;0;240;36;276;667.92
209058303;"VENDA DE YESO  SE SOLICITA DE FRAGUADO RÁPIDO MAXIMO DE 5 MINUTOS DE 5"" X 5 YARDAS";TRAMITE USUAL;2.45;10,464;168;144;10,776;26,401.20
209058304;"VENDA DE YESO    SE SOLICITA DE FRAGUADO RÁPIDO MAXIMO DE 5 MINUTOS DE 6"" X 5 YARDAS";TRAMITE USUAL;2.85;0;10,272;0;10,272;29,275.20
209058306;"VENDA DE YESO   SE SOLICITA DE FRAGUADO RÁPIDO MAXIMO DE  5 MINUTOS DE  8"" X 5 YARDAS";TRAMITE USUAL;3.71;19,368;36;3,456;22,860;84,810.60
209058400;VENDA DE GASA ABSORBENTE AJUSTABLE,  6 DOBLECES;TRAMITE USUAL;0.39;3,456;1,948;576;5,980;2,326.22
209058900;SUTURA CATGUT CRÓMICO, CALIBRE 0, LONGITUD 67 A 75 CM.  AGUJA DE 35 A 37MM, DELGADA, ½ ÍIRCULO, PUNTA REDONDA. ;TRAMITE USUAL;1.14;0;0;0;0;0
209059200;SUTURA: CATGUT CRÓMICO, CALIBRE 1;TRAMITE USUAL;0.75;87,216;192;96;87,504;65,430.24
209059300;SUTURA: CATGUT CRÓMICO, (SE SOLICITA CALIBRE 1);TRAMITE USUAL;0.82;0;180;0;180;146.97
209059400;SUTURA: CATGUT CRÓMICO, CALIBRE 1, LONGITUD 75 CM,  AGUJA DE  37 MM, GRUESA, ½ CÍRCULO, PUNTA REDONDA GRUESA. ;TRAMITE USUAL;1.21;0;0;0;0;0
209059700;SUTURA: CATGUT CRÓMICO, CALIBRE 2-0;TRAMITE USUAL;1.4;0;0;0;0;0
209059800;SUTURA: CATGUT CRÓMICO CALIBRE  2-0,  SE SOLICITA DE LONGITUD DE 75 CM CON AGUJA DE 37 MM PUNTA REDONDA DELGADA;TRAMITE USUAL;0.95;0;0;0;0;0
209059901;SUTURA: CATGUT SIMPLE, CALIBRE 2-0, LONGITUD 67 A 75cm, AGUJA DE 20 A 22mm, ½ CÍRCULO, PUNTA REDONDA ESTÉRIL ;TRAMITE USUAL;1.39;6,480;0;144;6,624;9,207.36
209060000;SUTURA: CATGUT CRÓMICO, CALIBRE 3-0;TRAMITE USUAL;1.7;0;1,296;0;1,296;2,203.20
209060300;SUTURA: CATGUT CROMICO, CALIBRE 4-0;TRAMITE USUAL;0.73;0;0;0;0;0
209060500;SUTURA: CATGUT CRÓMICO, CALIBRE  5-0, LONGITUD 45 CM. AGUJA DE 12 o 13 MM., ? CÍRCULO, PUNTA CORTANTE ESTÉRIL. ;TRAMITE USUAL;1.12;456;0;0;456;510.72
209062502;SUTURA: POLIPROPILENO MONOFILAMENTO AZUL, CALIBRE 0;TRAMITE USUAL;0.87;11,904;72;480;12,456;10,889.16
209062504;SUTURA: POLIPROPILENO MONOFILAMENTO AZUL, CALIBRE 2-0, AGUJA REDONDA LONGITUD 75 A 90 CM. AGUJA DOBLE DE 25 A 26 MM., ½ CÍRCULO, PUNTA REDONDA ESTÉRIL. ;TRAMITE USUAL;1.18;0;0;0;0;0
209062506;SUTURA DE POLIPROPILENO MONOFILAMENTO AZUL,CALIBRE1;TRAMITE USUAL;0.93;0;336;480;816;760.12
209062602;SUTURA: NYLON MONOFILAMENTO, CALIBRE 3-0;TRAMITE USUAL;0.51;1,128;5,136;2,700;8,964;4,582.49
209062701;"SUTURA NYLON MONOFILAMENTO, CALIBRE 3-0
Con longitud 75 cm. con aguja de 24 mm., 3/8 circulo, punta cortantes reverso estéril.";TRAMITE USUAL ;0.47;0;0;0;0;0
209062704;SUTURA: NYLON MONOFILAMENTO, CALIBRE 4-0;TRAMITE USUAL;0.5;0;0;0;0;0
209062902;SUTURA: NYLON MONOFILAMENTO, CALIBRE 10-0, LONGITUD 30CM, DOBLE AGUJA DE ;TRAMITE USUAL;3.6;0;0;0;0;0
209063300;SUTURA: NYLON MONOFILAMENTO,          (SE SOLICITA CALIBRE 6-0);TRAMITE USUAL;1.25;0;0;0;0;0
209063306;SUTURA: NYLON MONOFILAMENTO, CALIBRE 5-0, LONGITUD 45 CM., AGUJA DE 19 MA 20 MM., ? CÍRCULO, PUNTA CORTANTE. ;TRAMITE USUAL;0.61;0;0;0;0;0
209063308;SUTURA: POLIPROPILENO MONOFILAMENTO, CALIBRE 7-0;TRAMITE USUAL ;2.65;0;0;0;0;0
209063313;SUTURA MONOFILAMENTO POLIDIOXANONA CALIBRE 4-0 Descripción del producto: Sutura Monofilamento de Polidioxanona recubierta de triclosan ,incolora,    (SE SOLICITA: calibre 4-0,longitud 45cm, aguja de 19mm,3/8 circulo,punta cortante.);TRAMITE USUAL;7.2;0;1,344;0;1,344;9,676.80
209063317;SUTURA MONOFILAMENTO POLIDIOXANONA  CALIBRE 1 SE SOLICITA CON AGUJA 36.4MM Y LONGITUD DE 70 CM                                                                                                                                                                                                                                                                                                                                                                                                                                                          ;TRAMITE USUAL ;17.78;0;0;0;0;0
209063318;"SOLUCION ADHESIVA TOPICA PARA LA SUTURA DE LA PIEL  (SE SOLICITA DE 0.5ML
ESTERIL DE USO UNICO, EN ENVASE BURBUJA CON PUNTA, APLICADOR, DE FORMULACION MONOMETRICA DE (2
OCTIL CIANOACRILATO) Y CON BARRERA MICROBIAL DE 0.25ML,0.50ML,0.75ML DE LIQUIDO ADHESIVO.)";TRAMITE USUAL;42.63;0;0;0;0;0
209063402;SUTURA: ÁCIDO POLIGLICÓLICO TRENZADO, CALIBRE  0, SE SOLICITA AGUJA DE 26 MM LONGITUD 75CM;TRAMITE USUAL;0.82;0;48;0;48;39.23
209063404;SUTURA: ACIDO POLIGLICOLICO TRENZADO, CALIBRE 0, LONGITUD 70 CM. AGUJA DE 37 MM. GRUESA 1/2 CIRCULO, PUNTA REDONDA ESTERIL. ;TRAMITE USUAL;0.9;0;0;0;0;0
209063406;SUTURA: ACIDO POLIGLICOLICO TRENZADO, CALIBRE 1,   SE SOLICITA AGUJA DE 35 MM. LONGITUD 70CM;TRAMITE USUAL ;1;4,752;0;0;4,752;4,754.42
209063500;SUTURA: ÁCIDO POLIGLICÓLICO TRENZADA, CALIBRE 2-0;TRAMITE USUAL;1.59;0;0;0;0;0
209063504;SUTURA: ÁCIDO POLIGLICÓLICO TRENZADO, CALIBRE 1 LONGITUD 67 A 75 CM. AGUJA DE 35 A 37 MM., 1/2 CÍRCULO, PUNTA REDONDA GRUESA.                                                                                              SOLICITAMOS: AGUJA CALIBRE 36MM LONG 70CM ;TRAMITE USUAL;0.96;11,808;216;144;12,168;11,681.28
209063509;SUTURA ACIDO POLIGLICOLICO TRENZADO, CALIBRE 4-0, SE SOLICITA AGUJA 19MM, 3/8 CIRCULO PUNTA CORTANTE ESTERIL, LONGITUD 45CM;TRAMITE USUAL ;2.76;21,696;1,536;144;23,376;64,517.76
209063510;SUTURA: ACIDO POLIGLICÓLICO TRENZADO, CALIBRE 4-0;TRAMITE USUAL;0.87;0;0;0;0;0
209063513;SUTURA: ÁCIDO POLIGLICÓLICO TRENZADO, CALIBRE 3-0 ;TRAMITE USUAL;1.58;0;0;0;0;0
209063802;SUTURA ACIDO POLIGLICOLICO TRENZADO, (SE SOLICITA CALIBRE 6-0);TRAMITE USUAL;6.67;11,232;1,080;144;12,456;83,081.52
209064000;SUTURA: SEDA NEGRA TRENZADA SILICONIZADA CALIBRE 0;TRAMITE USUAL;0.47;0;0;0;0;0
209064200;SUTURA: SEDA NEGRA TRENZADA SILICONIZADA CALIBRE 1.;TRAMITE USUAL ;0.47;0;0;0;0;0
209064201;SUTURA: SEDA NEGRA TRENZADA SILICONIZADA, CALIBRE 1,  SE SOLICITA   LONGITUD 75CM.,  10 HEBRAS;TRAMITE USUAL;1.59;0;0;0;0;0
209064400;SUTURA: SEDA NEGRA TRENZADA SILICÓN IZADA CALIBRE 2.0    SE SOLICITA LONGITUD 75CM, 10 HEBRAS;TRAMITE USUAL;0.91;0;0;0;0;0
209064500;SUTURA: SEDA NEGRA TRENZADA SILICONIZADA CALIBRE 2.0                  (SE SOLICITA DE LONGITUD 75CM);TRAMITE USUAL;0.81;0;0;0;0;0
209064600;SUTURA: SEDA NEGRA TRENZADA SILICÓNIZADA, CALIBRE 3-0;TRAMITE USUAL ;0.47;0;0;0;0;0
209064701;SUTURA: SEDA NEGRA TRENZADA SILICONIZADA, CALIBRE 3-0;TRAMITE USUAL;0.5;0;0;0;0;0
209064800;SUTURA: SEDA NEGRA TRENZADA SILICONIZADA CALIBRE 3.0   SE SOLICITA AGUJA DE 22 MM;TRAMITE USUAL;0.49;0;0;0;0;0
209065300;SUTURA: SEDA NEGRA TRENZADA SILICONIZADA, CALIBRE 4-0, LONGITUD 45cm, AGUJA DE 12 A 13mm, ? CÍRCULO, PUNTA CORTANTE, ESTÉRIL;TRAMITE USUAL;0.72;0;0;0;0;0
209065500;SUTURA: SEDA NEGRA TRENZADA  SILICONIZADA, CALIBRE 6-0. SE SOLICITA LONGITUD 45 CM.  AGUJA DE 11 A 12 MM., 3/8 CIRCULO, PUNTA CORTANTE;TRAMITE USUAL;1.63;0;0;0;0;0
209066101;SUTURA: POLIPROPILENO MONOFILAMENTO CALIBRE 3-0, DE LONGITUD 90CM, DOBLE AGUJA DE 25 - 26MM, 1/2 CÍRCULO PUNTA REDONDA ESTÉRIL;TRAMITE USUAL;1.36;3,168;576;432;4,176;5,678.61
209069700;PLANCHA DE CAUTERIO DESECHABLE;TRAMITE USUAL;3.29;8,832;192;288;9,312;30,589.92
209076301;APOSITO PROTECTOR, SE SOLICITA TAMAÑO 10CM X 10CM;TRAMITE USUAL;16.81;0;0;0;0;0
209076401;APOSITO DE ESPUMA, se solicita Tamaños con borde 15 CM X 20 CM;TRAMITE USUAL;38.7;18,000;0;0;18,000;696,600.00
209076501;APOSITO DE ESPUMA, se solicita Tamaños sin borde 12.5CM X 12.5CM;TRAMITE USUAL;26.5;5,000;0;0;5,000;132,500.00
209076601;APOSITO DE ESPUMA, se solicita Tamaños SIN BORDEN 20CM X 20CM;TRAMITE USUAL;47.8;3,600;0;0;3,600;172,080.00
209076701;CAPA POROSA O BIOMATRIZ, SE SOLICITA TAMAÑO 10 cm x 10 cm, con 420 agujeros de 1600 micrones.;TRAMITE USUAL;60;5,000;0;0;5,000;300,000.00
209077401;SOLUCIÓN PARA LAVADO, IRRIGACIÓN Y DESBRIDAMIENTO DE HERIDAS, se solicita Botella con tapa rosca 500ml;TRAMITE USUAL;25;7,190;0;450;7,640;191,000.00
209077501;SOLUCIÓN PARA LAVADO, IRRIGACIÓN Y DESBRIDAMIENTO DE HERIDAS, se solicita, Dispensador en aerosol con tapa atomizador 250 ml;TRAMITE USUAL;20.25;952;1,384;0;2,336;47,304.00
209077601;SOLUCIÓN PARA LAVADO, IRRIGACIÓN Y DESBRIDAMIENTO DE HERIDAS, se solicita tamaño en bolsas con puerto de irrigación de 1000 ml.;TRAMITE USUAL ;62.41;1,700;1,524;400;3,624;226,155.72
209077701;SOLUCIÓN PARA LAVADO, IRRIGACIÓN Y DESBRIDAMIENTO DE HERIDAS, SE SOLICITA EL TAMAÑO Compresa presaturada Empaque individual de gasa de 8 capas de 10 cm x 10 cm.;TRAMITE USUAL ;6.91;3,826;208;120;4,154;28,683.37
209077801;SOLUCIÓN PARA LAVADO, IRRIGACIÓN Y DESBRIDAMIENTO DE HERIDAS SE SOLICITA, Gel Dispensador en spray aerosol 100 g.;TRAMITE USUAL ;47.51;0;1,000;0;1,000;47,505.00
209091701;"ESPUMA DE POLIURETANO (PU) CON SISTEMA DE CONTROL DE CARGA DE TRANSPIRACIÓN CONTINUA, se solicita 4"" x 5"" (10.2 cm x 12.7 cm)";TRAMITE USUAL ;28.9;0;0;0;0;0
209091801;"ESPUMA DE POLIURETANO (PU) CON SISTEMA DE CONTROL DE CARGA DE TRANSPIRACIÓN CONTINUA, se solicita ""8x8""(20.3 cm x 20.3 cm)";TRAMITE USUAL;73.42;0;0;0;0;0
209091901;"ESPUMA DE POLIURETANO CON SISTEMA DE CONTROL DE CARGA IMPERMEABLE, se solicita ""4 x 5"" (10.2cm x 12.7 cm)";TRAMITE USUAL;27.8;0;0;0;0;0
209092001;"ESPUMA DE POLIURETANO CON SISTEMA DE CONTROL DE CARGA IMPERMEABLE, se solicita ""8x8""(20.3 cm x 20.3 cm)";TRAMITE USUAL;73.42;0;220;0;220;16,152.40
209092101;ESPUMA DE ALCOHOL POLIVINILICO CON SISTEMA DE CONTROL DE CARGA,    (SE SOLICITA ,EXUDADO MODERADO SIN PELÍCULA DE RETENCIÓN DE HUMEDAD 15.2 cm x 15.2 cm (6” x 6”).;TRAMITE USUAL;14.61;0;1,360;430;1,790;26,151.90
209092201;ESPUMA DE ALCOHOL POLIVINILICO CON SISTEMA DE CONTROL DE CARGA,      (SE SOLICITA PARA TUNELIZACION DE 9 mm (1.2g);TRAMITE USUAL;14.61;7,610;2,040;510;10,160;148,437.60
209092301;ESPUMA DE ALCOHOL POLIVINILICO CON SISTEMA DE CONTROL DE CARGA,     (SE SOLICITA, EXUDADO MODERADO SIN PELÍCULA DE RETENCIÓN DE HUMEDAD, TAMAÑO 10.2 cm x 10.2 cm (4” x 4”).;TRAMITE USUAL;56.21;2,100;3,600;510;6,210;349,064.10
209092401;"ESPUMA DE ALCOHOL POLIVINILICO CON SISTEMA DE CONTROL DE CARGA,    ( SE SOLICITA , EXUDADO ABUNDANTE SIN PELÍCULA DE RETENCIÓN DE HUMEDAD TAMAÑO De forma isla adherente de 10.2 cm x 12 cm (4"" x 4.75"") y espuma de 5 cm x 7 cm (2"" x 2.75"").";TRAMITE USUAL;34.98;2,010;2,400;0;4,410;154,261.80
209094100;CUCHILLA PARA PODADORA DE VELLOS Y CABELLOS CON SISTEMA OSCILANTE (Ofrecer Nueva Tecnologia) SE SOLICITAN UN MINIMO DE 100;TRAMITE USUAL;3.11;0;0;0;0;0
209100700;ESPECULO VAGINAL   SE SOLICITA TAMAÑO CHICO;TRAMITE USUAL ;0.22;52,300;800;1,500;54,600;12,121.20
209100701;ESPECULO VAGINAL    SE SOLICITA TAMAÑO MEDIANO;TRAMITE USUAL;1.24;0;0;0;0;0
209100702;ESPECULO VAGINAL    SE SOLICITA TAMAÑO GRANDE  ;TRAMITE USUAL;1.23;426,700;7,400;2,400;436,500;536,895.00
209111100;SUTURA ÁCIDO POLIGLICOLICO TENZADO            (SE SOLICITA CALIBRE 3-0).;TRAMITE USUAL;0.94;148,200;4,800;2,000;155,000;145,531.05
209111200;SUTURA DE ÁCIDO POLIGLICÓLICO CALIBRE 0 DE 60-75CM DE LONGITUD.;TRAMITE USUAL;1.74;74,568;0;288;74,856;130,018.13
209111300;MATRIZ EXTRACELULAR TRIDIMENSIONAL (SE SOLICITA 7 x 20CM, MALLA)   ;TRAMITE USUAL;263.14;0;0;0;0;0
209111600;MATRIZ DE CELULOSA OXIDADA REGENERADA Y COLÀGENO   SE SOLICITA TAMAÑO 123 CENTIMETROS CUADRADOS.                                                                                                                                                                                                                                                                      ;TRAMITE USUAL;47.87;0;0;0;0;0
209112500;INSTRUMENTO O PINZA CURVA PARA FUSION DE TEJIDOS PARA ELECTROCAUTERIO MULTIMODAL O BIPOLAR AVANZADO (CIRUGIA ABIERTA) DESECHABLE;TRAMITE USUAL;625;0;0;0;0;0
209112600;"PINZA LAPARASCOPICA DE 10 MM CON CORTE INCORPORADO PARA SELLADO DE VASOS SANGUINEOS MEDIANTE PRESION.                                                                                                                                                         
Pinza de 10 mm. para Ligadura y Sellado de Vasos Sanguíneos, con Corte Incorporado, Desechable, de 37 cm. de largo,
mandíbulas Rectas, Rotación 359 grados, con electrodo incorporado, ancho de 6 mm., largo de 22 mm., Superficie Lisa con
Protuberancias de cerámicas, con Dispersión térmica de 2 mm., activada por pedal.
Estéril.";TRAMITE USUAL;404.75;0;0;0;0;0
209112700;LAPIZ PARA ELECTROCAUTERIO MULTIMODAL (CORTE,DISECCION Y COAGULACION)                                                                                                                                                                                                                                                             ;TRAMITE USUAL;42.98;364;0;0;364;15,645.42
209112800;PINZA PARA FUSION DE TEJIDOS Y DISECCION MONOPOLAR DE 5MM LAPARASCOPICA PARA ELECTROCAUTERIO MULTIMODAL. (Se Solicita de 37 Long, mandibula curva). ;TRAMITE USUAL;846.54;0;0;0;0;0
209112900;PINZA LAPARASCOPICA DE 5 MM CON CORTE INCORPORADO PARA SELLADO DE VASOS SANGUINEOS MEDIANTE PRESION.                                                                                                                              ;TRAMITE USUAL;598.01;0;0;0;0;0
209113300;TROCAR PARA CIRUGIA LAPAROSCOPICA DE 2MM A 15MM DE DIAMETRO, PUNTA CORTANTE DESECHABLE CON PROTECCION ACTIVA Y REDUCTOR INCORPORADO;TRAMITE USUAL;64.62;288;12;0;300;19,386.00
209113400;INSTRUMENTO PARA PROLAPSO RECTAL Y HEMORROIDES;TRAMITE USUAL;199.5;5,104;264;6;5,374;1,072,113.00
209113500;TROCAR PARA CIRUGIA LAPAROSCOPICA  DE 5MM A 12MM DE DIAMETRO CON SISTEMA DE ANCLAJE (TIPO HASSAN O TÉCNICA ABIERTA) PUNTA ROMA DESECHABLE.                                             ;TRAMITE USUAL;68.35;296;36;0;332;22,690.54
209113600;"MALLA TRI-LAMINADA DELGADA.  (SE SOLICITA TAMAÑO 8"" X 12"" (20 X 30cm))";TRAMITE USUAL ;1,651.43;1,825;144;6;1,975;3,261,574.25
209113700;HEMOSTATICO ABSORVIBLE DE TEXTURA ALGODONOSA            (SE SOLICITA: TAMAÑO: 2.5 X 5CM);TRAMITE USUAL;110;0;0;0;0;0
209119500;SUTURA MONOFILAMENTO POLIDIOXANONA  CALIBRE 1  (SE SOLICITA AGUJA  70MM );TRAMITE USUAL;20;0;0;0;0;0
209119600;SUTURA MONOFILAMENTO SINTETICO ABSORBIBLE,                 (SE SOLICITA CALIBRE 5-0) .;TRAMITE USUAL;1.56;0;0;0;0;0
209119700;SUTURA: MONOFILAMENTO SINTETICO ABSORBIBLE, CALIBRE 4-0 ;TRAMITE USUAL;1.37;62,976;912;0;63,888;87,371.31
209119900;"CANULA DE ASPIRACION TIPO YANKEUER. SE SOLICITA TIPO RIGIDA DE ADULTO de 12"" y tuberia de 72"" o MAS";TRAMITE USUAL ;1.14;22,128;576;36;22,740;25,919.05
209125001;SISTEMA DE ENGRAPADO O LIGADURA, PARA CLIP DE POLIMERO NO ABSORBIBLE;TRAMITE USUAL;89.59;0;0;0;0;0
209155001;GUANTES QUIRÚRGICOS LIBRES DE LATEX Y POLVO, ESTÉRIL  SE SOLICITA TAMAÑO 6 1/2;TRAMITE USUAL ;1.31;0;0;0;0;0
209155101;GUANTES QUIRÚRGICOS LIBRES DE LATEX Y POLVO, ESTÉRIL                      (SE SOLICITA TAMAÑO 7);TRAMITE USUAL ;0.5;0;0;0;0;0
209155201;GUANTES QUIRÚRGICOS LIBRES DE LATEX Y POLVO, ESTÉRIL . SE SOLICITA TAMAÑO 7.5;TRAMITE USUAL;0.96;0;0;0;0;0
209158201;GLUCONATO DE CLORHEXIDINA AL 4% EN ESPUMA PARA ANTISEPSIA DE MANO.                                                                                                                                                            ( LA EMPRESA QUE SE LE ADJUDIQUE DEBE PROPORCIONAR ELSISTEMA DE DISPENSACION POR BOMBA DE PIE) ;TRAMITE USUAL;24.88;0;0;0;0;0
209158301;GUANTES DE NITRILO PARA EXAMEN SIN POLVO, NO ESTÉRIL.       (SE SOLICITA TAMAÑO MEDIANO);TRAMITE USUAL;7.46;0;0;0;0;0
209158401;GUANTES DE NITRILO PARA EXAMEN SIN POLVO, NO ESTÉRIL.     (SE SOLICITA TAMAÑO GRANDE);TRAMITE USUAL ;0.03;10,800;0;0;10,800;358.56
209160401;SOLUCION QUIRURGICA ANTISEPTICO PARA LA PIEL .  SE SOLICITA VOLUMEN DE 26ML;TRAMITE USUAL;11.31;8,000;0;0;8,000;90,480.00
209163501;SUTURA: POLIPROPILENO MONOFILAMENTO, CALIBRE 6-0  ( 1/2 de circulo);TRAMITE USUAL;4.46;5,500;2,300;200;8,000;35,680.00
209163901;INJERTO VASCULAR CONICO CON ANILLOS INTEGRADOS AL PTFE.                                                                                                                                                                                     (SE SOLICITA: CON HEPARINA BIOACTIVA, CAN ANILLO INTEGRAD, INJERTO VASCULAR CÓNICO Entre 4MM y 6MM ,Longitud 45CM).;TRAMITE USUAL;1,483.01;576;0;0;576;854,213.76
209168001;INJERTO VASCULAR CONICO CON ANILLOS INTEGRADOS AL PTFE.   SE SOLICITA:  CON HEPARINA BIOACTIVA, CAN ANILLO INTEGRAD, INJERTO VASCULAR CÓNICO ENTRE 4MM y  7MM , LONGITUD 45CM;TRAMITE USUAL;1,494.01;276;300;0;576;860,549.76
209170601;"ESPIROMETRO INCENTIVO PARA REALIZAR EJERCICIOS DE RESPIRACION PROFUNDA.
(DESECHABLE):";TRAMITE USUAL ;19.95;300;0;0;300;5,983.71
209171801;LENTE INTRAOCULAR PLEGABLE DE ACRILICO HIDROFOBICO DE +10.00 A +30.00 DIOPTRIAS.;TRAMITE USUAL;39.9;48,736;0;360;49,096;1,958,930.40
209175902;CEPILLO PARA LAVADO QUIRURGICO DESECHABLE CON CLOREXIDINA AL 4%,ESTERIL;TRAMITE USUAL;0.68;400;4;0;404;274.72
209193700;DELANTAL PROTECTOR DE FLUIDOS               (JUMSUIT) ;TRAMITE USUAL ;15.28;0;0;0;0;0
209196401;Cuchillete con Mango de 15º hasta 45º  (se solicita de 15°) Desechable, esteril, con hoja en forma de lanceta de una sola pieza de 3 a 5mm.;TRAMITE USUAL;6.88;486,800;3,200;7,200;497,200;3,420,736.00
209203101;GLUCONATO DE CLORHEXIDINA AL 2% EN ESPUMA PARA ANTISEPSIA DE MANO. ( LA EMPRESA QUE SE LE ADJUDIQUE DEBE PROPORCIONAR EL SISTEMA DE DISPENSACION POR BOMBA DE PIE)  ;TRAMITE USUAL;20.03;0;0;0;0;0
209214901;CANULA NASOFARINGEA DE 32 FR A 36 FR.                 (SE SOLOCITA TAMAÑ0 32FR) ;TRAMITE USUAL;3.69;8,000;0;0;8,000;29,548.80
209215001;CANULA NASOFARINGEA  DE 32 FR A 36 FR.                        (SE SOLOCITA TAMAÑ0 34FR);TRAMITE USUAL;3.69;10,800;400;0;11,200;41,289.92
209215101;CANULA NASOFARINGEA  DE 28 FR A 30 FR. SE SOLOCITA TAMAÑ0 30FR      ;TRAMITE USUAL;3.69;3,880;400;0;4,280;15,807.75
209215201;CANULA NASOFARINGEA  DE 28 FR A 30 FR. SE SOLOCITA TAMAÑ0 28FR   ;TRAMITE USUAL;3.65;0;840;0;840;3,069.36
209223001;"CAL SODADA SIN PRODUCCION DEL COMPUESTO A. SE SOLICITA BOLSA DE 1KG• Indicador de violeta de etilo <1%• Hidróxido de calcio de porcentaje de peso >75%.• En caso que contenga catalizador: Cloruro de litio de % de peso entre 0% y 3% ó Hidróxido de Sodio entre 0% y 2%
";TRAMITE USUAL;110.17;360;400;0;760;83,725.40
209235401;"GASA 2"" X 2"" X 16 DOBLECES, ESTÉRIL";TRAMITE USUAL;0.01;0;0;0;0;0
209235501;"GASA 2"" X 2"" X 16 DOBLECES CON ELEMENTO RADIOPACO, ESTERIL";TRAMITE USUAL;0.03;0;0;18,000;18,000;594
209235601;"GASA 3"" X 3"" X 16 DOBLECES, ESTERIL";TRAMITE USUAL;0.07;0;0;0;0;0
209235801;"GASA 8"" X 4"" X 16 DOBLECES, ESTÉRIL";TRAMITE USUAL ;0.07;0;0;0;0;0
209235901;"GASA 8"" X 4"" X 16 DOBLECES CON ELEMENTOS RADIOPACO, ESTÉRIL";TRAMITE USUAL;10.05;0;0;0;0;0
209236101;"GASA SIMPLE 4"" X 4"" X 16 ESTÉRIL";TRAMITE USUAL;0.03;32,400;0;2,500;34,900;1,192.18
209244001;"AGUJAS PARA LOCALIZACION Y BLOQUEO DE NERVIO PERIFERICO.                             (SE SOLICITA TAMAÑO 22Ga X 2"").";TRAMITE USUAL;11.8;0;0;0;0;0
209268501;"CIRCUITO DESECHABLE DE VENTILADOR INTEGRADO DE HUMIDIFICACIÓN PASIVA Y
FILTRACIÓN DE 72 HORAS DE USO";TRAMITE USUAL ;79;4,560;0;0;4,560;360,240.00
209269601;GUANTES DE NITRILO PARA EXAMEN SIN POLVO, NO ESTÉRIL. SE SOLICITA TAMAÑO CHICO;TRAMITE USUAL;0.03;19,100;520;120;19,740;655.37
209270001;"SET DE ROPA
";TRAMITE USUAL;12.34;0;0;0;0;0
209286501;"CINTURON SEGURIDAD PARA MARCHA DE ADULTO                    (SE SOLICITA TAMAÑO PEQUEÑA DE 34""-30"")";TRAMITE USUAL;82.72;68,136;0;560;68,696;5,682,763.94
209286601;"CINTURON SEGURIDAD PARA MARCHA ADULTO.  (SE SOLICITA MEDIANO 30""-44"")";TRAMITE USUAL;82.72;210;0;0;210;17,371.91
209286701;"CINTURON SEGURIDAD PARA MARCHA DE ADULTO.         (SE SOLICITA GRANDE 44""-60"")";TRAMITE USUAL;82.72;612;312;0;924;76,436.41
209292901;BOLSA PARA OBTENCIÓN DE MUESTRAS EN CIRUGÍA LAPAROSCÓPICA (Se solicita de 6.4cm x 15cm);TRAMITE USUAL ;78.34;416;152;0;568;44,497.12
209296301;TIJERA PARA CORTE Y LIGADURA DE CORDÓN UMBILICAL CON BISTURÍ. ;TRAMITE USUAL;183.75;0;0;0;0;0
209298301;SET DE ROPA DESECHABLE PARA CIRUGIA OFTALMOLOGICA;TRAMITE USUAL ;39.99;0;0;0;0;0
209313501;CUCHILLETE     (SE SOLICITA  2,2mm);TRAMITE USUAL;11.98;14,420;0;400;14,820;177,469.50
209321101;SISTEMA DE DRENAJE TORACICO DE TRES CAMARAS. SE SOLICITA DRENAJE CERRADO DE 1 TUBO;TRAMITE USUAL;26.7;0;0;720;720;19,224.00
209330401;RESPIRADORES CONTRA PARTICULAS DE ALTA FILTRACION N95 CON O SIN VALVULA DE EXALACION.                                                                                                   (SOLICITAMOS TAMAÑO MEDIANO ,SIN VALVULA DE EXALACION);TRAMITE USUAL;0.97;0;0;0;0;0
209332801;BANDEJA DE ANESTESIA EPIDURAL CONTINUA DESECHABLE CON MEDICAMENTO. SE SOLICITA AGUJA TUOHY/HUBER DE 17G X 88 a 90mm SIN ALAS;TRAMITE USUAL;30;0;0;0;0;0
209338801;"EMPAQUES O COMPRESA CALIENTE (SE SOLICITA CONTORNO PARA CUELLO 61X15 CM 24"" X 6"")";TRAMITE USUAL;36.64;200;20;800;1,020;37,373.70
209355401;"BOLSA MIXTA TERMOSELLABLE PARA ESTERILIZAR, 6"" X 12"" (150 X 300MM)";TRAMITE USUAL;0.11;400;0;0;400;44
209375401;JUEGO COMPLETO PARA CATETERIZACIÓN VESICAL CON SONDA FOLEY SE SOLICITA 16Fr DE SILICONA, CAPACIDAD DE BOLSA DE 2000cc, Solución para limpieza de Clorexidina acuosa al 1% CON Jeringuilla prellenada con agua bidestilada de  10cc CON UN PAR DE GUANTES DE NITRILO O VINILO;TRAMITE USUAL;15.91;1,102,100;0;12,000;1,114,100;17,725,331.00
209375601;JUEGO COMPLETO PARA CATETERIZACIÓN VESICAL CON SONDA FOLEY SE SOLICITA 18Fr DE SILICONA, CAPACIDAD DE BOLSA DE 2000cc, Solución para limpieza de Clorexidina acuosa al 1% CON Jeringuilla prellenada con agua bidestilada de  10cc CON UN PAR DE GUANTES DE NITRILO O VINILO;TRAMITE USUAL;13;40,455;4,120;0;44,575;579,475.00
209377501;GUANTES QUIRÚRGICOS LIBRES DE LATEX Y POLVO, ESTÉRIL  SE SOLICITA TAMAÑO 6;TRAMITE USUAL;0.96;36,876;960;120;37,956;36,513.67
209393201;APOSITO DE ESPUMA 3D CON PLATA IONICA SE SOLICITA APOSITO NO ADHESIVO TAMAÑO 10X 10CM ;TRAMITE USUAL;21;0;0;0;0;0
209416401;JUEGO COMPLETO PARA SUCCIÓN DE VÍAS RESPIRATORIAD, PEDIATRICO Y ADULTO. SE SOLICITA TAMAÑO 6FR;TRAMITE USUAL;1.37;46,950;870;0;47,820;65,513.40
209419501;DETERGENTE LIQUIDO CON ENZIMAS (SE SOLICITA DE 4 ENZIMA);TRAMITE USUAL;46.5;13,400;200;0;13,600;632,400.00
209419601;TORRE DE HISTEROSCOPIA DE FLUJO CONTINUO PARA GINECOLOGIA:   SE SOLICITA ACCESORIO  JUEGOS DE TUBOS DE SILICON REUSABLE;TRAMITE USUAL;55.36;10,454;0;0;10,454;578,733.44
209422201;"MULTICAPA DE TRIPLEACCION A BASE DE OCTENIDINA Y ACIDO HIALURONICO TAMAÑO: 10CM X 10CM (3.9"" X 3.9"")";TRAMITE USUAL;0.11;80;0;0;80;8.8
209423401;CATETER DE ARTERIA RADIAL PARA MONITORIZACION DE PRESION Y TOMA DE MUESTRAS SE SOLICITA CON ALETAS DE 3Fr Y 5cms DE LONGITUD DE POLIURETANO CON PUNTA RECTA;TRAMITE USUAL;77.5;0;800;0;800;62,000.00
209434101;TIJERA PARA BISTURI ARMONICO CON CONTROL MANUAL Y ALTA FRECUENCIA.  (SE SOLICITA VASTAGO DE 9CM);TRAMITE USUAL;1,005.00;4,696;0;50;4,746;4,769,730.00
209443301;GUANTES QUIRÚRGICOS DE LÁTEX, ESTÉRIL (Se solicita tamaño 6)   SE RECIBIRA POR LA 911                                                                                                                                                                                                                                                           ;TRAMITE USUAL;0.16;0;0;0;0;0
209454501;BOLSA INFUSORA A PRESION .SE SOLICITA BOLSA DE 1000cc DE CAPACIDAD;TRAMITE USUAL;21.6;0;0;0;0;0
209458401;MATRIZ EXTRACELULAR TEJIDO FIBROSO (Se solicita de 5 x 5cm) ;TRAMITE USUAL;70.07;0;420;0;420;29,429.40
209459201;SET DE ROPA PARA CITOSCOPÍA;TRAMITE USUAL;25.98;0;0;60;60;1,558.80
209462801;FERULAS SINTETICAS EN ROLLO SE SOLICITA DE 7.5CM X 4.6M;TRAMITE USUAL;112.06;43,696;432;2,256;46,384;5,197,791.04
209462901;FERULA SINTETICAS EN ROLLO SE SOLICITA DE 12.5CM X 4.6M;TRAMITE USUAL;163.88;824;26;24;874;143,231.12
209464201;FERULAS SINTETICAS EN ROLLO SE SOLICITA DE 5CM X 4.6M;TRAMITE USUAL;92.04;1,200;120;12;1,332;122,597.28
209464301;FERULAS SINTETICAS EN ROLLO SE SOLICITA DE 10CM X 4,6M;TRAMITE USUAL;134.26;332;468;0;800;107,408.00
209471301;JUEGO DE ROPA DESECHABLE PARA CAMA DE PACIENTE;TRAMITE USUAL;3.39;480;54;24;558;1,891.62
209472501;"VENDA DE YESO DE POLIESTER SE SOLICITA 5""X4 YARDAS. ";TRAMITE USUAL;7.78;174,900;1,000;900;176,800;1,375,504.00
209472601;BANDEJA PARA INSERCION DE SONDA VESICAL ;TRAMITE USUAL;1.9;54,156;0;0;54,156;102,896.40
209479001;BOLSA INFUSORA A PRESION. SE SOLICITA BOLSA DE 500cc DE CAPACIDAD;TRAMITE USUAL;21.6;1,840;0;0;1,840;39,744.00
209484301;BANDEJA PARA CATETERIZACION VENOSO CENTRAL DOBLE LUMEN NEONATAL.  SE SOLICITA 4FR X 5CM, DE POLIURETANO;TRAMITE USUAL;64.5;0;40;0;40;2,580.00
209484401;BANDEJA PARA CATETERIZACION VENOSO CENTRAL DOBLE LUMEN NEONATAL.  SE SOLICITA 4FR X 8CM, DE POLIURETANO;TRAMITE USUAL;64.5;0;0;0;0;0
209484701;BANDEJA PARA CATETERIZACION VENOSO CENTRAL TRIPLE LUMEN PEDIATRICA. SE SOLICITA MATERIAL DE CATETER CON POLIURETANO DIAMETRO 5 FR X 8CM DE LONGITUD.;TRAMITE USUAL;73.5;0;0;0;0;0
209484801;BANDEJA PARA CATETERIZACION VENOSO CENTRAL TRIPLE LUMEN PEDIATRICA.   SE SOLICITA MATERIAL DE CATETER CON POLIURETANO DIAMETRO 5FR X 12CM DE LONGITUD;TRAMITE USUAL;162;360;0;0;360;58,320.00
209485301;SUTURA: POLIPROPILENO MONOFILAMENTO, CALIBRE 5-0.(SE SOLICITA LONGITUD DE 75 CM) ;TRAMITE USUAL;3.97;440;0;0;440;1,746.80
209485401;PERILLA (BULBO) DE SUCCION - IRRIGACION DE 2 ONZAS ESTERIL;TRAMITE USUAL;0.66;27,584;576;0;28,160;18,444.80
209485501;GUANTES QUIRURGICO DE LATEX ESTERIL                                                               (SE SOLICITA TAMAÑO 8 1/2);TRAMITE USUAL;0.16;32,804;200;0;33,004;5,376.35
209485901;BANDAS ELÁSTICAS PARA FORTALECIMIENTO SE SOLICITA ULTRA SUAVE;TRAMITE USUAL;103.91;0;0;0;0;0
209486001;BANDAS ELÁSTICAS PARA FORTALECIMIENTO   (SE SOLICITA MEDIANA);TRAMITE USUAL;102.39;568;0;24;592;60,612.52
209486101;BANDAS ELÁSTICAS PARA FORTALECIMIENTO                     (SE SOLICITA FUERTE) ;TRAMITE USUAL;100;264;0;24;288;28,800.00
209486201;BANDAS ELÁSTICAS PARA FORTALECIMIENTO                       (SE SOLICITA -EXTRA FUERTE);TRAMITE USUAL;126.55;692;0;24;716;90,609.72
209486401;BANDAS ELÁSTICAS PARA FORTALECIMIENTO                     (SE SOLICITA -SUPER FUERTE);TRAMITE USUAL;100;228;0;60;288;28,800.00
209489901;"APOSITO ELECTROESTATICO LAMINADO DE CARBON ACTIVADO DE BAJA ADHERENCIA SE SOLICITA TAMAÑO: 20 CM X 10 CM (8"" X 4"")";TRAMITE USUAL;24;268;8;36;312;7,488.00
209493501;BANDAS ELÁSTICAS PARA FORTALECIMIENTO.                    (SE SOLICITA SUAVE);TRAMITE USUAL;103.91;900;1,780;0;2,680;278,489.68
209496501;"APOSITO ELECTROESTÁTICO DE TRIPLE ACCIÓN SE SOLICITA TAMAÑO: 10 CM X 10 CM (4"" X 4"")";TRAMITE USUAL;24;172;0;68;240;5,760.00
209518001;APÓSITO HIDROCOLOIDE (Estándar, Regular o Extra Absorbente).  SE SOLICITA  CUADRADO 10CM X 10CM;TRAMITE USUAL;2.98;12,000;0;0;12,000;35,700.00
209519101;RECIPIENTE DESECHABLE PARA SISTEMA DE DRENAJE TORÁCICO DIGITAL (Se solicita de 300cc polipropileno) ;TRAMITE USUAL;16.75;11,200;2,450;0;13,650;228,637.50
209521601;"AGUJAS PARA LOCALIZACION Y BLOQUEO DE NERVIO PERIFERICO.  SE SOLICITA TAMAÑO 22Ga X 3 1/4"" ";TRAMITE USUAL;11.8;0;0;0;0;0
209540801;HIALURONATO SÓDICO;TRAMITE USUAL;25.89;444;0;0;444;11,495.16
209541001;"FORRO PROTECTOR DE COLCHON SE SOLICITA TAMAÑO 38"" X 80""";TRAMITE USUAL;44.88;390;748;960;2,098;94,158.24
209542201;SUTURA: ACIDO POLIGLICÓLICO TRENZADO, CALIBRE 3-0, LONGITUD 67 A 75 CM.  AGUJA DE 15 A 17 MM., 1/2 CIRCULO, PUNTA REDONDA. SE SOLICITA LONGITUD DE 75CM Y AGUJA DE 15MM;TRAMITE USUAL;1.34;42,200;0;340;42,540;56,790.90
209546001;MASCARILLA RECTANGULAR DE 3 PLIEGUES CON SUJECION EN LAS OREJAS. ;TRAMITE USUAL;2;56,188;0;0;56,188;112,376.00
209546301;BATA DESECHABLE, PARA USO GENERAL NO ESTERIL .AAMI     NIVEL 3.  SE SOLICITA TAMAÑO REGULAR O UNIVERSAL (MEDIANO -GRANDE);TRAMITE USUAL;0.58;0;0;0;0;0
209546401;BATA DESECHABLE, PARA USO GENERAL NO ESTERIL .AAMI NIVEL 3.       (SE SOLICITA TAMAÑO GRANDE);TRAMITE USUAL;0.6;0;0;0;0;0
209559101;VENDAJE NEUROMUSCULAR. SE SOLICITA DE 5CM X 5MT;TRAMITE USUAL;99;0;0;0;0;0
209559201;MUÑEQUERA CON BARRA DE 6” U 8” DERECHA O IZQUIERA, CON CIERRE DE VELCRO    ( SE SOLICITA  TAMAÑO CHICO);TRAMITE USUAL;40.69;0;0;0;0;0
209559401;"INMOVILIZADOR DE RODILLA UNIVERSAL. SE SOLICITA TAMAÑO  16"" DE LONGITUD";TRAMITE USUAL;44.78;1,534;0;0;1,534;68,689.45
209559601;INMOVILIZADOR ELÁSTICO DE HOMBRO                           (SE SOLICITA TAMAÑO SMALL)    ;TRAMITE USUAL;44.65;0;0;0;0;0
209559701;"CALCETA TUBULAR.    SE SOLICITA  MEDIA TEJIDA DE ALGODÓN 2"" X 25 YARDAS DE LONGITUD";TRAMITE USUAL;12.11;1,012;0;0;1,012;12,250.26
209559801;MUÑEQUERA CON BARRA DE 6” U 8” DERECHA O IZQUIERA, CON CIERRE DE VELCRO  (SE SOLICITA  TAMAÑO MEDIANO);TRAMITE USUAL;40;840;0;0;840;33,600.00
209559901;MUÑEQUERA CON BARRA DE 6” U 8” DERECHA O IZQUIERA, CON CIERRE DE VELCRO               SE SOLICITA  TAMAÑO GRANDE ;TRAMITE USUAL;40.69;638;0;0;638;25,961.11
209560201;"INMOVILIZADOR DE RODILLA UNIVERSAL                                                SE SOLICITATAMAÑO 20"" DE LONGITUD";TRAMITE USUAL;44.54;816;0;0;816;36,344.64
209560301;"INMOVILIZADOR DE RODILLA UNIVERSAL   SE SOLICITA  Tamaños : 24"". de longitud";TRAMITE USUAL;40.52;592;0;0;592;23,987.84
209560401;INMOVILIZADOR ELÁSTICO DE HOMBRO SE SOLICITA TAMAÑO MEDIANO;TRAMITE USUAL;14.54;668;0;0;668;9,712.72
209560501;INMOVILIZADOR ELÁSTICO DE HOMBRO (SE SOLICITA TAMAÑO LARGO);TRAMITE USUAL;13.89;2,544;0;0;2,544;35,331.07
209564401;SUTURA POLIGLACTINA 910 RECUBIERTO DE POLIGLACTINA 370 Y TRICLOSAN (SUTURA ACTIVA).CALIBRE 1 .   (SE SOLICITA AGUJA 36.4MM Y LONGITUD DE 90CM)                                                                                                                                                                                                                 ;TRAMITE USUAL;5.36;1,148;0;0;1,148;6,153.28
209564501;SUTURA MONOFILAMENTO POLIDIOXANONA  CALIBRE 1                                                                                                                                                                                                                                                                                                                                                                                                                                                         DESCRIPCION: Recubierta de triclosan color violeta, longitud entre 70cm y 90cm, con aguja de 36.4mm, 40mm ó 48mm de 1/2 circulo, punta ahusada. (SE SOLICITA CALIBRE 1 CON AGUJA 40MM Y LONGITUD DE 90 CM);TRAMITE USUAL;18.37;0;0;0;0;0
209565201;BANDEJA PARA CATETERIZACION VENOSO CENTRAL TRIPLE LUMEN PEDIATRICA.    SE SOLICITA MATERIAL DE CATETER CON POLIURETANO DIAMETRO 5FR X 15CM DE LONGITUD.;TRAMITE USUAL;165;1,920;0;0;1,920;316,800.00
209566001;RECIPIENTE DESECHABLE PARA SISTEMA DE DRENAJE TORÁCICO DIGITAL (Se solicita recipiente de 2000, polipropileno) ;TRAMITE USUAL;135;1,200;0;0;1,200;162,000.00
209566101;TUBO PARA SISTEMA DE DRENAJE TORÁXICO DIGITAL CONEXIÓN SIMPLE SE SOLICITA 1.5 M;TRAMITE USUAL;27;544;0;0;544;14,688.00
209566801;AGUJA PARA LA LOCALIZACION DE LESIONES MAMARIAS . SOLICITA CALIBRE 20 G A Y 10 cm                                                                                                       ;TRAMITE USUAL;10.95;528;800;0;1,328;14,541.60
209585001;APÓSITO CON MATRIZ DE COLAGENO CON PLATA;TRAMITE USUAL;50;0;0;0;0;0
209590301;TIJERA PARA BISTURI ARMONICO CON CONTROL MANUAL Y ALTA FRECUENCIA.  SE SOLICITA VASTAGO DE 45CM;TRAMITE USUAL;881.49;0;4,450;0;4,450;3,922,630.50
209603601;RESPIRADORES CONTRA PARTICULAS DE ALTA FILTRACION N95 CON O SIN VALVULA DE EXALACION. SE SOLICITA TAMAÑO GRANDE, CON VALVULA DE EXALACIÓN ;TRAMITE USUAL;5.7;0;0;0;0;0
209611001;"EMPAQUES O COMPRESA CALIENTE                                       (SE SOLICITA TAMAÑO ESTÁNDAR DE 25CM X 30CM 10""X12"")";TRAMITE USUAL;37.64;0;0;0;0;0
209666301;ROPA DESECHABLE DE NEUROCIRUGÍA;TRAMITE USUAL;54.95;0;64;0;64;3,516.80
209726201;"FIJACION CUTANEO CON ADHESIVO DE SILICONA Y DOBLE PROTECCION ANTIMICROBIANA DE CLORHEXIDINA Y PLATA CON VENTANA SE SOLICITA TAMAÑO: 6cm x 7cm
";TRAMITE USUAL;18.5;4,036;640;333;5,009;92,666.50
209726301;"FIJACION CUTANEO CON ADHESIVO DE SILICONA Y DOBLE PROTECCION ANTIMICROBIANA DE CLORHEXIDINA Y PLATA CON VENTANA SE SOLICITA TAMAÑO: 10cm x 12cm
";TRAMITE USUAL;29.5;200;2,200;0;2,400;70,800.00
209770201;GORRO PARA VARON.;TRAMITE USUAL;0.03;4,600;1,700;0;6,300;206.01
209770301;GORRO PARA MUJERES.;TRAMITE USUAL;0.03;3,238,000;32,600;177,400;3,448,000;86,200.00
209817201;ROPA DESECHABLE PARA LAPARATOMIA;TRAMITE USUAL;18.62;0;0;0;0;0
209819201;MANGA DE COMPRESION NEUMATICA SECUENCIAL Y/O INTERMITENTE PARA  PANTORRILLA PARA LA PROFILAXIS DE LA TROMBOSIS VENOSA PROFUNDA. SE SOLICITA TAMAÑO GRANDE.;TRAMITE USUAL;33.1;31,784;1,224;936;33,944;1,123,546.40
209819301;MANGA DE COMPRESION NEUMATICA SECUENCIAL Y/O INTERMITENTE PARA  PANTORRILLA PARA LA PROFILAXIS DE LA TROMBOSIS VENOSA PROFUNDA.    SE SOLICITA TAMAÑO  MEDIANO;TRAMITE USUAL;33.25;20,816;0;80;20,896;694,792.00
209821001;SISTEMA INTEGRADO DE CIERRE DE PUERTOS (DUAL) PARA PROCEDIMIENTOS LAPAROSCÓPICOS;TRAMITE USUAL;201.34;32,760;0;80;32,840;6,612,005.60
209833001;JERINGUILLA DE 1cc (?-100) PARA INSULINA DE RETRACCION. SE SOLICITA 30G X 8MM;TRAMITE USUAL;0.38;0;0;0;0;0
209833101;JERINGUILLA DE 0.5cc (¦Ì-100) PARA INSULINA DE RETRACCION     (SE SOLICITA 30G X 8MM);TRAMITE USUAL;0.33;8,751,200;38,400;38,400;8,828,000;2,913,240.00
209833401;SET DE ROPA DESECHABLE PARA DILATACION Y CURETAJE;TRAMITE USUAL;20.42;1,022,400;361,600;20,800;1,404,800;28,686,016.00
209833501;FERULAS SINTETICAS EN ROLLO SE SOLICITA DE 15CM X 4.6M;TRAMITE USUAL;184.94;51,160;1,344;600;53,104;9,821,053.76
209833601;"CATETER INTRAVENOSO DE BIOSEGURIDAD   (SE SOLICITA CATETER DE POLIURETANO TAMAÑO 18G X 1 1/4"")";TRAMITE USUAL;0.87;744;80;0;824;716.88
209833701;"CATETER INTRAVENOSO DE BIOSEGURIDAD.  SE SOLICITA CATETER DE POLIURETANO TAMAÑO 20G X 1""  A 1 3/4""";TRAMITE USUAL;0.83;446,200;15,200;34,800;496,200;411,846.00
209833801;"CATETER INTRAVENOSO DE BIOSEGURIDAD SE SOLICITA CATETER DE POLIURETANO TAMAÑO 22G X 1 """;TRAMITE USUAL;1.07;1,000;50,000;29,600;80,600;85,839.00
209833901;CATETER INTRAVENOSO DE BIOSEGURIDAD 1. Catéter con sistema de seguridad de retracción automática al extraer la guía o aguja ;TRAMITE USUAL;0.83;404,600;39,200;0;443,800;368,354.00
209834001;CANULA NASOFARINGEA  DE 20 FR A  26 FR.  (SE SOLOCITA TAMAÑ0 26FR) ;TRAMITE USUAL;3.81;665,800;43,400;11,600;720,800;2,746,248.00
209834201;FILTRO DE C02 DESECHABLE SIN TUBERIA ;TRAMITE USUAL;10;13,080;0;0;13,080;130,800.00
209834501;SISTEMA DE DOS PIEZAS PARA COLOSTOMIA /ILEOSTOMIA PARA ADULTO ABIERTO.  (SE SOLICITO DIAMETRO EXTERNO DE 50MM);TRAMITE USUAL;4.55;0;0;0;0;0
209834601;SISTEMA DE DOS PIEZAS PARA COLOSTOMIA/ILEOSTONIA PARA ADULTO ABIERTA SE SOLICITA DIAMETRO EXTERNO 57MM A 60MM;TRAMITE USUAL;3.8;10,080;15,480;7,920;33,480;127,224.00
209834701;CANULA NASOFARINGEA  DE 32 FR A 36 FR.  (SE SOLOCITA TAMAÑ0 36FR)        ;TRAMITE USUAL;3.69;0;14,400;25,200;39,600;146,124.00
209834801;ENVASE PARA DESECHOS PUNZOCORTANTE SE SOLICITA TAMAÑO 7.6 LITROS;TRAMITE USUAL;5.18;7,900;0;0;7,900;40,882.50
209834901;ENVASE PARA DESECHOS PUNZOCORTANTE SE SOLICITA TAMAÑO 22.7 LITROS;TRAMITE USUAL;8.58;0;0;0;0;0
209835001;ENVASE PARA DESECHOS PUNZOCORTANTE SE SOLICITA TAMAÑO 1.4 LITROS;TRAMITE USUAL;3.9;0;0;0;0;0
209847501;GUANTES DE NITRILO CON PUÑO EXTENDIDO. SE (SOLICITA TAMAÑO EXTRA GRANDE);TRAMITE USUAL;165;4,860;0;870;5,730;945,450.00
209851201;COBERTOR CÁMARA DE VIDEO (Se solicita tamaño  17CM X 242CM);TRAMITE USUAL;2.77;0;0;0;0;0
209854501;LAMINA PROTECTORA DE SUPERFICIES AISLANTE DE FLUIDOS CONTAMINANTES.                           ;TRAMITE USUAL;18.5;5,520;3,600;60;9,180;169,830.00
209865701;APOSITO CON MATRIZ DE COLAGENO (Se solicita 4 pulgadas x 4 pulgadas (10cm x 10cm);TRAMITE USUAL;51.66;367,800;18,600;1,200;387,600;20,023,416.00
209868301;TERMOMETRO TIMPANICO DIGITAL   ( SE SOLICITA FUNDA O CUBERTOR DESECHABLE) ;TRAMITE USUAL;0.05;11,500;550;240;12,290;614.5
209870701;SOLUCIÓN DE GLUCONATO DE CLORHEXIDINA AL 2% Y ALCOHOL AL 70%, PARA LA ASEPSIA PRE QUIRÚRGICA DE LA PIEL Y PARA ACCESOS VASCULARES    SE SOLICITA TUBO APLICADOR CON ESPONJA DE 35ML  ENTINTADO;TRAMITE USUAL;9;22,160,000;140,000;112,000;22,412,000;201,708,000.00
209870801;CATETER DE SUCCION NASO-FARINGEA CALIBRE 14FR LONGITUD 60CM ;TRAMITE USUAL;0.25;375;700;0;1,075;268.75
209870901;CATETER DE SUCCION NASO-FARINGEA CALIBRE 16FR LONGITUD 60CM ;TRAMITE USUAL;0.25;0;0;0;0;0
209871001;CATETER DE SUCCION NASO-FARINGEA CALIBRE 18FR LONGITUD 60CM ;TRAMITE USUAL;0.25;0;0;0;0;0
209871201;TIJERA LAPAROSCÓPICA PARA BISTURI ARMINICO CON CONTROL MANUAL Y ALTA FRECUENCIA. SE SOLICITA VASTAGO DE 17 CM ;TRAMITE USUAL;1,090.00;0;0;0;0;0
209871301;"SISTEMA DE CATERIZACION VENOSA CENTRAL DE DOBLE O TRIPLE
LUMEN CON 2 ANTIBIOTICOS (MINOCICLINA Y RIFAMPICINA), NEONATAL
O PEDIÁTRICO  (SE SOLICITA DOBLE LUMEN 4FR X 5M, DE POLIURETANO)";TRAMITE USUAL;205;0;0;0;0;0
209871401;"SISTEMA DE CATERIZACION VENOSA CENTRAL DE DOBLE O TRIPLE
LUMEN CON 2 ANTIBIOTICOS (MINOCICLINA Y RIFAMPICINA), NEONATAL
O PEDIÁTRICO.                                                                        SE SOLICITA 5FR X 8CM, DE DOS LUMENS DE POLIURETANO";TRAMITE USUAL;205;0;0;0;0;0
209871501;SISTEMA DE CATERIZACION VENOSA CENTRAL DE DOBLE O TRIPLE LUMEN CON 2 ANTIBIOTICOS (MINOCICLINA Y RIFAMPICINA), NEONATAL O PEDIÁTRICO,  SE SOLICITA 5FR X 12CM, DE POLIURETANO DE DOS LUMEN.;TRAMITE USUAL;205;800;0;0;800;164,000.00
209871601;SISTEMA DE CATERIZACION VENOSA CENTRAL DE DOBLE O TRIPLE LUMEN CON 2 ANTIBIOTICOS (MINOCICLINA Y RIFAMPICINA), NEONATAL O PEDIÁTRICO.   SE SOLICITA DE TRES LUMENES 5FR X 12CM, DE POLIURETANO;TRAMITE USUAL;205;5,396;0;0;5,396;1,106,180.00
209871701;SISTEMA DE CATERIZACION VENOSA CENTRAL DE DOBLE O TRIPLE LUMEN CON 2 ANTIBIOTICOS (MINOCICLINA Y RIFAMPICINA), NEONATAL O PEDIÁTRICO                                                                                                                                  (SE SOLICITA 5FR X 15M, TRIPLE LUMEN DE POLIURETANO);TRAMITE USUAL;205;3,900;0;0;3,900;799,500.00
209871801;"SISTEMA DE CATERIZACION VENOSA CENTRAL DE DOBLE O TRIPLE LUMEN CON 2 ANTIBIOTICOS (MINOCICLINA Y RIFAMPICINA), NEONATAL
O PEDIÁTRICO.   SE SOLICITA 5FR X 8CM, DE TRES LUMENS DE POLIURETANO";TRAMITE USUAL;205;3,100;0;0;3,100;635,500.00
209871901;SISTEMA DE CATERIZACION VENOSA CENTRAL DE DOBLE   LUMEN CON 2 ANTIBIOTICOS 4FR X 8CM;TRAMITE USUAL ;205;0;0;0;0;0
209872001;"TUBO DE EXTENSIÓN DE VENOCLISIS. SE SOLICITA DE 25"" DE LONGITUD";TRAMITE USUAL;0.6;604;0;0;604;362.4
209884401;SISTEMA CERRADO (ESPIGA) UNIDIRECCIONAL PARA EXTRACCIÓN DE SOLUCION EN BOTELLA O BOLSA, CON O SIN FILTRO DE AIRE Y CONECTOR LIBRE DE AGUJA. SE SOLICITA CON FILTRO;TRAMITE USUAL ;2.52;151,397;7,600;1,500;160,497;404,558.37
209910801;ESTIMULADOR NERVIO VAGO (PROTESIS) ;TRAMITE USUAL;25,783.33;2,400;0;0;2,400;61,879,992.00
209968301;MICROESFERAS DE POLIESTIRENO CARGADAS NEGATIVAMENTE;TRAMITE USUAL;27.28;0;0;0;0;0
209975301;CEPILLO PLANO PARA LIMPIEZA DE 75MM X 20MM X 15MM (RIGIDO) ;TRAMITE USUAL;25;4,118;119;0;4,237;105,925.00
209975501;CEPILLO PARA LIMPIAR 75mm x 20mm x 15mm (FLEXIBLE);TRAMITE USUAL;25;30,056;1,400;800;32,256;806,400.00
209975701;ESPONJA TEREFTALATO DE POLIETILENO      (SE SOLICITA ESPONJA);TRAMITE USUAL;0.9;28,060;2,200;1,000;31,260;28,134.00
209991001;PELICULA DE SILICONA, CON PROTECCIÓN DE CLORHEXIDINA Y PLATA SE SOLICITA TAMAÑO: 10 cm X 12 cm.;TRAMITE USUAL;35.95;424,160;8,160;18,400;450,720;16,203,384.00
209991101;PELICULA DE SILICONA, CON PROTECCIÓN DE CLORHEXIDINA Y PLATA SE SOLICITA TAMAÑO: 6 cm X 20 cm.;TRAMITE USUAL;29.5;8,600;0;0;8,600;253,700.00
209991201;APOSITO PROTECTOR, SE SOLICITA TAMAÑO 15CM X 15CM;TRAMITE USUAL;23.38;8,400;0;0;8,400;196,350.00
209991301;APOSITO PROTECTOR, SE SOLICITA TAMAÑO 20CM X 20CM;TRAMITE USUAL;37.08;11,920;1,965;0;13,885;514,855.80
209991401;APOSITO ESPUMA , SE SOLICITA Tamaños con borde, 12.5X 12.5 CM;TRAMITE USUAL ;33;0;370;0;370;12,210.00
209991501;APOSITO ESPUMA, se solicita Tamaños sin borde 10CM X 20CM;TRAMITE USUAL ;27;3,600;0;0;3,600;97,200.00
209991801;APOSITO ESPUMA , se solicita Tamaños con borde 20CMX 26CM PARA TALON.;TRAMITE USUAL ;58.6;3,600;0;0;3,600;210,960.00
209992601;ESTABILIZADOR DE CATETER SUPRA PUBICO O URETERAL;TRAMITE USUAL ;22;3,600;0;0;3,600;79,200.00
;Total general;;**************;145,316,065;4,649,173;3,845,695;153,810,933;474,687,434
