CODIGO,DESCRIPCI‡N,PRECIO UNITARIO B/.,CANTIDAD EXISTENCIA ALMACêN CDPA MAYO,CANTIDAD EXISTENCIA ALMACêN CDDI MAYO,CANTIDAD EXISTENCIA ALMACêN CDCH MAYO,TOTAL DE EXISTENCIAS  DISPONIBLES    MAYO,MONTO DE EXISTENCIAS EN B/.,,
209003502,CONECTOR PARA BOMBA DE INFUSION CON FILTRO DE AIRE.,4.49 ,"134,630 ","11,800 ","3,360 ","149,790","672,557.10",,
209003700,AGUJA PARA NEUMOPERITONEO  (TIPO VERESS) PARA LAPARASCOPIA (Se solicita 120mm),10.17 ,0 ,0 ,0 ,0,0.00,,
209007502,DETERGENTE ANIONICO EN POLVO PRESENTACION: PAQ. DE 4 LIBRAS,35.50 ,"15,546 ",525 ,693 ,"16,764","595,096.18",,
209008100,"AGUJA HIPODêRMICA,  (SE SOLICITA CALIBRE 18G X 1  1/2 PULGADAS, 38MM DE LONGITUD)",0.01 ,0 ,0 ,"67,800 ","67,800",600.71,,
209008400,"AGUJA HIPODêRMICA,   (SE SOLICITA CALIBRE 21G, 1 PULGADAS, 25MM DE LONGITUD.) ",0.02 ,"165,000 ","3,700 ","9,200 ","177,900","2,668.50",,
209008500,"AGUJA HIPODêRMICA,  SE SOLICITA CALIBRE 21G X 1 1/2 PULGADAS, 38MM DE LONGITUD",0.01 ,"227,100 ","20,000 ","81,400 ","328,500","2,700.27",,
209008600,"AGUJA HIPODêRMICA, SE SOLICITA CALIBRE 22G X 1 PULGADAS, 25MM DE LONGITUD",0.02 ,0 ,0 ,0 ,0,0.00,,
209008700,"AGUJA HIPODêRMICA    (SE SOLICITA CALIBRE 22G X 1 1/2 PULGADAS, 38MM DE LONGITUD)",0.03 ,"1,414,200 ","480,900 ","97,700 ","1,992,800","49,820.00",,
209008800,"AGUJA HIPODêRMICA, (SE SOLICITA CALIBRE 23G X 1 PULGADAS 25MM DE LONGITUD)",0.01 ,0 ,0 ,0 ,0,0.00,,
209008900,"AGUJA HIPODêRMICA,   SE SOLICITA CALIBRE 24G X 1 PULGADAS 25MM DE LONGITUD",0.02 ,"23,800 ","7,400 ","35,300 ","66,500",997.50,,
209009000,"AGUJA HIPODêRMICA DESECHABLE (Se solicita calibre 25G de 1"" de longitud) ",0.02 ,0 ,0 ,0 ,0,0.00,,
209009002,"AGUJA HIPODêRMICA    (SE SOLICITA CALIBRE 25G X 1 1/2 PULGADAS, 38MM DE LONGITUD)",0.02 ,"571,400 ","22,100 ","42,000 ","635,500","12,710.00",,
209009301,"PAPEL SATINADO PARA CAMILLA Y MESA DE EXAMEN.    (SE SOLICITA TAMA•O 18"" ANCHO X 300 PIES LARGO)",3.42 ,0 ,0 ,0 ,0,0.00,,
209011222,BANDEJA PARA CATETERIZACION VENOSA CENTRAL TRIPLE LUMEN.  SE SOLICITA CATETER DE POLIURETANO,60.50 ,0 ,0 ,0 ,0,0.00,,
209011226,BANDEJA PARA CATETERIZACION VENOSO CENTRAL TRIPLE LUMEN CON 2 ANTIBIOTICOS (MINOCICLINA Y RIFAMPICINA).                                                                      (SE SOLICITA CATETER DE POLIURETANO ADULTO),262.50 ,110 ,450 ,330 ,890,"233,625.00",,
209013300,RECIPIENTE DESECHABLE PARA SISTEMA DE DRENAJE TORµCICO DIGITAL (Se solicita de 800cc de capacidad),22.72 ,"8,510 ",60 ,18 ,"8,588","195,143.06",,
209013400,TUBO PARA SISTEMA DE DRENAJE TORµCICO DIGITAL CONEXI‡N DOBLE (Se solicita longitud de 1.5 mts). DEBE SER COMPATIBLE CON EL EQUIPO EXISTENTE EN LA INSTITUCI‡N.,23.61 ,790 ,30 ,0 ,820,"19,360.20",,
209016801,ESPONJA HEMOSTATICA DE GELATINA ABSORBIBLE.   SE SOLICITA TAMA•O 7x5x1CM ( 70MMX50MMX10MM ),3.09 ,0 ,0 ,0 ,0,0.00,,
209017402,JALEA LUBRICANTE ESTêRIL  (SE SOLICITA TUBO DE 113 GM),3.15 ,0 ,0 ,0 ,0,0.00,,
209018401,TRAJE DE PROTECCION PERSONAL (TIPO OVEROL) TAMA•O L,10.76 ,"1,063,438 ","12,240 ",0 ,"1,075,678","11,574,295.28",,
209018501,TRAJE DE PROTECCION PERSONAL (TIPO OVEROL)TAMA•O XL,10.76 ,"800,520 ",0 ,"2,625 ","803,145","8,641,840.20",,
209018800,"APLICADOR DE GRAPAS AUTOMµTICO PARA LAPAROSCOPIA (Se solicita con grapa de 10mm, 20 grapas, mediano / grande)",70.00 ,104 ,82 ,28 ,214,"14,980.00",,
209018801,"APLICADOR DE GRAPAS AUTOMµTICO PARA LAPAROSCOPIA  (SE SOLICITA TAMA•O DE 5MM, 20 GRAPAS, MEDIANO / GRANDE)",137.50 ,0 ,0 ,0 ,0,0.00,,
209019006,"VENDA DE GASA PRESATURADAS DE CLORURO DE SODIO AL 20%   (TAMA•O 6"" (15 CM ) X 6 3/4"" (17 CM ).",5.12 ,0 ,0 ,0 ,0,0.00,,
209019200,"APLICADOR DE MADERA CON ALGOD‡N, ESTêRIL  (SE SOLICITA DE 6"")",0.02 ,"822,700 ","71,200 ","60,500 ","954,400","19,088.00",,
209019501,AP‡SITO HIDROCOLOIDE (FINO O EXTRA DELGADO)          (SE SOLICITA CUADRADO 15CM X 15CM).,2.71 ,"1,675 ","1,820 ",75 ,"3,570","9,656.85",,
209019502,"AP‡SITO HIDROCOLOIDE (Est†ndar, Regular o Extra Absorbente)                (SE SOICITA CUADRADO/IMPERMEABLE 20CM X 20CM).",4.98 ,0 ,0 ,0 ,0,0.00,,
209019503,AP‡SITO HIDROCOLOIDE (FINO O EXTRA DELGADO)             (SE SOLICITA CUADRADO 10CM X 10CM),1.65 ,"41,210 ",0 ,0 ,"41,210","67,996.50",,
209019504,"AP‡SITO HIDROCOLOIDE (Est†ndar, Regular o Extra Absorbente).  SE SOLICITA,  CUADRADO 15CM X 15CM",3.80 ,"13,940 ","1,095 ",0 ,"15,035","57,133.00",,
209019507,APOSITO TRANSPARENTE ESTERIL. SE SOLICITA  CON VENTANA DE 8-10CM X 10-12.5CM,0.19 ,"109,200 ","101,200 ","6,400 ","216,800","41,192.00",,
209019508,APOSITO TRANSPARENTE ESTERIL. SE SOLICITA CON VENTANA TAMA•O DE 5-6CM X 7-8CM,0.10 ,"11,100 ","8,800 ",0 ,"19,900","1,990.00",,
209019600,APOSITO OCULAR ADULTO ESTERIL,0.07 ,"55,425 ","22,850 ","4,000 ","82,275","5,759.25",,
209019900,INSTRUMENTO DE ENGRAPADO PARA CIERRE DE PIEL DESECHABLE ,7.22 ,0 ,0 ,0 ,0,0.00,,
209019902,"INSTRUMENTAL DE ENGRAPADO TORACO ABDOMINAL Y REGARGA, DESECHABLE (Se solicita carga de 60mm, 3.5mm de altura de grapa abierta y 1.5mm de altura de grapa cerrada. Y por cada dos (2) instrumentos con carga, debe entregar una recarga adicional) ",124.14 ,0 ,0 ,0 ,0,0.00,,
209019903,"INSTRUMENTO DE ENGRAPADO TORACO ABDOMINAL Y RECARGA DESECHABLE (Se solicita carga de 30mm, 3.5mm de altura de grapa abierta y 1.5mm de altura de grapa cerrada. Por cada dos (2) instrumentos con carga, debe entregar una recarga adicional) ",123.70 ,0 ,0 ,0 ,0,0.00,,
209019904,"INSTRUMENTO DE ENGRAPADO Y CORTE LINEAL PARA CIRUG÷A ABIERTA, DESECHABLE ",120.54 ,70 ,0 ,0 ,70,"8,437.80",,
209019905,"INSTRUMENTAL DE ENGRAPADO TORACO ABDOMINAL Y RECARGA DESECHABLE (Se solicita instrumento recto, carga de longitud  de 90mm, altura de grapa abierta 3.5mm y altura de grapa cerrada 1.5mm. Por cada dos (2) instrumentos con carga, debe entregar una carga adicional) ",187.85 ,90 ,12 ,0 ,102,"19,160.70",,
209019906,"INSTRUMENTO DE ENGRAPADO MECANICO CIRCULAR,DESECHABLE.   SE SOLICITA INSTRUMENTO CURVO CON GRAPA DE 29MM CON GRAPAS DE ALTURA MINIMA DE 4.8 MM ABIERTA O INDICADOR DE ESCALA DE COMPRENSION DE 2 MM CERRADA",400.00 ,0 ,0 ,15 ,15,"6,000.00",,
209019907,"ENGRAPADORA  CIRCULAR CORTANTE CON YUNQUE ARTICULABLE PARA ANASTOMOSIS DIGESTIVA (Se solicita de 31mm, con grapas de altura m°nima de 4.8mm abierta)",425.45 ,0 ,0 ,0 ,0,0.00,,
209019910,"INSTRUMENTO DE ENGRAPADO MECµNICO PARA FIJAR  MALLAS EN  HERNIAS, DESECHABLE, CON 10 GRAPAS O MAS, DE TITANIUM  DE 4.8mm (Por cada instrumento con su carga, debe entregar una carga adicional) ",123.86 ,0 ,0 ,0 ,0,0.00,,
209020000,"INSTRUMENTO DE ENGRAPADO Y CORTE LINEAL RECTA ENDOSCOPICA CON O SIN
REGARGA,DESECHABLE     (SE SOLICITA Est†ndar: v†stago de 16cm o longitud total de 34cm, LONGITUD DE 60MM DE LARGO, ALTURA DE GRAPA ABIERTA 3.5 Y CERRADA 1.5MM)                                                                                                                                                                                                                                                                                                                                                                                         Instrumento de engrapado de corte lineal de 12mm de di†metro.
",200.00 ,5 ,30 ,0 ,35,"7,000.00",,
209020002,"INSTRUMENTO DE ENGRAPADO Y CORTE LINEAL RECTA ENDOSCOPICA CON O SIN REGARGA,DESECHABLE (SE SOLICITA Est†ndar: v†stago de 16cm o longitud total de 34cm, LONGITUD DE 60MM DE LARGO, ALTURA DE GRAPA ABIERTA 2.5 Y CERRADA 1.0MM)                                                                                                                                                                                                                                                                                                                                                                                        ",235.06 ,0 ,0 ,0 ,0,0.00,,
209020600,"INSTRUMENTO PARA LIGAR VASOS, DE TITANIUM, DESECHABLE (Se solicita tama§o chico)",57.65 ,0 ,216 ,0 ,216,"12,451.32",,
209020700,"ENGRAPADORA CURVA CORTANTE PARA TEJIDO GRUESO (CIRUGIA COLON RECTAL). Instrumento de engrapado quir£rgico curvo cortante , que permita un mejor acceso y visualizacion en la pelvis baja, dos dobles linea de grapas  y corte entre la segunda y tercera linea de grapas para cirug°a colon rectal.","1,220.18 ",0 ,0 ,0 ,0,0.00,,
209020902,RECARGA DE CLIP DE POL÷MERO NO ABSORBIBLE    (SE SOLICITA DE 7MM A 16MM. LA EMPRESA ENTREGARµ A LA UNIDAD LA PINZA PARA APLICAR EL MISMO),99.39 ,0 ,0 ,0 ,0,0.00,,
209021204,"BANDEJA PRE OPERATORIA PARA LAVADO DE PIEL. SE SOLICITA CON TENAZA Y DOS APLICADORES DE 3 PULGADAS CON PUNTA DE ALGOD‡N
",4.39 ,120 ,0 ,0 ,120,526.20,,
209021205,"BANDEJA DE ANESTESIA RAQUIDEA DESEHABLE CON MEDICAMENTO SE SOLICITA (CON INTRODUCTOR, AGUJA PUNTA DE LAPIZ/SPROTE 25G LARGO 136MM CON AGUJA 22G x 1 1/2"", Epinefrina 1:1000, ampolla de 1ml y efedrina sulfato 50mg/ml, ampolla de 1ml, y CON BUPIVACAINA PESADA).",34.00 ,0 ,0 ,0 ,0,0.00,,
209021504,"BOLSA MIXTA TERMOSELLABLE PARA ESTERILIZAR, 12"" X 16"" A 18""(304.8 MM X 406.4MM A 457.2 MM)",0.12 ,0 ,0 ,"15,500 ","15,500","1,782.50",,
209021506,"BOLSA MIXTA TERMOSELLABLE PARA ESTERILIZACION 18"" X 24"" (450 X 600MM)",0.25 ,0 ,0 ,0 ,0,0.00,,
209021507,"ROLLO SIN FUELLE TERMOSELLABLE PARA ESTERILIZACI‡N, DE 3"" DE ANCHO X 660 PIES (7.5CM ‡ 75MM X 200 Mts)",12.30 ,0 ,0 ,0 ,0,0.00,,
209021508,"ROLLO SIN FUELLE TERMOSELLABLE PARA ESTERILIZACION 4"" DE ANCHO x 660' (10cm ‡ 100mm x 200mts)",14.54 ,0 ,0 ,0 ,0,0.00,,
209021510,"BOLSA MIXTA TERMOSELLABLE PARA ESTERILIZAR, 3"" X 10"" a 10 1/2"" (75 X 255 a 265MM) ",0.04 ,0 ,0 ,0 ,0,0.00,,
209021515,"BOLSA MIXTA TERMOSELLABLE PARA ESTERILIZAR 5 1/4"" A 5 1/2ÔÔ X 10 1/2"" A 11ÔÔ(130MM A 140MM X 260MM A 280MM). ",0.05 ,0 ,0 ,0 ,0,0.00,,
209021516,"BOLSA MIXTA TERMOSELLABLE PARA ESTERILIZAR, 8"" X 12"" (200 X 300MM)",0.07 ,0 ,0 ,0 ,0,0.00,,
209021600,"BOLSA HIDROSOLUBLE SE SOLICITA TAMA•O 28"" X 39""",0.78 ,"40,200 ",0 ,0 ,"40,200","31,356.00",,
209021701,BOLSA DE 1 PIEZA PARA COLOSTOM÷A/ILEOSTOM÷A PARA ADULTO RECORTABLE. ABIERTA.  SE SOLICITA CON FILTRO DE CARBON INCORPORADO Y DIAMETRO DE 10mm o 12mm hasta 55mm,2.63 ,"946,120 ","15,840 ","5,820 ","967,780","2,545,261.40",,
209021702,BOLSA DE 1 PIEZA PARA COLOSTOM÷A/ILEOSTOM÷A PARA ADULTO RECORTABLE ABIERTA.                                                                                                                                       (SE SOLICITA CON FILTRO DE CARBON INCORPORADO Y DIAMETRO DE 10mm o 12mm hasta 70mm),3.03 ,"818,480 ","9,390 ","5,550 ","833,420","2,525,262.60",,
209021807,"BOLSA DE 1 PIEZA PARA COLOSTOMIA / ILEOSTOMIA PEDIATRICA, ABIERTA (RECORTABLE).  SE SOLICITA DE 10MM A  35MM",3.71 ,0 ,"2,250 ",0 ,"2,250","8,336.25",,
209021908,SISTEMA DE DOS PIEZAS PARA UROSTOMﬁA DE ADULTO CON DI∑METRO EXTERNO. SE SOLICITA DE  DE 50MM,6.50 ,"18,900 ",0 ,"2,400 ","21,300","138,450.00",,
209022100,"BOLSA COLECTORA DE ORINA PARA ADULTO.
",1.40 ,"12,220 ","16,220 ","2,000 ","30,440","42,616.00",,
209022300,BOLSA COLECTORA DE ORINA DE 30 A 35 ONZA DE CAPACIDAD     (900CC A 1050CC) DE PIERNA . ,0.55 ,"2,352 ","3,168 ","3,024 ","8,544","4,699.20",,
209022305,BOLSA BIODEGRADABLE COLECTORA DE VOMITO.,1.50 ,0 ,0 ,0 ,0,0.00,,
209024800,CUBIERTA DE ZAPATO (Se solicita sin cinta),0.05 ,"12,963,000 ",0 ,0 ,"12,963,000","648,150.00",,
209025901,BRAZALETE DE IDENTIFICACI‡N PEDIATRICA. SE SOLICITA: 8 PULGADAS DE LONGITUD,0.04 ,"1,455,000 ","28,800 ","20,200 ","1,504,000","54,896.00",,
209026003,BRAZALETE DE IDENTIFICACI‡N PARA ADULTOS.                (SE SOLICITA: 12 PULGADAS DE LONGITUD),0.04 ,"4,580,600 ","26,500 ","30,400 ","4,637,500","171,587.50",,
209026600,"CALCETA TUBULAR. SE SOLICITA TAMA•O :  3 "" X 25 YARDAS DE ALGODON",8.33 ,0 ,"1,027 ",0 ,"1,027","8,554.91",,
209026601,"MEDIA ANTIDESLIZANTE. SE SOLICITA MEDIANA  (LONGITUD: 35cms, ANCHO 8.5cm)",0.98 ,"216,280 ","1,770 ",0 ,"218,050","212,816.80",,
209026602,"MEDIA ANTIDESLIZANTE                (SE SOLICITA GRANDE (Longitud: 40cms, ancho 9cm).",0.99 ,"542,668 ","10,500 ",0 ,"553,168","549,848.99",,
209026700," CALCETA TUBULAR. SE SOLICITA TAMA•O: 4 "" X 25 YARDAS.  DE ALGODON",25.00 ,904 ,20 ,45 ,969,"24,225.00",,
209027200,"CANULA INTRAVENOSA SIN JERINGUILLA SE SOLICITA DE 18G  X  1  1/4""  A  1  1/2"" DE  POLIURETANO
",0.18 ,0 ,0 ,0 ,0,0.00,,
209027401,"CANULA INTRAVENOSA SIN JERINGUILLA SE SOLICITA DE POLIURETANO  CALIBRE # 22 G X  DE 1"" A  1  1/4"" .
",0.27 ,300 ,0 ,0 ,300,81.00,,
209027402,"CµNULA INTRAVENOSA SIN JERINGUILLA  (SE SOLICITA DE POLIURETANO, CALIBRE # 24, DE 3/4"")",0.18 ,0 ,0 ,0 ,0,0.00,,
209027618,"CATETER DE HISTEROSONOGRAFIA, 5Fr O 7FR. SE SOLICITA TAMA•O  5FR Y BALON DE 3CC",18.12 ,660 ,105 ,0 ,765,"13,861.80",,
209028310,LIMPIEZA DE SUBCLAVIA CON CLOREXIDINA Y ALCOHOL .    (SE SOLICITA CON UN (1) APLICADOR),3.89 ,0 ,0 ,0 ,0,0.00,,
209028600," SONDA FOLEY DE LATEX RECUBIERTA CON SILICON, 2 VIAS CON BALON DE 3CC/ML   SE SOLICITA CALIBRE 10FR",0.64 ,0 ,0 ,0 ,0,0.00,,
209028700,"SONDA FOLEY DE LATEX RECUBIERTA CON SILICON , 2 V÷AS CON BAL‡N DE 5 CC/ML. SE  SOLICITA  CALIBRE 12FR",0.53 ,0 ,210 ,150 ,360,190.44,,
209028701,"SONDA FOLEY DE LATEX RECUBIERTA CON SILICON , 2 V÷AS CON BAL‡N DE 5 CC/ML.   SE SOLICITA  CALIBRE 18FR",0.51 ,0 ,690 ,620 ,"1,310",668.10,,
209028702,"SONDA FOLEY DE LATEX RECUBIERTA CON SILICON , 2 V÷AS CON BAL‡N DE 5 CC/ML.  (SE SOLICITA CALIBRE 20FR)",0.49 ,500 ,"2,560 ",700 ,"3,760","1,838.64",,
209028703,"SONDA FOLEY DE LATEX RECUBIERTA CON SILICON , 2 V÷AS CON BAL‡N DE 5 CC/ML.     SE SOLICITA CALIBRE  22FR ",0.49 ,"3,050 ","1,560 ","1,200 ","5,810","2,846.90",,
209028800,"SONDA FOLEY DE LATEX RECUBIERTA CON SILICON , 2 V÷AS CON BAL‡N DE 5 CC/ML.     SE SOLICITA CALIBRE 14FR",0.44 ,"6,260 ",200 ,690 ,"7,150","3,146.00",,
209028801,"SONDA FOLEY DE LATEX RECUBIERTA CON SILICON , 2 V÷AS CON BAL‡N DE 5 CC/ML.  SE  SOLICITA  CALIBRE 16FR",0.56 ,0 ,0 ,280 ,280,156.80,,
209029810,"SONDA FOLEY DE LATEX RECUBIERTA CON SILIC„N, 3 VﬁAS CON BAL„N DE 30 CC.  SE SOLICITA CALIBRE 24FR",0.89 ,0 ,120 ,"1,980 ","2,100","1,869.00",,
209029912,"TROCAR PARA CIRUGIA LAPAROSCOPICA DE 2MM A 15MM DE DIAMETRO, PUNTA CORTANTE DESECHABLESE.  (SE  SOLICITA TROCAR COMPLETO DE 5MM DE DIAMETRO Y DOS CAMISAS ADICIONALES)",78.96 ,0 ,0 ,0 ,0,0.00,,
209029914,"TROCAR PARA CIRUGIA LAPAROSCOPICA, DE 2 A 15 MM DE DIAMETRO, PUNTA CORTANTE, DESECHABLE.,                                                                                                          (SE SOLICITA TROCAR COMPLETO DE 12MM DE DIAMETRO Y DOS CAMISAS ADICIONALES) ",71.08 ,0 ,0 ,0 ,0,0.00,,
209030001,JUEGO PARA ACCESO VENOSO PERIFêRICO (CANALIZACI‡N),0.81 ,0 ,0 ,0 ,0,0.00,,
209030702,CERA DE HUESO. SE SOLICITA EN BAST‡N,2.06 ,0 ,0 ,0 ,0,0.00,,
209030904,CINTA DE HILADILLO ESTERIL DE ALGOD‡N TRENZADO,2.91 ,0 ,0 ,0 ,0,0.00,,
209031000,"CINTA INDICADORA PARA ESTERILIZACION A VAPOR.  SE SOLICITA TAMA•O  DE  1/2"" X 60 O MAS YARDAS.",5.28 ,0 ,0 ,0 ,0,0.00,,
209031001,"CINTA INDICADORA PARA ESTERILIZACION A VAPOR. SE SOLICITATAMA•O 3/4"" X 60 ‡ MAS YARDAS.",4.63 ,0 ,0 ,0 ,0,0.00,,
209031002,"CINTA INDICADORA PARA ESTERILIZACION A VAPOR                SE SOLICITA TAMA•O  1"" X 60 O MAS YARDAS.",2.80 ,0 ,0 ,0 ,0,0.00,,
209031100,COBERTOR PARA SILLETA (PALETA),0.40 ,"21,000 ",0 ,0 ,"21,000","8,400.00",,
209032201,PROTECTOR PLµSTICO PARA EL OJO,8.68 ,0 ,"4,788 ","2,304 ","7,092","61,523.10",,
209032301,"LAPIZ DE CAUTERIO, DESECHABLE CON CONTROL MANUAL DUAL.",4.36 ,0 ,0 ,0 ,0,0.00,,
209032601,GEL PARA ELECTRODOS. SE SOLICITA TUBO DE 140 GRAMOS,76.90 ,50 ,31 ,0 ,81,"6,228.90",,
209032700,"PROTECTOR DE COLCH‡N, DESECHABLE, ABSORBENTE, DE ALGODON O DE POLIETILENO POR UN LADO, (SE SOLICITA TAMA•O 58.4 cm x 91.4 cm  (23""x36"")  ALGOD‡N.",2.88 ,0 ,0 ,0 ,0,0.00,,
209033101,VENDA AUTOADHERIBLE DE PLASTICO RECTANGULAR O LARGAS.        (CURITAS RECTANGULAR),0.01 ,"1,882,900 ","79,600 ","40,600 ","2,003,100","18,989.39",,
209033200,VENDA ADHESIVA DE PLµSTICO REDONDA,0.01 ,0 ,0 ,0 ,0,0.00,,
209033201,GRAPA PARA LIGAR CORDON UMBILICAL,0.35 ,0 ,0 ,0 ,0,0.00,,
209033306,"BATA DESECHABLE, PARA USO GENERAL NO ESTERIL .AAMI     NIVEL 3.  SE SOLICITA TAMA•O MEDIANO",1.12 ,0 ,0 ,0 ,0,0.00,,
209033311,BATA QUIRURGICA ESTERIL .AAMI NIVEL 3. SE SOLICITA TAMA•O MEDIANO,1.12 ,"23,600 ",0 ,0 ,"23,600","26,432.00",,
209033312,BATA QUIRURGICA ESTERIL .AAMI NIVEL 3. SE SOLICITA TAMA•O GRANDE,22.84 ,0 ,0 ,0 ,0,0.00,,
209033314,BATA QUIRURGICA ESTERIL .AAMI NIVEL 4. SE SOLICITA TAMA•O MEDIANO,2.60 ,"183,320 ",0 ,0 ,"183,320","475,715.40",,
209033315,BATA QUIRURGICA ESTERIL .AAMI NIVEL 4.    (SE SOLICITA TAMA•O GRANDE).,2.28 ,"20,908 ",0 ,0 ,"20,908","47,565.70",,
209033316,BATA QUIRURGICA ESTERIL .AAMI NIVEL 4.  SE SOLICITA TAMA•O EXTRA GRANDE,0.19 ,0 ,0 ,0 ,0,0.00,,
209033400,"DEPRESOR DE LENGUA, ESTêRIL  ",0.05 ,0 ,0 ,0 ,0,0.00,,
209033600,DISECTOR CURVO    (MARYLAND)      PARA CIRUGIA LAPAROSC‡PICA.,59.33 ,0 ,252 ,42 ,294,"17,443.02",,
209034201,"CONECTOR LIBRE DE AGUJA (ESPIGA UNIVERSAL) PARA SOLUCIONES PARENTERALES, UNIDIRECCIONAL O BIDIRECCIONAL.                                                                                     SE SOLICITA: CON VµLVULA ANTIRREFLUJO UNIDIRECCIONAL",2.21 ,"88,800 ","8,500 ","2,400 ","99,700","220,337.00",,
209034510,ELECTRODO DE MICROPORE PARA MONITOREO DE ADULTO                                                                                                    ,0.14 ,0 ,0 ,0 ,0,0.00,,
209034512,ELECTRODO PARA  EKG MODELO PESTA•A.                          SE SOLICITA: TAMA•O NI•O (PEDIATRICO),0.06 ,0 ,0 ,0 ,0,0.00,,
209034700,"APOSITO ABDOMINAL 8"" X 10"" y 10"" x 12"" DE LONGITUD.  SE SOLICITA TAMA•O: 8"" X 10"" DE LONGITUD. ",0.48 ,0 ,0 ,0 ,0,0.00,,
209034901,"ESPONJA DESECHABLE CON JABON NEUTRO. SE SOLICITA: TAMA•O 20CM X 10CM X 1.0CM    
",0.30 ,"70,200 ",0 ,0 ,"70,200","21,060.00",,
209035001,"TOALLA SANITARIA MATERNAL; TOALLA SANITARIA TIPO PERINEAL,     (SE SOLICITA EXTRA GRANDE DE 11 A 12 PULGADAS. NO ESTERIL)",0.10 ,0 ,0 ,0 ,0,0.00,,
209035201,"CINTA ADHESIVA DE TELA DE ALGODON (ESPARADRAPO).  SE SOLICITA TAMA•O DE 2"" X 10 Yds",2.89 ,"23,058 ",504 ,"1,716 ","25,278","73,028.14",,
209035202,"CINTA ADHESIVA DE TELA DE ALGODON (ESPARADRAPO)  (SE SOLICITA TAMA•O DE 3"" X 10 Yds).",4.78 ,"2,623 ","1,368 ",0 ,"3,991","19,057.03",,
209035203,"CINTA  ADHESIVA DE PLASTICO TRANSPARENTE. SE SOLICITA DE 1"" X 10 YARDAS                                                                                                                                                                                                                                 CINTA ADHESIVA DE PLASTICO TRANSPARENTE, HIPOALERGENICO, RESISTENTE A LA HUMEDAD (IMPERMEABLE),
TAMA•O DE 1/2ÔÔ A 3ÔÔPOR 10 YARDA O MAS DE LONGITUD.
LA INSTITUCION SOLICITARA EL TAMA•O QUE REQUIERA.",0.42 ,0 ,"1,734 ",0 ,"1,734",728.28,,
209035300,CINTA ADHESIVA DE TELA DE ALGODON (ESPARADRAPO) DE CORTE SURTIDO,16.38 ,"16,200 ",432 ,588 ,"17,220","282,063.60",,
209035400,"CINTA ADHESIVA DE PAPEL MICROPOROSO. (SE SOLICITA DE 2"" DE ANCHO X 10 YARDAS DE LONGITUD).                                                                                                                                                                                                                                  
",1.95 ,0 ,0 ,0 ,0,0.00,,
209035401,"CINTA ADHESIVA DE PAPEL MICROPOROSO. (SE SOLICITA DE 3"" X 10 Yads)                                                                                                                                                                                                                                                                      ",1.95 ,92 ,0 ,0 ,92,179.40,,
209036301,"CONECTOR O EQUIPO PARA INFUSI‡N DE SOLUCI‡N PARENTERAL, CON DOS FILTRO .",0.17 ,"12,366,222 ","39,500 ",0 ,"12,405,722","2,108,972.74",,
209036501,"GASA SIMPLE  TAMA•O 3"" X 3"",12 DOBLECES NO ESTERIL.",0.06 ,0 ,"22,000 ",0 ,"22,000","1,320.00",,
209036503,"GASA SIMPLE 4"" X 4"" CON 16 DOBLECES, NO ESTERIL.",0.05 ,0 ,0 ,0 ,0,0.00,,
209036505,"GASA SIMPLE 8"" X 4"" CON 12 DOBLECES, NO ESTêRIL.   ",0.07 ,0 ,0 ,0 ,0,0.00,,
209037800,"GUANTES DE EXPLORACI‡N DE LµTEX, NO ESTêRIL (SE SOLICITA TAMA•O CHICO).",0.04 ,"2,110,500 ","270,000 ","84,000 ","2,464,500","101,044.50",,
209037801,"GUANTES DE EXPLORACI‡N DE LµTEX, NO ESTêRIL (SE SOLICITA TAMA•O MEDIANO). ",0.09 ,"70,000 ",0 ,0 ,"70,000","5,950.00",,
209037802,"GUANTES DE EXPLORACI‡N DE LµTEX, NO ESTêRIL (Se solicita tama§o grande) ",0.09 ,0 ,0 ,0 ,0,0.00,,
209037900,"GUANTE QUIRURGICO DE LATEX ESTERIL.  SE SOLICITA TAMA•O 6  1/2""  ",0.24 ,0 ,0 ,0 ,0,0.00,,
209037901,"GUANTES QUIRURGICO DE LATEX ESTERI (SE SOLICITA TAMA•O 7 "").",0.27 ,0 ,0 ,0 ,0,0.00,,
209037902,"GUANTES QUIRURGICO DE LATEX ESTERIL   (SE SOLICITA TAMA•O 7 1/2"")",0.16 ,0 ,0 ,0 ,0,0.00,,
209037903,"GUANTES QUIRURGICO DE LATEX ESTERIL  (SE SOLICITA TAMA•O 8"").",1.03 ,0 ,0 ,0 ,0,0.00,,
209038100,"ALGODON COMPRIMIDO 100% (SE SOLICITA  3"" x 4 YARDAS)
",0.73 ,0 ,0 ,0 ,0,0.00,,
209038101,"VENDAJE DE 100% DE ALGOD‡N COMPRIMIDO, NO ESTêRIL (Se solicita tama§o 4""x 4 yardas) ",1.40 ,0 ,0 ,240 ,240,334.80,,
209038102,"ALGODON COMPRIMIDO 100% - 6"" x 4 YARDAS  (SE SOLICITA TAMA•O 6 x 4"")",1.06 ,0 ,0 ,0 ,0,0.00,,
209038200,"HOJA, BISTUR÷, ACERO INOXIDABLE Nß10",0.10 ,0 ,"6,900 ",0 ,"6,900",690.00,,
209038201,HOJA DE BISTUR÷  DE ACERO INOXIDABLE (SE SOLICITA TAMA•O N¯ 11),1.04 ,0 ,0 ,0 ,0,0.00,,
209038203,HOJA DE BISTUR÷  DE ACERO INOXIDABLE (SE SOLICITA TAMA•O N¯ 15),1.04 ,0 ,0 ,0 ,0,0.00,,
209038204,HOJA DE BISTUR÷  DE ACERO INOXIDABLE (SE SOLICITA TANA•O N¯ 23) ,1.08 ,0 ,0 ,"12,400 ","12,400","13,330.00",,
209038206,CUCHILLETE ESPATULADO ESTILO CRESCENT ,15.00 ,0 ,0 ,90 ,90,"1,350.00",,
209038207,CUCHILLA PARA FACOEMULSIFICACI‡N (Se solicita de 2.65mm),15.23 ,"3,618 ",0 ,0 ,"3,618","55,084.05",,
209038208,CUCHILLA PARA FACOEMULSIFICACI‡N.                             (SE SOLICITA TAMA•O  3.2MM),10.50 ,0 ,0 ,0 ,0,0.00,,
209039500,JERINGUILLA 2 ONZ. ( 60ML),0.80 ,0 ,"1,000 ",0 ,"1,000",800.00,,
209039800,JERINGUILLA DE 2-3 ML DE CAPACIDAD CON AGUJA DE 21 G X 1´ PULGADAS.,0.10 ,0 ,0 ,0 ,0,0.00,,
209039900,"JERINGUILLA DE 5 -6 ML,     (SE SOLICITA CON AGUJA 21 G X 1´ PULGADAS)",0.04 ,"49,400 ","34,300 ","68,600 ","152,300","5,330.50",,
209040100,AGUJA METALICA CON PISTOLA AUTOMATICA PARA TOMA DE BIOPSIA.  (SE SOLICITA EL TAMA•O 18G  X 10 A 25CM.),31.90 ,110 ,440 ,0 ,550,"17,545.00",,
209040200,"JERINGUILLA DE 10 -12 ML, CON AGUJA DE 21 G X 1´ PULGADAS.",0.03 ,0 ,"8,400 ","94,100 ","102,500","3,306.65",,
209040500,"CANULA PARA IRRIGACION, CAUTERIO Y SUCCION ENDOSCOPICA DE GANCHO DE 5MM.",54.98 ,0 ,0 ,0 ,0,0.00,,
209040600,SISTEMA CERRADO PARA DRENAJE DE FLUIDOS CONTINUOS REDONDO.  SE SOLICITA DE 10mm CON RESERVORIO DE 100CC,9.44 ,0 ,0 ,0 ,0,0.00,,
209040601,SISTEMA CERRADO PARA DRENAJE DE FLUIDOS CONTINUOS REDONDO.              (SE SOLICITARA DE 7mm CON RESERVORIO DE 100CC),3.93 ,0 ,0 ,0 ,0,0.00,,
209040900,"JERINGUILLA 20-25 ML,       (SE SOLICITA PUNTA DE ROSCA SIN AGUJA)",0.04 ,"4,303,240 ","47,900 ","112,000 ","4,463,140","197,627.84",,
209041200,"JERINGUILLA 50-60ML. SE SOLICITA  50ml, PUNTA ROSCA S/AGUJA",0.21 ,"790,400 ","23,850 ","3,950 ","818,200","167,731.00",,
209041900,"JERINGUILLA DE TUBERCULINA CON AGUJA 25 G X 5/8"".",3.45 ,0 ,0 ,0 ,0,0.00,,
209041901,"JERINGUILLA DE TUBERCULINA     (SE SOLICITA CON AGUJA 26 G X 3/8"")",0.02 ,"4,119,000 ","48,500 ","10,200 ","4,177,700","88,233.02",,
209042805,ROPA DESECHABLE PARA CIRUGIA ARTROSCOPICA,25.33 ,0 ,0 ,0 ,0,0.00,,
209043101,"MASCARA DE TIENDA PARA OXIGENO DE ADULTO CON TUBO CORRUGADO MµSCARA DE TIENDA, PARA ADULTO, DESECHABLE, DE VINIL TRANSPARENTE, MUY SUAVE, MOLDEADO PARA LA BARBILLA, TUBO CORRUGADO DE 6PIES ( 72 PULGADAS ), BANDA DE ELµSTICO PARA LA CABEZA.",2.00 ,0 ,0 ,0 ,0,0.00,,
209043200,"RESPIRADORES CONTRA PARTICULAS DE ALTA FILTRACION N95 CON O SIN VALVULA DE EXALACION.        (SE SOLICITA TAMA•O GRANDE , SIN VALVULA DE EXALACION).",0.92 ,0 ,0 ,0 ,0,0.00,,
209044100,"LLAVE DE TRES VIAS CON DOS (2) CONECTORES,ESTêRIL.",0.38 ,"270,600 ",800 ,0 ,"271,400","101,775.00",,
209044300,"MALLA PARA REFORZAR PLANOS ANATOMICOS  SE SOLICITA DE 7.5 CM X 12.5CM                                                                                                                                                                                                                                                                                                                                        Para reparaci¢n tisular convencional y laparosc¢pica.
Especificaciones: 
1. EstÇril.
2. Polipropileno monofilamentoso no absorbible.
3. Flexible.
4. Bordes lisos redondeados.
5. Autoexpandible.
6. Tama§os:
? 7.5cm a 30.4cm (3? a 12?) x 7.5cm a 35.5cm (3? a 14?).",48.00 ,0 ,0 ,0 ,0,0.00,,
209044400,MALLA PARA REFORZAR PLANOS ANATOMICOS. SE SOLICITA TAMA•O DE 15 CM X 15CM,19.60 ,0 ,0 ,0 ,0,0.00,,
209044401,"MALLA PARA REFORZAR PLANOS ANATOMICOS, 3"" A 10"" (7.5 A 25.4CM.) X 5"" A 14"" ( 12.5CM  A 35CM),  (SOLICITAMOS  22.9CM X 35CM.)",131.50 ,0 ,0 ,0 ,0,0.00,,
209045000,MASCARILLA RECTANGULAR CON VISOR  (SE SOLICITA CON VISOR PARA ADULTO),0.16 ,"1,117,174 ","4,200 ",0 ,"1,121,374","177,962.05",,
209045100,MASCARILLA PARA OXIGENO DE MEDIA CONCENTRACION  (SE SOLICITA TAMA•O ADULTO ALARGADA SIN RESVORIO )                                                                                                                                                                                                                                                            ,1.66 ,0 ,0 ,0 ,0,0.00,,
209045200,"MASCARILLA RECTANGULAR DESECHABLE CUATRO TIRAS , CON O SIN VISOR.                      (SE SOLICITA  SIN VISOR TAMA•O ADULTO)",0.09 ,0 ,0 ,0 ,0,0.00,,
209045301,"CONECTOR PARA ADMINISTRACION DE SOLUCION INTRAVENOSA CON BURETA (MICROGOTERO) (SE SOLICITA SITIO DE INYECCION CON MENBRANA  Y SITIO EN""Y""  LIBRE DE AGUJA) (SOLICITAMOS LIBRE DE AGUJA.)
",2.31 ,"3,230 ","4,000 ","4,200 ","11,430","26,346.15",,
209045304,MICRONEBULIZADOR CON MASCARA           (SE SOLICITA TAMA•O PEDIµTRICO),0.40 ,"30,800 ","5,100 ","7,100 ","43,000","17,356.95",,
209045306,MICRONEBULIZADOR CON MASCARA.          (SE SOLICITA TAMA•O ADULTO),0.41 ,"2,600 ","5,400 ","5,400 ","13,400","5,553.63",,
209045502,ALGOD‡N EN MOTAS (Se solicita mota de 0.7gr) ,0.01 ,"19,804,000 ","556,000 ","1,003,000 ","21,363,000","106,815.00",,
209046111,"PA•AL DESECHABLE PARA RECIEN NACIDO HASTA 5 LIBRAS (2.27Kg)                                                                                                                                                                                                                                                         
",0.22 ,0 ,0 ,0 ,0,0.00,,
209046112,"PA•AL DESECHABLE PARA ADULTO                 (SE SOLICITA TAMA•O DE CINTURA 45"" A  58"" ( 114.3 CM A 147.32 CM)DE TELA NO TEJIDA)",0.41 ,"43,240 ",0 ,0 ,"43,240","17,512.20",,
209046113,PA•AL DESECHABLE PARA NI•O.                                           (SE SOLICITA  PESO DE 6 LBS A 14 LBS),0.25 ,0 ,0 ,0 ,0,0.00,,
209046114,PA•AL DESECHABLE PARA NI•O  SE SOLICITA PESO DE 12 A 24 LBS.                                                                                                                                                                                                                                                      ,0.31 ,0 ,0 ,0 ,0,0.00,,
209046700,"PAPEL PARA ESTERILIZAR GRADO MêDICO (MINIMO DE 60 GRAMOS POR METRO CUADRADO),                  (SE SOLICITA DE 8"" X 8"" (20 CMS X 20 CMS).",0.03 ,0 ,0 ,0 ,0,0.00,,
209046701,"PAPEL PARA ESTERILIZAR GRADO MêDICO (MINIMO DE 60 GRAMOS POR METRO CUADRADO) SE SOLICITA DE 12"" X  12"" (30 CMS X 30 CMS)",0.06 ,0 ,0 ,0 ,0,0.00,,
209046704,"PAPEL PARA ESTERILIZAR GRADO MêDICO (MINIMO 60 GRAMOS POR METRO CUADRADO), SE SOLICITA DE 16"" X  16"" (40 CMS X 40 CMS)",0.04 ,0 ,0 ,0 ,0,0.00,,
209046705,"PAPEL PARA ESTERILIZAR GRADO MêDICO (MINIMO 60 GRAMOS POR METRO CUADRADO),  SE SOLICITA 18"" X 18"" (46 CMS. X 46 CMS.)",0.08 ,0 ,0 ,0 ,0,0.00,,
209046707,"PAPEL PARA ESTERILIZAR GRADO MêDICO (MINIMO DE 60 GRAMOS POR METRO CUADRADO),             (SE SOLICITA DE 24"" X 24"" 60 CMS. X 60 CMS.)",0.12 ,0 ,0 ,0 ,0,0.00,,
209046709,"PAPEL PARA ESTERILIZAR GRADO MêDICO (M÷NIMO 60 GRAMOS POR METRO CUADRADO),  SOLICITAMOS 30"" X 30"" (75 CMS. 75 CMS).",0.22 ,0 ,0 ,0 ,0,0.00,,
209047500,"PINZA DE AGARRE LAPAROSCOPICA CON DIENTE, 5MM DESECHABLE",60.54 ,0 ,86 ,0 ,86,"5,206.44",,
209047501,"INSTRUMENTO PARA LIGAR VASOS DE TITANIUM, DESECHABLE  (SE SOLICITA TAMA•O GRANDE)",94.54 ,0 ,162 ,60 ,222,"20,987.88",,
209047502,"INSTRUMENTO PARA LIGAR VASOS DE TITANIUM, DESECHABLE  (SE SOLICITA TAMA•O MEDIANO)",60.89 ,0 ,0 ,0 ,0,0.00,,
209047600,PLACA PARA IMPRESI‡N PLANTAR,1.15 ,0 ,0 ,0 ,0,0.00,,
209048600,"SISTEMA CERRADO PARA DRENAJE DE FLUIDOS CONTINUOS. SE SOLICITA DE 19FR.,  DE SILICONA RESERVORIO 400CC A 450CC",33.69 ,0 ,0 ,0 ,0,0.00,,
209048901, SISTEMA PARA ASPIRACION DE MUESTRA DE MUCOSIDADES (TRAMPA),1.05 ,"10,300 ",200 ,"1,050 ","11,550","12,145.98",,
209049500,JUEGO DE BOLSA DESECHABLE PARA CADµVER,6.93 ,"27,757 ",250 ,625 ,"28,632","198,419.76",,
209049600,CONECTOR LIBRE DE AGUJAS PARA ACCESOS VASCULARES VENOSOS,1.74 ,0 ,0 ,0 ,0,0.00,,
209049700,SET DESECHABLE PARA REMOVER PUNTOS DE SUTURAS. SE SOLICITA PINZA DE METAL,1.77 ,0 ,0 ,0 ,0,0.00,,
209049704,"SISTEMA DE CATêTER URETERAL DOBLE J, PARA ADULTO.                    (SE SOLICITA DIAMETRO DE 6FR)",132.50 ,0 ,0 ,0 ,0,0.00,,
209049800,"BANDEJA PARA PREPARACI‡N Y RASURADO DE LA PIEL
DESECHABLE PARA LA PREPARACION Y RASURADO DE LA PIEL, COMPUESTO POR: 1- BANDEJA PL∑STICA CON COMPARTIMIENTOS. 2- UNA MAQUINA DE RASURAR CON SU HOJA. 3- GASA 4"" X 4"". 4- CON SOLUCION JABONOSA DE BETHADINE. 5- DOS (2) APLICADORES DE 3"" CON PUNTA DE ALGOD„N. 6- DOS (2)TOALLAS PARA LA LIMPIEZA.BANDEJA PARA PREPARACION Y RASURADO DE LA PIEL.",1.29 ,0 ,0 ,0 ,0,0.00,,
209049802,RECIPIENTE PARA SUCCION  SE SOLICITA Con v†lvulas de cierre,2.74 ,"1,500 ",150 ,0 ,"1,650","4,512.75",,
209049803,"RECIPIENTE PARA SUCCION      SE SOLICITA Con v†lvulas de cierre -Capacidad De  2000 A 3000 cc DEBE ENTREGAR LOS EQUIPOS Y CONECTORES NECESARIOS PARA SU UTILIZACION, MINIMO 300 UNIDADES O SER COMPATIBLE CON EQUIPO EN LA INSTITUCION ADJUDICACION GLOBAL CON EL RENGLON 367",2.77 ,"3,483 ",0 ,0 ,"3,483","9,647.91",,
209050104,SISTEMA DE SUCCION E IRRIGACION LAPAROSCOPICA CON ESPATULA,54.97 ,"7,446 ",90 ,30 ,"7,566","415,880.32",,
209051000,SONDA LISA DE CAUCHO BLANDO ROJO PARA CATETERISMO URETRAL. SE SOLICITA TAMA•O 8 FR,0.40 ,0 ,60 ,40 ,100,39.68,,
209051001,SONDA LISA DE CAUCHO BLANDO ROJO PARA CATETERISMO URETRAL. (SE SOLICITA TAMA•O 10 FR),0.40 ,0 ,"1,650 ","1,600 ","3,250","1,289.60",,
209051002,SONDA LISA DE CAUCHO BLANDO ROJO PARA CATETERISMO URETRAL. (SE SOLICITA TAMA•O 12 FR),0.44 ,0 ,"2,600 ",0 ,"2,600","1,131.00",,
209051003,SONDA LISA DE CAUCHO BLANDO ROJO PARA CATETERISMO URETRAL. (SE SOLICITA TAMA•O 14 FR),0.39 ,0 ,425 ,0 ,425,164.56,,
209051004,SONDA LISA DE CAUCHO BLANDO ROJO PARA CATETERISMO URETRAL. SE SOLICITA  TAMA•O 16FR,0.64 ,"19,400 ","1,700 ",0 ,"21,100","13,398.50",,
209051005,SONDA LISA DE CAUCHO BLANDO ROJO PARA CATETERISMO URETRAL. (SE SOLICITA TAMA•O 18 FR),0.42 ,0 ,0 ,0 ,0,0.00,,
209051201,"CATETER DE SUCCION NASO-FARINGEA . SE SOLICITA, CALIBRE 8FR DE 35CM DE LONGITD, CON GRADUACION Y PRESENTACION LONGITUDINAL.
",0.99 ,0 ,0 ,0 ,0,0.00,,
209051300,"CATETER DE SUCCION NASO-FARINGEA . SE SOLICITA, CALIBRE 10FR DE 45CM DE LONGITD, CON GRADUACION Y PRESENTACION LONGITUDINAL.

",0.72 ,0 ,0 ,0 ,0,0.00,,
209051301,"CATETER DE SUCCION NASO-FARINGEA. (SE SOICITA, CALIIBRE 12FR DE 45CM DE LONGITD, CON GRADUACION Y PRESENTACION LONGITUDINAL.)",0.45 ,0 ,0 ,0 ,0,0.00,,
209051302,"CATETER DE SUCCION NASO-FARINGEA . SE SOLICITA, CALIBRE 14FR DE 45CM DE LONGITUD, CON GRADUACION Y PRESENTACION LONGITUDINAL.

",0.59 ,0 ,0 ,0 ,0,0.00,,
209051303,"CATETER DE SUCCION NASO-FARINGEA. (SE SOLICITA, CALIBRE 16FR DE 45CM DE LONGITD, CON GRADUACION Y PRESENTACION LONGITUDINAL.)",0.59 ,0 ,0 ,0 ,0,0.00,,
209051304,"CATETER DE SUCCION NASO-FARINGEA SE SOLICITA CALIBRE 18Fr,45cm DE LONGITUD CON GRADUACION Y PRESENTACION LONGITUDINAL
",0.74 ,200 ,0 ,0 ,200,148.00,,
209051901,"MALLA HEMOSTATICA  (SE SOLICITA TIPO MALLA 2"" X 14"", 5CM X 35CM)                                                                                                                                                                                                                                                                                                                            ",22.25 ,0 ,0 ,0 ,0,0.00,,
209051902,"MALLA HEMOSTATICA       SE SOLICITA  TIPO MALLA 4"" X 8"", 10CM X 20CM",31.94 ,0 ,0 ,0 ,0,0.00,,
209051903,MALLA HEMOSTATICA (SE SOLICITA TIPO TELA DE 7.5 CM X 10.2CM DE LARGO).,72.17 ,0 ,0 ,0 ,0,0.00,,
209051906,MALLA QUIRURGICA TRIDIMENSIONAL PARA REFORZAR PLANOS ANATOMICOS  SE SOLICITA  4.5CM X 7.5CM                                                                                                                                                                                                                      ,194.12 ,0 ,0 ,0 ,0,0.00,,
209051907,MALLA QUIRURGICA TRIDIMENSIONAL PARA REFORZAR PLANOS ANATOMICOS  (SE SOLICITA 4.5CMS X 10CM  (BASE DE 10CMS TAMA•O GRANDE)                                                                                                                                                                                                                      ,206.11 ,0 ,0 ,0 ,0,0.00,,
209052001,MALLA EXPANDIBLE TUBULAR            (SE SOLICITA TAMA•O 1),3.62 ,0 ,243 ,57 ,300,"1,086.76",,
209052002, MALLA EXPANDIBLE TUBULAR. SE SOLICITA  TAMA•O 2 CON CODIFICACI‡N DE COLORES. ,3.13 ,0 ,65 ,0 ,65,203.45,,
209052004," MALLA EXPANDIBLE TUBULAR.  SE SOLICITA TAMA•O 4, SIN CODIFICADOR DE COLORES.",5.39 ,0 ,487 ,0 ,487,"2,622.50",,
209052005,MALLA EXPANDIBLE TUBULAR.           (SE SOLICITA TAMA•O 5),6.89 ,0 ,0 ,0 ,0,0.00,,
209052006, MALLA EXPANDIBLE TUBULAR.  SE SOLICITA TAMA•O 6,6.99 ,0 ,0 ,0 ,0,0.00,,
209052007,MALLA EXPANDIBLE TUBULAR.  SE SOLICITA TAMA•O 7,8.68 ,0 ,0 ,0 ,0,0.00,,
209052008,MALLA EXPANDIBLE TUBULAR.   (SE SOLICITA TAMA•O 8 SIN CODIFICADOR DE COLORES),9.28 ,"19,746 ",661 ,66 ,"20,473","189,991.90",,
209052009,MALLA EXPANDIBLE TUBULAR. SE SOLICITA TAMA•O 9 SIN CODIFICADOR DE COLORES.,16.23 ,739 ,831 ,213 ,"1,783","28,929.18",,
209052102,"FêRULA CERVICAL PARA CUELLO DE DOS PIEZAS, TIPO PHILADELPHIA CIRCUNFERENCIA: PEQUE•O DE 10"" A 13"". ALTURA: DE 2¨ A 3¨",10.82 ,228 ,0 ,0 ,228,"2,467.91",,
209052103,"FêRULA CERVICAL PARA CUELLO DE DOS PIEZAS, TIPO PHILADELPHIA, CIRCUNFERENCIA: MEDIANO DE 13"" A 16"". ALTURA: DE 2¨ A 4¨",20.00 ,0 ,0 ,0 ,0,0.00,,
209052104,"FêRULA CERVICAL PARA CUELLO DE DOS PIEZAS, TIPO PHILADELPHIA (Se solicita circunferencia grande de  16"" a 19"", altura de 1´"" a 5¨"")                                                                                                   ",14.11 ,491 ,30 ,0 ,521,"7,351.31",,
209052502,TAPON HEPARINIZADO PARA CANULA INTRAVENOSA. Para el cierre temporal de c†nula intravenosa y administraci¢n de medicamentos a intervalos regulares.(Se Solicita con membrana de l†tex y con Con conexi¢n de rosca (luer lock).,0.17 ,0 ,0 ,0 ,0,0.00,,
209052801,TIJERA CURVA PARA CIRUGIA LAPAROSC‡PICA. ,34.22 ,0 ,360 ,0 ,360,"12,319.20",,
209053500,TUBO UNIVERSAL DE PLASTICO.  SE SOLICITA DE 6 MM. (1/4 DE PULGADA) DE LONGITUD DE 30 MT. (100PIES),9.93 ,360 ,0 ,0 ,360,"3,573.00",,
209054600,"TUBO NASOGASTRICA TIPO LEVIN .SOLICITAMOS TAMA•O 8 FR, LONG 120CM.
",1.12 ,0 ,0 ,0 ,0,0.00,,
209054601,"TUBO NASOGASTRICA TIPO LEVIN. SOLICITAMOS TAMA•O 10FR, LONG 120CM
",0.62 ,606 ,300 ,600 ,"1,506",926.19,,
209054602,"TUBO NASOGASTRICA TIPO LEVIN. SOLICITAMOS TAMA•O 12 FR, LONG 120CM
",0.98 ,450 ,255 ,550 ,"1,255","1,223.63",,
209054603,"TUBO NASOGASTRICA TIPO LEVIN (SOLICITAMOS TAMA•O 14FR, LONG 120CM)",0.92 ,"4,570 ",300 ,200 ,"5,070","4,664.40",,
209054700,"TUBO NASOGASTRICA TIPO LEVIN. SOLICITAMOS TAMA•O 18 FR, LONG 120CM",1.05 ,"7,900 ",255 ,0 ,"8,155","8,521.98",,
209054800,"TUBO NASOGµSTRICO TIPO LEVIN (Se solicita de 16 FR, longitud 120cm)  
",0.96 ,"6,270 ",200 ,0 ,"6,470","6,178.85",,
209055601,TUBO ENDOTRAQUEAL CON BALON            (SE SOLICITA TAMA•O DE 7MM),0.51 ,"76,266 ","1,040 ","1,150 ","78,456","40,247.93",,
209055602,TUBO ENDOTRAQUEAL CON BALON. SE SOLICITA TAMA•O DE 7.5MM,0.51 ,"65,340 ",150 ,300 ,"65,790","33,750.27",,
209055603,TUBO ENDOTRAQUEAL CON BALON             (SE SOLICITA TAMA•O DE 8MM),0.51 ,"64,766 ",570 ,200 ,"65,536","33,619.97",,
209055604,TUBO ENDOTRAQUEAL CON BALON.                                      (SE SOLICITA TAMA•O DE 8.5MM),0.51 ,0 ,630 ,0 ,630,323.19,,
209055901,CANÈLA DE TRAQUEOSTOM÷A. SE SOLICITA TAMA•O N¯ 8,46.25 ,253 ,0 ,114 ,367,"16,973.75",,
209055904,CANÈLA DE TRAQUEOSTOM÷A.                      (SE SOLICITA TAMA•O N¯ 6),39.99 ,0 ,204 ,18 ,222,"8,877.78",,
209056301,CµNULA OROFARINGEA TIPO BERMAN (SE SOLICITA DE 90MM ADULTO).,232.00 ,"13,100 ","2,800 ",200 ,"16,100","3,735,200.00",,
209056302,CANULA OROFARINGEA TIPO BERMAN. SE SOLICITA N¯10 (100MM) ADULTO,0.53 ,0 ,0 ,0 ,0,0.00,,
209056400,"SONDA O TUBO PARA ALIMENTACI‡N ENTERAL DE 5 FR A 20FR, Se solicita calibre 5FR y 38cm de longitud CON TAPON INCORPORADO
",1.72 ,0 ,0 ,0 ,0,0.00,,
209056500,SONDA O TUBO PARA ALIMENTACION ENTERAL DE 5 FR A 20FR.        (SE SOLICITA CALIBRE 8 FR Y 38CM DE LONGITUD),0.55 ,"32,400 ",300 ,200 ,"32,900","18,095.00",,
209056700,"TUBOS DE DRENAJE TIPO PENROSE. SE SOLICITA 1/4"" 6.35MM x 45.7 CM",0.97 ,"1,115 ",60 ,190 ,"1,365","1,321.32",,
209056702,"TUBO DE DRENAJE TIPO PEMROSE. SE SOLICITA DE:  1/2"" (12.70MM)  X 12"" (30.5CM)  DE LONGITUD",1.50 ,0 ,0 ,0 ,0,0.00,,
209056800,CANULA NASAL PARA ADMINISTRAR OXIGENO (SE SOLICITA TAMA•O ADULTO),0.86 ,0 ,0 ,0 ,0,0.00,,
209056801,CANULA NASAL PARA ADMINISTRAR OXIGENO. SE SOLICITA: TAMA•O PEDIATRICO,0.18 ,200 ,200 ,0 ,400,70.74,,
209057600,VASO PLµSTICO DESECHABLE  PARA MEDICAMENTO (SE SOLICITA SIN TAPA),0.03 ,"1,790,000 ","82,700 ","227,800 ","2,100,500","60,914.50",,
209057702,"VENDA ABDOMINAL QUIRÈRGICA . SE SOLICITA  TAMA•O 18 X 18"" PULGADAS.                                                                                                                                                                                                                          
Venda abdominal de gasa prelavada, EstÇril De 8˘ a 18"" x 18""a 36˘ Malla de 20 a 24 x 28 hilos, Cuatro a seis(4-6) dobleces. Con elemento radio-opaco. LA INSTITUCION SOLICITARA EL TAMA•O REQUERIDO.",0.40 ,"72,000 ",0 ,0 ,"72,000","28,440.00",,
209057800,"VENDA AJUSTABLE DE GASA ABSORBENTE DE 1 A 2 DOBLECES (Se solicita de 1"") ",0.16 ,0 ,0 ,0 ,0,0.00,,
209057801,"VENDA AJUSTABLE DE GASA ABSORBENTE DE 1 A 2 DOBLECES. SE SOLICITA TAMA•O DE  2""",0.08 ,0 ,0 ,0 ,0,0.00,,
209057802,"VENDA AJUSTABLE DE GASA ABSORBENTE DE 1 A 2 DOBLECES. SE  SOLICITA  TAMA•O DE  3""",0.12 ,0 ,0 ,0 ,0,0.00,,
209057803,"VENDA AJUSTABLE DE GASA ABSORBENTE DE 1 A 2 DOBLECES. SE  SOLICITA TAMA•O DE  4""",0.14 ,0 ,0 ,0 ,0,0.00,,
209058002,"VENDA DE GASA SIMPLE 1 A 4"" DE ANCHO                                                                                                                                                                                                              ",0.24 ,0 ,0 ,0 ,0,0.00,,
209058003,"VENDA DE GASA SIMPLE  (Se solicita de 4"" de ancho y 10yds de longitud). ",0.60 ,0 ,0 ,0 ,0,0.00,,
209058100,"VENDA ELASTICA  SE SOLICITA 2"" DE ANCHO X 5"" YARDAS DE LONGITUD                                                                                                                                                                                                                                                                            ",0.65 ,0 ,0 ,0 ,0,0.00,,
209058101,"VENDA ELASTICA  SE SOLICITA 3"" DE ANCHO X 5"" YARDAS DE LONGITUD                                                                                                                                                                                                                                                                               ",0.26 ,0 ,0 ,0 ,0,0.00,,
209058102,"VENDA ELASTICA  SE SOLICITA 4"" DE ANCHO X 5"" YARDAS DE LONGITUD                                                                                                                                                                                                                                                                               ",1.34 ,0 ,0 ,0 ,0,0.00,,
209058103,"VENDA ELASTICA  SE SOLICITA 6"" DE ANCHO X 5"" YARDAS DE LONGITUD                                                                                                                                                                                                                                                                               ",0.69 ,0 ,0 ,0 ,0,0.00,,
209058300,"VENDA DE YESO     (SE SOLICITA DE FRAGUADO RµPIDO DE 3"" X 3 YARDAS, DE MAXIMO DE 5 MINUTOS)",1.08 ,"1,244 ",864 ,0 ,"2,108","2,276.64",,
209058301,"VENDA DE YESO . SE SOLICITA DE FRAGUADO RµPIDO MAXIMO DE 5 MINUTOS DE 4"" X 3 YARDAS",2.02 ,0 ,0 ,0 ,0,0.00,,
209058302,"VENDA DE YESO, SE SOLICITA DE FRAGUADO RµPIDO MAXIMO DE 5 MINUTOS DE  4"" X 5 YARDAS.",2.06 ,0 ,0 ,0 ,0,0.00,,
209058303,"VENDA DE YESO  SE SOLICITA DE FRAGUADO RµPIDO MAXIMO DE 5 MINUTOS DE 5"" X 5 YARDAS",2.45 ,0 ,"4,920 ",0 ,"4,920","12,054.00",,
209058304,"VENDA DE YESO, SE SOLICITA DE FRAGUADO RµPIDO MAXIMO DE 5 MINUTOS DE 6"" X 5 YARDAS.",3.53 ,"6,888 ",288 ,0 ,"7,176","25,331.28",,
209058306,"VENDA DE YESO, SE SOLICITA DE FRAGUADO RµPIDO MAXIMO DE  5 MINUTOS DE  8"" X 5 YARDAS.",3.49 ,0 ,"1,236 ",768 ,"2,004","6,993.96",,
209058400,"VENDA DE GASA ABSORBENTE AJUSTABLE,  6 DOBLECES",0.76 ,0 ,0 ,0 ,0,0.00,,
209058900,"SUTURA CATGUT CR‡MICO, CALIBRE 0, LONGITUD 67 A 75 CM.  AGUJA DE 35 A 37MM, DELGADA, ´ ÷IRCULO, PUNTA REDONDA. ",1.14 ,"49,824 ",984 ,0 ,"50,808","57,667.08",,
209059200,"SUTURA: CATGUT CR‡MICO, CALIBRE 1",1.30 ,0 ,0 ,0 ,0,0.00,,
209059300,"SUTURA: CATGUT CR‡MICO, (SE SOLICITA CALIBRE 1)",0.82 ,0 ,0 ,0 ,0,0.00,,
209059400,"SUTURA: CATGUT CR‡MICO, CALIBRE 1, LONGITUD 75 CM,  AGUJA DE  37 MM, GRUESA, ´ C÷RCULO, PUNTA REDONDA GRUESA. ",1.21 ,"5,328 ",768 ,144 ,"6,240","7,550.40",,
209059700,"SUTURA: CATGUT CR‡MICO, CALIBRE 2-0",1.40 ,0 ,0 ,0 ,0,0.00,,
209059800,"SUTURA: CATGUT CR‡MICO CALIBRE  2-0,  SE SOLICITA DE LONGITUD DE 75 CM CON AGUJA DE 37 MM PUNTA REDONDA DELGADA",0.95 ,0 ,180 ,0 ,180,171.00,,
209059901,"SUTURA: CATGUT SIMPLE, CALIBRE 2-0, LONGITUD 67 A 75cm, AGUJA DE 20 A 22mm, ´ C÷RCULO, PUNTA REDONDA ESTêRIL ",1.39 ,0 ,228 ,0 ,228,316.92,,
209060000,"SUTURA: CATGUT CR‡MICO, CALIBRE 3-0",1.70 ,0 ,0 ,0 ,0,0.00,,
209060300,"SUTURA: CATGUT CROMICO, CALIBRE 4-0",0.73 ,"1,812 ",0 ,0 ,"1,812","1,325.62",,
209060500,"SUTURA: CATGUT CR‡MICO, CALIBRE  5-0, LONGITUD 45 CM. AGUJA DE 12 o 13 MM., ? C÷RCULO, PUNTA CORTANTE ESTêRIL. ",1.12 ,"3,912 ",336 ,756 ,"5,004","5,604.48",,
209062502,"SUTURA: POLIPROPILENO MONOFILAMENTO AZUL, CALIBRE 0",0.87 ,0 ,0 ,0 ,0,0.00,,
209062504,"SUTURA: POLIPROPILENO MONOFILAMENTO AZUL, CALIBRE 2-0, AGUJA REDONDA LONGITUD 75 A 90 CM. AGUJA DOBLE DE 25 A 26 MM., ´ C÷RCULO, PUNTA REDONDA ESTêRIL. ",1.18 ,0 ,0 ,0 ,0,0.00,,
209062506,"SUTURA DE POLIPROPILENO MONOFILAMENTO AZUL,CALIBRE1",0.93 ,0 ,"3,768 ",0 ,"3,768","3,509.97",,
209062602,"SUTURA: NYLON MONOFILAMENTO, CALIBRE 3-0",0.51 ,0 ,0 ,0 ,0,0.00,,
209062701,"SUTURA NYLON MONOFILAMENTO, CALIBRE 3-0 Con longitud 75 cm. con aguja de 24 mm., 3/8 circulo, punta cortantes reverso estÇril.",0.47 ,0 ,0 ,0 ,0,0.00,,
209062704,"SUTURA: NYLON MONOFILAMENTO, CALIBRE 4-0",0.50 ,0 ,0 ,0 ,0,0.00,,
209062902,SUTURA NYLON MONOFILAMENTO CALIBRE 10-0.      ,5.98 ,0 ,0 ,0 ,0,0.00,,
209063300,"SUTURA: NYLON MONOFILAMENTO, SE SOLICITA CALIBRE 6-0",1.25 ,0 ,0 ,0 ,0,0.00,,
209063306,"SUTURA: NYLON MONOFILAMENTO, CALIBRE 5-0, LONGITUD 45 CM., AGUJA DE 19 MA 20 MM., ? C÷RCULO, PUNTA CORTANTE. ",0.85 ,0 ,0 ,0 ,0,0.00,,
209063308,"SUTURA: POLIPROPILENO MONOFILAMENTO, CALIBRE 7-0",2.65 ,0 ,"1,008 ",0 ,"1,008","2,666.92",,
209063313,"SUTURA MONOFILAMENTO POLIDIOXANONA CALIBRE 4-0 Descripci¢n del producto: Sutura Monofilamento de Polidioxanona recubierta de triclosan ,incolora,    (SE SOLICITA: calibre 4-0,longitud 45cm, aguja de 19mm,3/8 circulo,punta cortante.)",7.11 ,0 ,0 ,0 ,0,0.00,,
209063317,SUTURA MONOFILAMENTO POLIDIOXANONA  CALIBRE 1 SE SOLICITA CON AGUJA 36.4MM Y LONGITUD DE 70 CM                                                                                                                                                                                                                                                                                                                                                                                                                                                          ,17.78 ,0 ,0 ,0 ,0,0.00,,
209063318,"SOLUCION ADHESIVA TOPICA PARA LA SUTURA DE LA PIEL  (SE SOLICITA DE 0.5ML
ESTERIL DE USO UNICO, EN ENVASE BURBUJA CON PUNTA, APLICADOR, DE FORMULACION MONOMETRICA DE (2
OCTIL CIANOACRILATO) Y CON BARRERA MICROBIAL DE 0.25ML,0.50ML,0.75ML DE LIQUIDO ADHESIVO.)",42.63 ,0 ,0 ,0 ,0,0.00,,
209063402,"SUTURA: µCIDO POLIGLIC‡LICO TRENZADO, CALIBRE  0, SE SOLICITA AGUJA DE 26 MM LONGITUD 75CM",1.37 ,0 ,0 ,0 ,0,0.00,,
209063404,"SUTURA: ACIDO POLIGLICOLICO TRENZADO, CALIBRE 0, LONGITUD 70 CM. AGUJA DE 37 MM. GRUESA 1/2 CIRCULO, PUNTA REDONDA ESTERIL. ",1.32 ,0 ,0 ,0 ,0,0.00,,
209063406,"SUTURA: ACIDO POLIGLICOLICO TRENZADO, CALIBRE 1, SE SOLICITA AGUJA DE 35 MM. LONGITUD 70CM",1.30 ,0 ,0 ,0 ,0,0.00,,
209063500,"SUTURA: µCIDO POLIGLIC‡LICO TRENZADA, CALIBRE 2-0",1.59 ,0 ,72 ,0 ,72,114.48,,
209063504,"SUTURA: µCIDO POLIGLIC‡LICO TRENZADO, CALIBRE 1 LONGITUD 67 A 75 CM. AGUJA DE 35 A 37 MM., 1/2 C÷RCULO, PUNTA REDONDA GRUESA.                                                                                              SOLICITAMOS: AGUJA CALIBRE 36MM LONG 70CM ",1.39 ,0 ,0 ,0 ,0,0.00,,
209063509,"SUTURA ACIDO POLIGLICOLICO TRENZADO, CALIBRE 4-0, SE SOLICITA AGUJA 19MM, 3/8 CIRCULO PUNTA CORTANTE ESTERIL, LONGITUD 45CM",1.38 ,0 ,0 ,0 ,0,0.00,,
209063510,"SUTURA: ACIDO POLIGLIC‡LICO TRENZADO, CALIBRE 4-0",1.36 ,0 ,0 ,0 ,0,0.00,,
209063513,"SUTURA: µCIDO POLIGLIC‡LICO TRENZADO, CALIBRE 3-0 ",1.58 ,"3,384 ",216 ,144 ,"3,744","5,915.52",,
209063802,"SUTURA ACIDO POLIGLICOLICO TRENZADO, SE SOLICITA CALIBRE 6-0",6.67 ,0 ,0 ,0 ,0,0.00,,
209064000,SUTURA: SEDA NEGRA TRENZADA SILICONIZADA CALIBRE 0,0.91 ,0 ,0 ,0 ,0,0.00,,
209064200,SUTURA: SEDA NEGRA TRENZADA SILICONIZADA CALIBRE 1.,0.87 ,0 ,0 ,0 ,0,0.00,,
209064201,"SUTURA: SEDA NEGRA TRENZADA SILICONIZADA, CALIBRE 1,  SE SOLICITA   LONGITUD 75CM.,  10 HEBRAS",1.59 ,0 ,0 ,0 ,0,0.00,,
209064400,"SUTURA: SEDA NEGRA TRENZADA SILIC‡N IZADA CALIBRE 2.0, SE SOLICITA LONGITUD 75CM, 10 HEBRAS",0.91 ,0 ,0 ,0 ,0,0.00,,
209064500,"SUTURA: SEDA NEGRA TRENZADA SILICONIZADA CALIBRE 2.0, SE SOLICITA DE LONGITUD 75CM",0.81 ,0 ,0 ,0 ,0,0.00,,
209064600,"SUTURA: SEDA NEGRA TRENZADA SILIC‡NIZADA, CALIBRE 3-0",1.08 ,0 ,0 ,0 ,0,0.00,,
209064701,"SUTURA: SEDA NEGRA TRENZADA SILICONIZADA, CALIBRE 3-0",0.50 ,0 ,0 ,0 ,0,0.00,,
209064800,SUTURA: SEDA NEGRA TRENZADA SILICONIZADA CALIBRE 3.0   SE SOLICITA AGUJA DE 22 MM,1.75 ,0 ,0 ,0 ,0,0.00,,
209065300,"SUTURA: SEDA NEGRA TRENZADA SILICONIZADA, CALIBRE 4-0, LONGITUD 45cm, AGUJA DE 12 A 13mm, ? C÷RCULO, PUNTA CORTANTE, ESTêRIL",0.72 ,0 ,0 ,0 ,0,0.00,,
209065500,"SUTURA: SEDA NEGRA TRENZADA  SILICONIZADA, CALIBRE 6-0. SE SOLICITA LONGITUD 45 CM.  AGUJA DE 11 A 12 MM., 3/8 CIRCULO, PUNTA CORTANTE",1.28 ,"2,088 ",432 ,324 ,"2,844","3,640.32",,
209066101,"SUTURA: POLIPROPILENO MONOFILAMENTO CALIBRE 3-0, DE LONGITUD 90CM, DOBLE AGUJA DE 25 - 26MM, 1/2 C÷RCULO PUNTA REDONDA ESTêRIL",1.65 ,552 ,312 ,864 ,"1,728","2,842.56",,
209069700,PLANCHA DE CAUTERIO DESECHABLE,3.29 ,0 ,0 ,0 ,0,0.00,,
209076301,"APOSITO PROTECTOR, SE SOLICITA TAMA•O 10CM X 10CM",16.81 ,"10,500 ",0 ,0 ,"10,500","176,452.50",,
209076401,"APOSITO DE ESPUMA, se solicita Tama§os con borde 15 CM X 20 CM",38.70 ,"3,750 ",0 ,0 ,"3,750","145,125.00",,
209076501,"APOSITO DE ESPUMA, se solicita Tama§os sin borde 12.5CM X 12.5CM",26.50 ,"1,700 ",0 ,0 ,"1,700","45,050.00",,
209076601,"APOSITO DE ESPUMA, se solicita Tama§os SIN BORDEN 20CM X 20CM",47.80 ,"2,550 ",0 ,0 ,"2,550","121,890.00",,
209076701,"CAPA POROSA O BIOMATRIZ, SE SOLICITA TAMA•O 10 cm x 10 cm, con 420 agujeros de 1600 micrones.",60.00 ,"3,560 ","3,180 ",100 ,"6,840","410,400.00",,
209077401,"SOLUCI‡N PARA LAVADO, IRRIGACI‡N Y DESBRIDAMIENTO DE HERIDAS, se solicita Botella con tapa rosca 500ml",25.00 ,0 ,451 ,0 ,451,"11,275.00",,
209077501,"SOLUCI‡N PARA LAVADO, IRRIGACI‡N Y DESBRIDAMIENTO DE HERIDAS, se solicita, Dispensador en aerosol con tapa atomizador 250 ml",20.25 ,0 ,330 ,0 ,330,"6,682.50",,
209077601,"SOLUCI‡N PARA LAVADO, IRRIGACI‡N Y DESBRIDAMIENTO DE HERIDAS, se solicita tama§o en bolsas con puerto de irrigaci¢n de 1000 ml.",62.41 ,36 ,400 ,48 ,484,"30,204.02",,
209077701,"SOLUCI‡N PARA LAVADO, IRRIGACI‡N Y DESBRIDAMIENTO DE HERIDAS, SE SOLICITA EL TAMA•O Compresa presaturada Empaque individual de gasa de 8 capas de 10 cm x 10 cm.",6.91 ,0 ,125 ,0 ,125,863.13,,
209077801,"SOLUCI‡N PARA LAVADO, IRRIGACI‡N Y DESBRIDAMIENTO DE HERIDAS SE SOLICITA, Gel Dispensador en spray aerosol 100 g.",47.51 ,0 ,0 ,0 ,0,0.00,,
209091701,"ESPUMA DE POLIURETANO (PU) CON SISTEMA DE CONTROL DE CARGA DE TRANSPIRACI‡N CONTINUA, se solicita 4"" x 5"" (10.2 cm x 12.7 cm)",28.90 ,0 ,0 ,0 ,0,0.00,,
209091801,"ESPUMA DE POLIURETANO (PU) CON SISTEMA DE CONTROL DE CARGA DE TRANSPIRACI‡N CONTINUA, se solicita ""8x8""(20.3 cm x 20.3 cm)",73.42 ,0 ,0 ,0 ,0,0.00,,
209091901,"ESPUMA DE POLIURETANO CON SISTEMA DE CONTROL DE CARGA IMPERMEABLE, se solicita ""4 x 5"" (10.2cm x 12.7 cm)",27.80 ,0 ,30 ,0 ,30,834.00,,
209092001,"ESPUMA DE POLIURETANO CON SISTEMA DE CONTROL DE CARGA IMPERMEABLE, se solicita ""8x8""(20.3 cm x 20.3 cm)",73.42 ,0 ,690 ,0 ,690,"50,659.80",,
209092101,"ESPUMA DE ALCOHOL POLIVINILICO CON SISTEMA DE CONTROL DE CARGA,    (SE SOLICITA ,EXUDADO MODERADO SIN PEL÷CULA DE RETENCI‡N DE HUMEDAD 15.2 cm x 15.2 cm (6? x 6?).",14.61 ,"4,360 ",845 ,0 ,"5,205","76,045.05",,
209092201,"ESPUMA DE ALCOHOL POLIVINILICO CON SISTEMA DE CONTROL DE CARGA,      (SE SOLICITA PARA TUNELIZACION DE 9 mm (1.2g)",14.61 ,"1,700 ","1,470 ",0 ,"3,170","46,313.70",,
209092301,"ESPUMA DE ALCOHOL POLIVINILICO CON SISTEMA DE CONTROL DE CARGA,     (SE SOLICITA, EXUDADO MODERADO SIN PEL÷CULA DE RETENCI‡N DE HUMEDAD, TAMA•O 10.2 cm x 10.2 cm  x 1.29 cm (4"" x 4"" x 0.5"")",56.25 ,0 ,"1,720 ",0 ,"1,720","96,750.00",,
209092401,"ESPUMA DE ALCOHOL POLIVINILICO CON SISTEMA DE CONTROL DE CARGA,    ( SE SOLICITA , EXUDADO ABUNDANTE SIN PEL÷CULA DE RETENCI‡N DE HUMEDAD TAMA•O De forma isla adherente de 10.2 cm x 12 cm (4"" x 4.75"") y espuma de 5 cm x 7 cm (2"" x 2.75"").",34.98 ,500 ,0 ,680 ,"1,180","41,276.40",,
209094100,CUCHILLA PARA PODADORA DE VELLOS Y CABELLOS CON SISTEMA OSCILANTE (Ofrecer Nueva Tecnologia) SE SOLICITAN UN MINIMO DE 100,3.11 ,"31,350 ",500 ,"2,250 ","34,100","105,880.50",,
209100700,ESPECULO VAGINAL (SE SOLICITA TAMA•O CHICO),0.22 ,0 ,0 ,0 ,0,0.00,,
209100701,ESPECULO VAGINAL (SE SOLICITA TAMA•O MEDIANO),1.24 ,"178,350 ","2,800 ","2,100 ","183,250","226,313.75",,
209100702,ESPECULO VAGINAL (SE SOLICITA TAMA•O GRANDE)  ,1.23 ,"68,900 ","1,100 ","3,900 ","73,900","90,897.00",,
209111100,"SUTURA µCIDO POLIGLICOLICO TENZADO, SE SOLICITA CALIBRE 3-0",0.94 ,"67,178 ",324 ,576 ,"68,078","63,919.11",,
209111200,SUTURA DE µCIDO POLIGLIC‡LICO CALIBRE 0 DE 60-75CM DE LONGITUD.,3.35 ,0 ,0 ,0 ,0,0.00,,
209111300,"MATRIZ EXTRACELULAR TRIDIMENSIONAL, SE SOLICITA 7 x 20CM, MALLA",295.60 ,0 ,0 ,0 ,0,0.00,,
209111600,"MATRIZ DE CELULOSA OXIDADA REGENERADA Y COL∑GENO, SE SOLICITA TAMA•O 123 CENTIMETROS CUADRADOS.                                                                                                                                                                                                                                                                      ",54.80 ,0 ,0 ,0 ,0,0.00,,
209112500,INSTRUMENTO O PINZA CURVA PARA FUSION DE TEJIDOS PARA ELECTROCAUTERIO MULTIMODAL O BIPOLAR AVANZADO (CIRUGIA ABIERTA) DESECHABLE,625.00 ,600 ,96 ,0 ,696,"435,000.00",,
209112600,PINZA LAPARASCOPICA DE 10 MM CON CORTE INCORPORADO PARA SELLADO DE VASOS SANGUINEOS MEDIANTE PRESION.                                                                                                                                                         ,404.75 ,82 ,18 ,0 ,100,"40,475.00",,
209112700,"LAPIZ PARA ELECTROCAUTERIO MULTIMODAL (CORTE,DISECCION Y COAGULACION)                                                                                                                                                                                                                                                             ",43.21 ,0 ,0 ,0 ,0,0.00,,
209112800,"PINZA PARA FUSION DE TEJIDOS Y DISECCION MONOPOLAR DE 5MM LAPARASCOPICA PARA ELECTROCAUTERIO MULTIMODAL, Se Solicita de 37 Long, mandibula curva. ",846.54 ,0 ,0 ,0 ,0,0.00,,
209112900,PINZA LAPARASCOPICA DE 5 MM CON CORTE INCORPORADO PARA SELLADO DE VASOS SANGUINEOS MEDIANTE PRESION.                                                                                                                              ,587.50 ,224 ,92 ,0 ,316,"185,650.00",,
209113300,"TROCAR PARA CIRUGIA LAPAROSCOPICA DE 2MM A 15MM DE DIAMETRO, PUNTA CORTANTE DESECHABLE CON PROTECCION ACTIVA Y REDUCTOR INCORPORADO",64.62 ,"1,056 ",0 ,6 ,"1,062","68,626.44",,
209113400,INSTRUMENTO PARA PROLAPSO RECTAL Y HEMORROIDES,199.50 ,114 ,54 ,0 ,168,"33,516.00",,
209113500,TROCAR PARA CIRUGIA LAPAROSCOPICA  DE 5MM A 12MM DE DIAMETRO CON SISTEMA DE ANCLAJE (TIPO HASSAN O TêCNICA ABIERTA) PUNTA ROMA DESECHABLE.                                             ,68.35 ,157 ,252 ,0 ,409,"27,953.11",,
209113600,"MALLA TRI-LAMINADA DELGADA.  (SE SOLICITA TAMA•O 8"" X 12"" (20 X 30cm))","1,651.43 ",0 ,0 ,0 ,0,0.00,,
209113700,HEMOSTATICO ABSORVIBLE DE TEXTURA ALGODONOSA            (SE SOLICITA: TAMA•O: 2.5 X 5CM),110.00 ,0 ,0 ,0 ,0,0.00,,
209119500,SUTURA MONOFILAMENTO POLIDIOXANONA  CALIBRE 1  (SE SOLICITA AGUJA  70MM ),19.70 ,0 ,0 ,0 ,0,0.00,,
209119600,"SUTURA MONOFILAMENTO SINTETICO ABSORBIBLE, SE SOLICITA CALIBRE 5-0",1.56 ,"42,480 ",684 ,0 ,"43,164","67,309.51",,
209119700,"SUTURA: MONOFILAMENTO SINTETICO ABSORBIBLE, CALIBRE 4-0 ",1.37 ,"7,596 ",432 ,144 ,"8,172","11,175.78",,
209119900,"CANULA DE ASPIRACION TIPO YANKEUER. SE SOLICITA TIPO RIGIDA DE ADULTO de 12"" y tuberia de 72"" o MAS",1.55 ,0 ,0 ,0 ,0,0.00,,
209125001,"SISTEMA DE ENGRAPADO O LIGADURA, PARA CLIP DE POLIMERO NO ABSORBIBLE",89.59 ,0 ,0 ,0 ,0,0.00,,
209155001,"GUANTES QUIRÈRGICOS LIBRES DE LATEX Y POLVO, ESTêRIL  SE SOLICITA TAMA•O 6 1/2",1.31 ,0 ,0 ,0 ,0,0.00,,
209155101,"GUANTES QUIRÈRGICOS LIBRES DE LATEX Y POLVO, ESTêRIL                      (SE SOLICITA TAMA•O 7)",1.64 ,0 ,0 ,0 ,0,0.00,,
209155201,"GUANTES QUIRÈRGICOS LIBRES DE LATEX Y POLVO, ESTêRIL . SE SOLICITA TAMA•O 7.5",1.64 ,0 ,0 ,0 ,0,0.00,,
209158201,GLUCONATO DE CLORHEXIDINA AL 4% EN ESPUMA PARA ANTISEPSIA DE MANO.   ( LA EMPRESA QUE SE LE ADJUDIQUE DEBE PROPORCIONAR ELSISTEMA DE DISPENSACION POR BOMBA DE PIE) ,28.94 ,0 ,0 ,0 ,0,0.00,,
209158301,"GUANTES DE NITRILO PARA EXAMEN SIN POLVO, NO ESTêRIL.       (SE SOLICITA TAMA•O MEDIANO)",0.04 ,0 ,0 ,0 ,0,0.00,,
209158401,"GUANTES DE NITRILO PARA EXAMEN SIN POLVO, NO ESTêRIL.     (SE SOLICITA TAMA•O GRANDE)",0.04 ,0 ,0 ,0 ,0,0.00,,
209160401,SOLUCION QUIRURGICA ANTISEPTICO PARA LA PIEL. SE SOLICITA VOLUMEN DE 26ML,11.31 ,0 ,0 ,0 ,0,0.00,,
209163501,"SUTURA: POLIPROPILENO MONOFILAMENTO, CALIBRE 6-0  ( 1/2 de circulo)",4.46 ,0 ,0 ,0 ,0,0.00,,
209163901,"INJERTO VASCULAR CONICO CON ANILLOS INTEGRADOS AL PTFE.   (SE SOLICITA: CON HEPARINA BIOACTIVA, CAN ANILLO INTEGRAD, INJERTO VASCULAR C‡NICO Entre 4MM y 6MM ,Longitud 45CM).","1,815.00 ",0 ,71 ,0 ,71,"128,865.00",,
209168001,"INJERTO VASCULAR CONICO CON ANILLOS INTEGRADOS AL PTFE.   SE SOLICITA:  CON HEPARINA BIOACTIVA, CAN ANILLO INTEGRAD, INJERTO VASCULAR C‡NICO ENTRE 4MM y  7MM , LONGITUD 45CM","1,850.00 ",225 ,0 ,0 ,225,"416,250.00",,
209170601,"ESPIROMETRO INCENTIVO PARA REALIZAR EJERCICIOS DE RESPIRACION PROFUNDA.
(DESECHABLE):",19.95 ,"32,560 ",408 ,624 ,"33,592","670,015.62",,
209171801,LENTE INTRAOCULAR PLEGABLE DE ACRILICO HIDROFOBICO DE +10.00 A +30.00 DIOPTRIAS.,39.90 ,390 ,3 ,0 ,393,"15,680.70",,
209175902,"CEPILLO PARA LAVADO QUIRURGICO DESECHABLE CON CLOREXIDINA AL 4%,ESTERIL",0.68 ,0 ,0 ,0 ,0,0.00,,
209193700,DELANTAL PROTECTOR DE FLUIDOS   (JUMSUIT) ,41.13 ,"307,400 ","14,600 ","5,100 ","327,100","13,453,623.00",,
209196401,"Cuchillete con Mango de 15ß hasta 45ß  (se solicita de 15¯) Desechable, esteril, con hoja en forma de lanceta de una sola pieza de 3 a 5mm.",10.95 ,0 ,0 ,0 ,0,0.00,,
209203101,GLUCONATO DE CLORHEXIDINA AL 2% EN ESPUMA PARA ANTISEPSIA DE MANO. ( LA EMPRESA QUE SE LE ADJUDIQUE DEBE PROPORCIONAR EL SISTEMA DE DISPENSACION POR BOMBA DE PIE)  ,19.25 ,"6,000 ",0 ,0 ,"6,000","115,500.00",,
209214901,CANULA NASOFARINGEA DE 32 FR A 36 FR.                 (SE SOLOCITA TAMA•0 32FR) ,3.69 ,"5,380 ",300 ,0 ,"5,680","20,979.65",,
209215001,CANULA NASOFARINGEA  DE 32 FR A 36 FR.                        (SE SOLOCITA TAMA•0 34FR),3.69 ,"2,190 ",300 ,0 ,"2,490","9,179.63",,
209215101,CANULA NASOFARINGEA  DE 28 FR A 30 FR. SE SOLOCITA TAMA•0 30FR      ,3.69 ,0 ,630 ,0 ,630,"2,326.84",,
209215201,CANULA NASOFARINGEA  DE 28 FR A 30 FR. SE SOLOCITA TAMA•0 28FR   ,3.65 ,270 ,300 ,0 ,570,"2,082.78",,
209223001,"CAL SODADA SIN PRODUCCION DEL COMPUESTO A. SE SOLICITA BOLSA DE 1KG? Indicador de violeta de etilo <1%? Hidr¢xido de calcio de porcentaje de peso >75%.? En caso que contenga catalizador: Cloruro de litio de % de peso entre 0% y 3% ¢ Hidr¢xido de Sodio entre 0% y 2%
",110.17 ,0 ,0 ,0 ,0,0.00,,
209235401,"GASA 2"" X 2"" X 16 DOBLECES, ESTêRIL",0.03 ,0 ,0 ,0 ,0,0.00,,
209235501,"GASA 2"" X 2"" X 16 DOBLECES CON ELEMENTO RADIOPACO, ESTERIL",0.03 ,0 ,0 ,0 ,0,0.00,,
209235601,"GASA 3"" X 3"" X 16 DOBLECES, ESTERIL",0.07 ,0 ,0 ,0 ,0,0.00,,
209235801,"GASA 8"" X 4"" X 16 DOBLECES, ESTêRIL",0.07 ,0 ,0 ,0 ,0,0.00,,
209235901,"GASA 8"" X 4"" X 16 DOBLECES CON ELEMENTOS RADIOPACO, ESTêRIL",0.26 ,0 ,0 ,0 ,0,0.00,,
209236101,"GASA SIMPLE 4"" X 4"" X 16 ESTêRIL",0.21 ,"5,900 ",0 ,0 ,"5,900","1,239.00",,
209244001,"AGUJAS PARA LOCALIZACION Y BLOQUEO DE NERVIO PERIFERICO.                             (SE SOLICITA TAMA•O 22Ga X 2"").",11.80 ,"1,860 ",60 ,0 ,"1,920","22,656.00",,
209268501,"CIRCUITO DESECHABLE DE VENTILADOR INTEGRADO DE HUMIDIFICACI‡N PASIVA Y
FILTRACI‡N DE 72 HORAS DE USO",79.00 ,"6,530 ","1,710 ",210 ,"8,450","667,550.00",,
209269601,"GUANTES DE NITRILO PARA EXAMEN SIN POLVO, NO ESTêRIL. SE SOLICITA TAMA•O CHICO",0.04 ,0 ,0 ,0 ,0,0.00,,
209270001,"SET DE ROPA
",12.34 ,"58,620 ",0 ,330 ,"58,950","727,443.00",,
209286501,"CINTURON SEGURIDAD PARA MARCHA DE ADULTO                    (SE SOLICITA TAMA•O PEQUE•A DE 34""-30"")",82.72 ,220 ,0 ,0 ,220,"18,199.14",,
209286601,"CINTURON SEGURIDAD PARA MARCHA ADULTO.  (SE SOLICITA MEDIANO 30""-44"")",110.00 ,369 ,0 ,0 ,369,"40,590.00",,
209286701,"CINTURON SEGURIDAD PARA MARCHA DE ADULTO.         (SE SOLICITA GRANDE 44""-60"")",82.72 ,312 ,114 ,0 ,426,"35,240.16",,
209292901,BOLSA PARA OBTENCI‡N DE MUESTRAS EN CIRUG÷A LAPAROSC‡PICA (Se solicita de 6.4cm x 15cm),150.00 ,0 ,0 ,0 ,0,0.00,,
209296301,TIJERA PARA CORTE Y LIGADURA DE CORD‡N UMBILICAL CON BISTUR÷. ,183.75 ,0 ,0 ,0 ,0,0.00,,
209298301,SET DE ROPA DESECHABLE PARA CIRUGIA OFTALMOLOGICA,39.99 ,"8,602 ",0 ,570 ,"9,172","366,788.28",,
209313501,"CUCHILLETE     (SE SOLICITA  2,2mm)",11.98 ,0 ,0 ,540 ,540,"6,466.50",,
209321101,SISTEMA DE DRENAJE TORACICO DE TRES CAMARAS. SE SOLICITA DRENAJE CERRADO DE 1 TUBO,37.13 ,0 ,0 ,0 ,0,0.00,,
209330401,"RESPIRADORES CONTRA PARTICULAS DE ALTA FILTRACION N95 CON O SIN VALVULA DE EXALACION.                                                                                                   (SOLICITAMOS TAMA•O MEDIANO ,SIN VALVULA DE EXALACION)",0.97 ,0 ,0 ,0 ,0,0.00,,
209332801,BANDEJA DE ANESTESIA EPIDURAL CONTINUA DESECHABLE CON MEDICAMENTO. SE SOLICITA AGUJA TUOHY/HUBER DE 17G X 88 a 90mm SIN ALAS,30.00 ,0 ,0 ,300 ,300,"9,000.00",,
209338801,"EMPAQUES O COMPRESA CALIENTE (SE SOLICITA CONTORNO PARA CUELLO 61X15 CM 24"" X 6"")",36.64 ,160 ,10 ,0 ,170,"6,228.95",,
209355401,"BOLSA MIXTA TERMOSELLABLE PARA ESTERILIZAR, 6"" X 12"" (150 X 300MM)",0.11 ,"445,080 ",0 ,0 ,"445,080","48,958.80",,
209375401,"JUEGO COMPLETO PARA CATETERIZACI‡N VESICAL CON SONDA FOLEY SE SOLICITA 16Fr DE SILICONA, CAPACIDAD DE BOLSA DE 2000cc, Soluci¢n para limpieza de Clorexidina acuosa al 1% CON Jeringuilla prellenada con agua bidestilada de  10cc CON UN PAR DE GUANTES DE NITRILO O VINILO",15.91 ,"21,720 ","1,860 ",240 ,"23,820","378,976.20",,
209375601,"JUEGO COMPLETO PARA CATETERIZACI‡N VESICAL CON SONDA FOLEY SE SOLICITA 18Fr DE SILICONA, CAPACIDAD DE BOLSA DE 2000cc, Soluci¢n para limpieza de Clorexidina acuosa al 1% CON Jeringuilla prellenada con agua bidestilada de  10cc CON UN PAR DE GUANTES DE NITRILO O VINILO",13.00 ,"19,677 ",0 ,160 ,"19,837","257,881.00",,
209377501,"GUANTES QUIRÈRGICOS LIBRES DE LATEX Y POLVO, ESTêRIL  SE SOLICITA TAMA•O 6",1.64 ,0 ,0 ,0 ,0,0.00,,
209393201,APOSITO DE ESPUMA 3D CON PLATA IONICA SE SOLICITA APOSITO NO ADHESIVO TAMA•O 10X 10CM ,21.00 ,"20,615 ",270 ,0 ,"20,885","438,585.00",,
209416401,"JUEGO COMPLETO PARA SUCCI‡N DE V÷AS RESPIRATORIAD, PEDIATRICO Y ADULTO. SE SOLICITA TAMA•O 6FR",1.37 ,"5,250 ",150 ,0 ,"5,400","7,398.00",,
209419501,DETERGENTE LIQUIDO CON ENZIMAS (SE SOLICITA DE 4 ENZIMA),35.63 ,"6,182 ",380 ,0 ,"6,562","233,804.06",,
209419601,TORRE DE HISTEROSCOPIA DE FLUJO CONTINUO PARA GINECOLOGIA:   SE SOLICITA ACCESORIO  JUEGOS DE TUBOS DE SILICON REUSABLE,55.36 ,60 ,0 ,0 ,60,"3,321.60",,
209422201,"MULTICAPA DE TRIPLEACCION A BASE DE OCTENIDINA Y ACIDO HIALURONICO TAMA•O: 10CM X 10CM (3.9"" X 3.9"")",0.11 ,200 ,"1,340 ",0 ,"1,540",169.40,,
209423401,CATETER DE ARTERIA RADIAL PARA MONITORIZACION DE PRESION Y TOMA DE MUESTRAS SE SOLICITA CON ALETAS DE 3Fr Y 5cms DE LONGITUD DE POLIURETANO CON PUNTA RECTA,76.00 ,0 ,0 ,0 ,0,0.00,,
209434101,TIJERA PARA BISTURI ARMONICO CON CONTROL MANUAL Y ALTA FRECUENCIA.  (SE SOLICITA VASTAGO DE 9CM),"1,090.00 ",0 ,0 ,0 ,0,0.00,,
209443301,"GUANTES QUIRÈRGICOS DE LµTEX, ESTêRIL (Se solicita tama§o 6)                                                                                                                                                                                                                                                     ",0.28 ,0 ,0 ,0 ,0,0.00,,
209454501,BOLSA INFUSORA A PRESION .SE SOLICITA BOLSA DE 1000cc DE CAPACIDAD,51.38 ,0 ,255 ,0 ,255,"13,101.90",,
209458401,MATRIZ EXTRACELULAR TEJIDO FIBROSO (Se solicita de 5 x 5cm) ,70.07 ,0 ,0 ,0 ,0,0.00,,
209459201,SET DE ROPA PARA CITOSCOP÷A,25.98 ,"29,692 ",224 ,"1,512 ","31,428","816,499.44",,
209462801,FERULAS SINTETICAS EN ROLLO SE SOLICITA DE 7.5CM X 4.6M,112.06 ,114 ,34 ,0 ,148,"16,584.88",,
209462901,FERULA SINTETICAS EN ROLLO SE SOLICITA DE 12.5CM X 4.6M,163.88 ,580 ,16 ,0 ,596,"97,672.48",,
209464201,FERULAS SINTETICAS EN ROLLO SE SOLICITA DE 5CM X 4.6M,92.04 ,2 ,301 ,0 ,303,"27,888.12",,
209464301,"FERULAS SINTETICAS EN ROLLO SE SOLICITA DE 10CM X 4,6M",138.50 ,70 ,20 ,0 ,90,"12,465.00",,
209471301,JUEGO DE ROPA DESECHABLE PARA CAMA DE PACIENTE,3.39 ,"91,800 ",400 ,"4,600 ","96,800","328,152.00",,
209472501,"VENDA DE YESO DE POLIESTER SE SOLICITA 5""X4 YARDAS. ",6.23 ,"34,249 ",0 ,0 ,"34,249","213,371.27",,
209472601,BANDEJA PARA INSERCION DE SONDA VESICAL ,1.90 ,"1,360 ",0 ,0 ,"1,360","2,584.00",,
209479001,BOLSA INFUSORA A PRESION. SE SOLICITA BOLSA DE 500cc DE CAPACIDAD,21.60 ,0 ,0 ,0 ,0,0.00,,
209484301,"BANDEJA PARA CATETERIZACION VENOSO CENTRAL DOBLE LUMEN NEONATAL.  SE SOLICITA 4FR X 5CM, DE POLIURETANO",64.50 ,600 ,0 ,0 ,600,"38,700.00",,
209484401,"BANDEJA PARA CATETERIZACION VENOSO CENTRAL DOBLE LUMEN NEONATAL.  SE SOLICITA 4FR X 8CM, DE POLIURETANO",64.50 ,60 ,0 ,0 ,60,"3,870.00",,
209484701,BANDEJA PARA CATETERIZACION VENOSO CENTRAL TRIPLE LUMEN PEDIATRICA. SE SOLICITA MATERIAL DE CATETER CON POLIURETANO DIAMETRO 5 FR X 8CM DE LONGITUD.,73.50 ,110 ,0 ,0 ,110,"8,085.00",,
209484801,BANDEJA PARA CATETERIZACION VENOSO CENTRAL TRIPLE LUMEN PEDIATRICA.   SE SOLICITA MATERIAL DE CATETER CON POLIURETANO DIAMETRO 5FR X 12CM DE LONGITUD,162.00 ,200 ,0 ,0 ,200,"32,400.00",,
209485301,"SUTURA: POLIPROPILENO MONOFILAMENTO, CALIBRE 5-0.(SE SOLICITA LONGITUD DE 75 CM) ",3.97 ,"18,452 ",204 ,0 ,"18,656","74,064.32",,
209485401,PERILLA (BULBO) DE SUCCION - IRRIGACION DE 2 ONZAS ESTERIL,0.66 ,"8,201 ",400 ,0 ,"8,601","5,633.66",,
209485501,GUANTES QUIRURGICO DE LATEX ESTERIL                                                               (SE SOLICITA TAMA•O 8 1/2),0.28 ,0 ,0 ,0 ,0,0.00,,
209485901,BANDAS ELµSTICAS PARA FORTALECIMIENTO SE SOLICITA ULTRA SUAVE,103.91 ,312 ,45 ,33 ,390,"40,526.48",,
209486001,BANDAS ELµSTICAS PARA FORTALECIMIENTO   (SE SOLICITA MEDIANA),102.39 ,38 ,0 ,24 ,62,"6,347.93",,
209486101,BANDAS ELµSTICAS PARA FORTALECIMIENTO                     (SE SOLICITA FUERTE) ,100.00 ,318 ,45 ,54 ,417,"41,700.00",,
209486201,BANDAS ELµSTICAS PARA FORTALECIMIENTO                       (SE SOLICITA -EXTRA FUERTE),126.55 ,78 ,45 ,39 ,162,"20,501.08",,
209486401,BANDAS ELµSTICAS PARA FORTALECIMIENTO                     (SE SOLICITA -SUPER FUERTE),100.00 ,5 ,12 ,57 ,74,"7,400.00",,
209489901,"APOSITO ELECTROESTATICO LAMINADO DE CARBON ACTIVADO DE BAJA ADHERENCIA SE SOLICITA TAMA•O: 20 CM X 10 CM (8"" X 4"")",36.75 ,0 ,0 ,0 ,0,0.00,,
209493501,BANDAS ELµSTICAS PARA FORTALECIMIENTO.                    (SE SOLICITA SUAVE),103.91 ,3 ,45 ,39 ,87,"9,040.52",,
209496501,"APOSITO ELECTROESTµTICO DE TRIPLE ACCI‡N SE SOLICITA TAMA•O: 10 CM X 10 CM (4"" X 4"")",24.00 ,"3,600 ","1,500 ",0 ,"5,100","122,400.00",,
209518001,"AP‡SITO HIDROCOLOIDE (Est†ndar, Regular o Extra Absorbente).  SE SOLICITA  CUADRADO 10CM X 10CM",2.98 ,"5,360 ","1,750 ",0 ,"7,110","21,152.25",,
209519101,RECIPIENTE DESECHABLE PARA SISTEMA DE DRENAJE TORµCICO DIGITAL (Se solicita de 300cc polipropileno) ,16.75 ,0 ,0 ,0 ,0,0.00,,
209521601,"AGUJAS PARA LOCALIZACION Y BLOQUEO DE NERVIO PERIFERICO.  SE SOLICITA TAMA•O 22Ga X 3 1/4"" ",11.80 ,308 ,0 ,0 ,308,"3,634.40",,
209540801,HIALURONATO S‡DICO,25.89 ,"5,135 ",189 ,426 ,"5,750","148,867.50",,
209541001,"FORRO PROTECTOR DE COLCHON SE SOLICITA TAMA•O 38"" X 80""",44.88 ,"14,800 ","1,150 ",800 ,"16,750","751,740.00",,
209542201,"SUTURA: ACIDO POLIGLIC‡LICO TRENZADO, CALIBRE 3-0, LONGITUD 67 A 75 CM.  AGUJA DE 15 A 17 MM., 1/2 CIRCULO, PUNTA REDONDA. SE SOLICITA LONGITUD DE 75CM Y AGUJA DE 15MM",1.34 ,"25,892 ",0 ,0 ,"25,892","34,565.82",,
209546001,MASCARILLA RECTANGULAR DE 3 PLIEGUES CON SUJECION EN LA OREJA. ,0.31 ,0 ,0 ,0 ,0,0.00,,
209546301,"BATA DESECHABLE, PARA USO GENERAL NO ESTERIL .AAMI     NIVEL 3.  SE SOLICITA TAMA•O REGULAR O UNIVERSAL (MEDIANO -GRANDE)",0.58 ,0 ,0 ,0 ,0,0.00,,
209546401,"BATA DESECHABLE, PARA USO GENERAL NO ESTERIL .AAMI NIVEL 3.       (SE SOLICITA TAMA•O GRANDE)",0.60 ,0 ,0 ,0 ,0,0.00,,
209559101,VENDAJE NEUROMUSCULAR. SE SOLICITA DE 5CM X 5MT,12.50 ,0 ,0 ,0 ,0,0.00,,
209559201,"MU•EQUERA CON BARRA DE 6? U 8? DERECHA O IZQUIERA, CON CIERRE DE VELCRO. SE SOLICITA  TAMA•O CHICO",40.69 ,"1,131 ",0 ,0 ,"1,131","46,020.39",,
209559401,"INMOVILIZADOR DE RODILLA UNIVERSAL. SE SOLICITA TAMA•O  16"" DE LONGITUD",44.78 ,0 ,0 ,0 ,0,0.00,,
209559601,INMOVILIZADOR ELµSTICO DE HOMBRO                           (SE SOLICITA TAMA•O SMALL)    ,44.65 ,744 ,0 ,0 ,744,"33,219.60",,
209559701,"CALCETA TUBULAR.    SE SOLICITA  MEDIA TEJIDA DE ALGOD‡N 2"" X 25 YARDAS DE LONGITUD",12.11 ,630 ,0 ,0 ,630,"7,626.15",,
209559801,"MU•EQUERA CON BARRA DE 6? U 8? DERECHA O IZQUIERA, CON CIERRE DE VELCRO  (SE SOLICITA  TAMA•O MEDIANO)",40.00 ,377 ,0 ,0 ,377,"15,080.00",,
209559901,"MU•EQUERA CON BARRA DE 6? U 8? DERECHA O IZQUIERA, CON CIERRE DE VELCRO, SE SOLICITA  TAMA•O GRANDE ",40.69 ,670 ,0 ,0 ,670,"27,262.30",,
209560201,"INMOVILIZADOR DE RODILLA UNIVERSAL                                                SE SOLICITATAMA•O 20"" DE LONGITUD",44.54 ,429 ,0 ,0 ,429,"19,107.66",,
209560301,"INMOVILIZADOR DE RODILLA UNIVERSAL   SE SOLICITA  Tama§os : 24"". de longitud",40.52 ,396 ,0 ,0 ,396,"16,045.92",,
209560401,INMOVILIZADOR ELµSTICO DE HOMBRO SE SOLICITA TAMA•O MEDIANO,14.54 ,"1,893 ",0 ,0 ,"1,893","27,524.22",,
209560501,INMOVILIZADOR ELµSTICO DE HOMBRO (SE SOLICITA TAMA•O LARGO),13.89 ,846 ,0 ,0 ,846,"11,749.25",,
209564401,SUTURA POLIGLACTINA 910 RECUBIERTO DE POLIGLACTINA 370 Y TRICLOSAN (SUTURA ACTIVA).CALIBRE 1 .   (SE SOLICITA AGUJA 36.4MM Y LONGITUD DE 90CM)                                                                                                                                                                                                                 ,5.36 ,"7,380 ","1,404 ","1,440 ","10,224","54,800.64",,
209564501,"SUTURA MONOFILAMENTO POLIDIOXANONA  CALIBRE 1                                                                                                                                                                                                                                                                                                                                                                                                                                                         DESCRIPCION: Recubierta de triclosan color violeta, longitud entre 70cm y 90cm, con aguja de 36.4mm, 40mm ¢ 48mm de 1/2 circulo, punta ahusada. (SE SOLICITA CALIBRE 1 CON AGUJA 40MM Y LONGITUD DE 90 CM)",18.37 ,960 ,0 ,0 ,960,"17,635.20",,
209565201,BANDEJA PARA CATETERIZACION VENOSO CENTRAL TRIPLE LUMEN PEDIATRICA.    SE SOLICITA MATERIAL DE CATETER CON POLIURETANO DIAMETRO 5FR X 15CM DE LONGITUD.,165.00 ,700 ,0 ,0 ,700,"115,500.00",,
209566001,"RECIPIENTE DESECHABLE PARA SISTEMA DE DRENAJE TORµCICO DIGITAL (Se solicita recipiente de 2000, polipropileno) ",135.00 ,272 ,0 ,0 ,272,"36,720.00",,
209566101,TUBO PARA SISTEMA DE DRENAJE TORµXICO DIGITAL CONEXI‡N SIMPLE SE SOLICITA 1.5 M,27.00 ,246 ,540 ,0 ,786,"21,222.00",,
209566801,AGUJA PARA LA LOCALIZACION DE LESIONES MAMARIAS . SOLICITA CALIBRE 20 G A Y 10 cm                                                                                                       ,10.95 ,0 ,0 ,0 ,0,0.00,,
209585001,AP‡SITO CON MATRIZ DE COLAGENO CON PLATA,50.00 ,90 ,970 ,0 ,"1,060","53,000.00",,
209590301,TIJERA PARA BISTURI ARMONICO CON CONTROL MANUAL Y ALTA FRECUENCIA.  SE SOLICITA VASTAGO DE 45CM,897.50 ,0 ,0 ,0 ,0,0.00,,
209603601,"RESPIRADORES CONTRA PARTICULAS DE ALTA FILTRACION N95 CON O SIN VALVULA DE EXALACION. SE SOLICITA TAMA•O GRANDE, CON VALVULA DE EXALACI‡N ",5.70 ,0 ,0 ,0 ,0,0.00,,
209611001,"EMPAQUES O COMPRESA CALIENTE. (SE SOLICITA TAMA•O ESTµNDAR DE 25CM X 30CM 10""X12"")",24.49 ,22 ,10 ,0 ,32,783.68,,
209666301,ROPA DESECHABLE DE NEUROCIRUG÷A,54.95 ,15 ,480 ,0 ,495,"27,200.25",,
209726201,"FIJACION CUTANEO CON ADHESIVO DE SILICONA Y DOBLE PROTECCION ANTIMICROBIANA DE CLORHEXIDINA Y PLATA CON VENTANA SE SOLICITA TAMA•O: 6cm x 7cm
",18.50 ,0 ,0 ,0 ,0,0.00,,
209726301,"FIJACION CUTANEO CON ADHESIVO DE SILICONA Y DOBLE PROTECCION ANTIMICROBIANA DE CLORHEXIDINA Y PLATA CON VENTANA SE SOLICITA TAMA•O: 10cm x 12cm
",29.50 ,0 ,0 ,0 ,0,0.00,,
209770201,GORRO PARA VARON.,0.05 ,"1,729,000 ","130,000 ","174,000 ","2,033,000","91,485.00",,
209770301,GORRO PARA MUJERES.,0.03 ,"1,032,000 ","318,000 ","42,100 ","1,392,100","34,802.50",,
209817201,ROPA DESECHABLE PARA LAPARATOMIA,13.09 ,450 ,0 ,0 ,450,"5,890.50",,
209819201,MANGA DE COMPRESION NEUMATICA SECUENCIAL Y/O INTERMITENTE PARA  PANTORRILLA PARA LA PROFILAXIS DE LA TROMBOSIS VENOSA PROFUNDA. SE SOLICITA TAMA•O GRANDE.,33.10 ,"2,748 ",320 ,240 ,"3,308","109,494.80",,
209819301,MANGA DE COMPRESION NEUMATICA SECUENCIAL Y/O INTERMITENTE PARA  PANTORRILLA PARA LA PROFILAXIS DE LA TROMBOSIS VENOSA PROFUNDA.    SE SOLICITA TAMA•O  MEDIANO,33.25 ,"5,580 ",400 ,240 ,"6,220","206,815.00",,
209821001,SISTEMA INTEGRADO DE CIERRE DE PUERTOS (DUAL) PARA PROCEDIMIENTOS LAPAROSC‡PICOS,201.34 ,0 ,0 ,0 ,0,0.00,,
209833001,JERINGUILLA DE 1cc (?-100) PARA INSULINA DE RETRACCION. SE SOLICITA 30G X 8MM,0.38 ,"1,260,200 ","108,400 ","30,400 ","1,399,000","531,620.00",,
209833101,JERINGUILLA DE 0.5cc (›ﬁ-100) PARA INSULINA DE RETRACCION     (SE SOLICITA 30G X 8MM),0.33 ,"7,000 ","304,000 ","67,500 ","378,500","124,905.00",,
209833401,SET DE ROPA DESECHABLE PARA DILATACION Y CURETAJE,20.42 ,"31,350 ","1,008 ",360 ,"32,718","668,101.56",,
209833501,FERULAS SINTETICAS EN ROLLO SE SOLICITA DE 15CM X 4.6M,184.94 ,438 ,70 ,0 ,508,"93,949.52",,
209833601,"CATETER INTRAVENOSO DE BIOSEGURIDAD   (SE SOLICITA CATETER DE POLIURETANO TAMA•O 18G X 1 1/4"")",0.87 ,"664,000 ","15,600 ","56,000 ","735,600","639,972.00",,
209833701,"CATETER INTRAVENOSO DE BIOSEGURIDAD.  SE SOLICITA CATETER DE POLIURETANO TAMA•O 20G X 1""  A 1 3/4""",1.17 ,0 ,0 ,0 ,0,0.00,,
209833801,"CATETER INTRAVENOSO DE BIOSEGURIDAD SE SOLICITA CATETER DE POLIURETANO TAMA•O 22G X 1 """,1.07 ,"341,200 ","11,400 ","8,600 ","361,200","384,678.00",,
209833901,CATETER INTRAVENOSO DE BIOSEGURIDAD 1. CatÇter con sistema de seguridad de retracci¢n autom†tica al extraer la gu°a o aguja ,0.83 ,"371,300 ","33,400 ","19,600 ","424,300","352,169.00",,
209834001,CANULA NASOFARINGEA  DE 20 FR A  26 FR.  (SE SOLOCITA TAMA•0 26FR) ,3.81 ,"9,510 ",0 ,0 ,"9,510","36,233.10",,
209834201,"FILTRO DE C02 DESECHABLE (Se Solicita Con filtros de CO2 desechables (50 unidades) con su tuber°a seg£n fabricante, o Con filtros de CO2 desechables (100 unidades) sin tuber°a seg£n fabricante)",10.00 ,0 ,0 ,0 ,0,0.00,,
209834501,SISTEMA DE DOS PIEZAS PARA COLOSTOMIA /ILEOSTOMIA PARA ADULTO ABIERTO.  (SE SOLICITO DIAMETRO EXTERNO DE 50MM),4.55 ,0 ,0 ,0 ,0,0.00,,
209834601,SISTEMA DE DOS PIEZAS PARA COLOSTOMIA/ILEOSTONIA PARA ADULTO ABIERTA SE SOLICITA DIAMETRO EXTERNO 57MM A 60MM,3.80 ,0 ,"3,240 ","5,940 ","9,180","34,884.00",,
209834701,CANULA NASOFARINGEA  DE 32 FR A 36 FR.  (SE SOLOCITA TAMA•0 36FR)        ,3.69 ,"5,850 ",0 ,0 ,"5,850","21,586.50",,
209834801,ENVASE PARA DESECHOS PUNZOCORTANTE SE SOLICITA TAMA•O 7.6 LITROS,5.50 ,0 ,0 ,0 ,0,0.00,,
209834901,ENVASE PARA DESECHOS PUNZOCORTANTE SE SOLICITA TAMA•O 22.7 LITROS,9.50 ,0 ,0 ,0 ,0,0.00,,
209835001,ENVASE PARA DESECHOS PUNZOCORTANTE SE SOLICITA TAMA•O 1.4 LITROS,5.58 ,30 ,240 ,0 ,270,"1,505.25",,
209847501,GUANTES DE NITRILO CON PU•O EXTENDIDO. SE (SOLICITA TAMA•O EXTRA GRANDE),1.65 ,0 ,0 ,0 ,0,0.00,,
209851201,COBERTOR CµMARA DE VIDEO (Se solicita tama§o  17CM X 242CM),2.77 ,"1,920 ","2,040 ",180 ,"4,140","11,467.80",,
209854501,LAMINA PROTECTORA DE SUPERFICIES AISLANTE DE FLUIDOS CONTAMINANTES.                           ,18.50 ,"144,170 ","11,500 ",350 ,"156,020","2,886,370.00",,
209865701,APOSITO CON MATRIZ DE COLAGENO (Se solicita 4 pulgadas x 4 pulgadas (10cm x 10cm),51.66 ,0 ,0 ,0 ,0,0.00,,
209868301,TERMOMETRO TIMPANICO DIGITAL   ( SE SOLICITA FUNDA O CUBERTOR DESECHABLE) ,0.05 ,"14,630,000 ","140,000 ","169,000 ","14,939,000","746,950.00",,
209870701,"SOLUCI‡N DE GLUCONATO DE CLORHEXIDINA AL 2% Y ALCOHOL AL 70%, PARA LA ASEPSIA PRE QUIRÈRGICA DE LA PIEL Y PARA ACCESOS VASCULARES    SE SOLICITA TUBO APLICADOR CON ESPONJA DE 35ML  ENTINTADO",9.00 ,0 ,0 ,0 ,0,0.00,,
209870801,CATETER DE SUCCION NASO-FARINGEA CALIBRE 14FR LONGITUD 60CM ,0.25 ,"29,200 ",0 ,0 ,"29,200","7,300.00",,
209870901,CATETER DE SUCCION NASO-FARINGEA CALIBRE 16FR LONGITUD 60CM ,0.25 ,"103,900 ",0 ,0 ,"103,900","25,975.00",,
209871001,CATETER DE SUCCION NASO-FARINGEA CALIBRE 18FR LONGITUD 60CM ,0.25 ,"32,000 ",0 ,0 ,"32,000","8,000.00",,
209871201,TIJERA LAPAROSC‡PICA PARA BISTURI ARMINICO CON CONTROL MANUAL Y ALTA FRECUENCIA. SE SOLICITA VASTAGO DE 17 CM ,"1,090.00 ",0 ,0 ,0 ,0,0.00,,
209871301,"SISTEMA DE CATERIZACION VENOSA CENTRAL DE DOBLE O TRIPLE
LUMEN CON 2 ANTIBIOTICOS (MINOCICLINA Y RIFAMPICINA), NEONATAL
O PEDIµTRICO  (SE SOLICITA DOBLE LUMEN 4FR X 5M, DE POLIURETANO)",205.00 ,0 ,0 ,0 ,0,0.00,,
209871401,"SISTEMA DE CATERIZACION VENOSA CENTRAL DE DOBLE O TRIPLE
LUMEN CON 2 ANTIBIOTICOS (MINOCICLINA Y RIFAMPICINA), NEONATAL
O PEDIµTRICO.                                                                        SE SOLICITA 5FR X 8CM, DE DOS LUMENS DE POLIURETANO",205.00 ,300 ,0 ,0 ,300,"61,500.00",,
209871501,"SISTEMA DE CATERIZACION VENOSA CENTRAL DE DOBLE O TRIPLE LUMEN CON 2 ANTIBIOTICOS (MINOCICLINA Y RIFAMPICINA), NEONATAL O PEDIµTRICO,  SE SOLICITA 5FR X 12CM, DE POLIURETANO DE DOS LUMEN.",205.00 ,"3,697 ",0 ,0 ,"3,697","757,885.00",,
209871601,"SISTEMA DE CATERIZACION VENOSA CENTRAL DE DOBLE O TRIPLE LUMEN CON 2 ANTIBIOTICOS (MINOCICLINA Y RIFAMPICINA), NEONATAL O PEDIµTRICO.   SE SOLICITA DE TRES LUMENES 5FR X 12CM, DE POLIURETANO",205.00 ,"2,575 ",0 ,0 ,"2,575","527,875.00",,
209871701,"SISTEMA DE CATERIZACION VENOSA CENTRAL DE DOBLE O TRIPLE LUMEN CON 2 ANTIBIOTICOS (MINOCICLINA Y RIFAMPICINA), NEONATAL O PEDIµTRICO                                                                                                                                  (SE SOLICITA 5FR X 15M, TRIPLE LUMEN DE POLIURETANO)",205.00 ,775 ,0 ,0 ,775,"158,875.00",,
209871801,"SISTEMA DE CATERIZACION VENOSA CENTRAL DE DOBLE O TRIPLE LUMEN CON 2 ANTIBIOTICOS (MINOCICLINA Y RIFAMPICINA), NEONATAL
O PEDIµTRICO.   SE SOLICITA 5FR X 8CM, DE TRES LUMENS DE POLIURETANO",205.00 ,0 ,0 ,0 ,0,0.00,,
209871901,SISTEMA DE CATERIZACION VENOSA CENTRAL DE DOBLE   LUMEN CON 2 ANTIBIOTICOS 4FR X 8CM,205.00 ,151 ,0 ,0 ,151,"30,955.00",,
209872001,"TUBO DE EXTENSI‡N DE VENOCLISIS. SE SOLICITA DE 25"" DE LONGITUD",0.60 ,"69,098 ",400 ,"2,100 ","71,598","42,958.80",,
209884401,"SISTEMA CERRADO (ESPIGA) UNIDIRECCIONAL PARA EXTRACCI‡N DE SOLUCION EN BOTELLA O BOLSA, CON O SIN FILTRO DE AIRE Y CONECTOR LIBRE DE AGUJA. SE SOLICITA CON FILTRO",2.41 ,"3,300 ",0 ,0 ,"3,300","7,953.00",,
209910801,ESTIMULADOR NERVIO VAGO (PROTESIS) ,"25,783.33 ",0 ,0 ,0 ,0,0.00,,
209968301,MICROESFERAS DE POLIESTIRENO CARGADAS NEGATIVAMENTE,27.28 ,"1,329 ",189 ,0 ,"1,518","41,411.04",,
209975301,CEPILLO PLANO PARA LIMPIEZA DE 75MM X 20MM X 15MM (RIGIDO) ,25.00 ,"22,542 ","1,050 ",450 ,"24,042","601,050.00",,
209975501,CEPILLO PARA LIMPIAR 75mm x 20mm x 15mm (FLEXIBLE),25.00 ,"18,943 ","1,500 ",450 ,"20,893","522,325.00",,
209975701,ESPONJA TEREFTALATO DE POLIETILENO      (SE SOLICITA ESPONJA),0.90 ,360 ,0 ,0 ,360,324.00,,
209991001,"PELICULA DE SILICONA, CON PROTECCI‡N DE CLORHEXIDINA Y PLATA SE SOLICITA TAMA•O: 10 cm X 12 cm.",35.95 ,0 ,"1,500 ",800 ,"2,300","82,685.00",,
209991101,"PELICULA DE SILICONA, CON PROTECCI‡N DE CLORHEXIDINA Y PLATA SE SOLICITA TAMA•O: 6 cm X 20 cm.",29.50 ,0 ,"1,500 ",200 ,"1,700","50,150.00",,
209991201,"APOSITO PROTECTOR, SE SOLICITA TAMA•O 15CM X 15CM",23.38 ,"1,860 ","2,805 ",200 ,"4,865","113,719.38",,
209991301,"APOSITO PROTECTOR, SE SOLICITA TAMA•O 20CM X 20CM",37.08 ,"1,000 ",50 ,0 ,"1,050","38,934.00",,
209991401,"APOSITO ESPUMA , SE SOLICITA Tama§os con borde, 12.5X 12.5 CM",33.00 ,"2,400 ",0 ,0 ,"2,400","79,200.00",,
209991501,"APOSITO ESPUMA, se solicita Tama§os sin borde 10CM X 20CM",27.00 ,"2,100 ",0 ,0 ,"2,100","56,700.00",,
209991801,"APOSITO ESPUMA , se solicita Tama§os con borde 20CMX 26CM PARA TALON.",58.60 ,"2,100 ",0 ,0 ,"2,100","123,060.00",,
209992601,ESTABILIZADOR DE CATETER SUPRA PUBICO O URETERAL,22.00 ,0 ,"1,365 ",200 ,"1,565","34,430.00",,
,Total general,**************,"98,982,011","3,316,680","2,799,008","105,097,699","73,341,983",,
,,,,,,,,,
,,,,,,,,,
