209003502;CONECTOR PARA BOMBA DE INFUSION CON FILTRO DE AIRE.;TRAMITE USUAL;4.48;0;0;0;0;0
209003700;AGUJA PARA NEUMOPERITONEO  (TIPO VERESS) PARA LAPARASCOPIA (Se solicita 120mm);TRAMITE USUAL;8.4;2,787;12;0;2,799;23,511.60
209007502;DETERGENTE ANIONICO EN POLVO PRESENTACION: PAQ.DE 4 LIBRAS;TRAMITE USUAL;35.5;19,037;405;65;19,507;692,468.46
209008100;AGUJA HIPODÉRMICA,  (SE SOLICITA CALIBRE 18G X 1  1/2 PULGADAS, 38MM DE LONGITUD);TRAMITE USUAL;0.01;255,000;9,950;131,500;396,450;3,512.55
209008400;AGUJA HIPODÉRMICA,   (SE SOLICITA CALIBRE 21G, 1 PULGADAS, 25MM DE LONGITUD.) ;TRAMITE USUAL;0.01;310,800;88,800;0;399,600;3,284.71
209008500;AGUJA HIPODÉRMICA,  SE SOLICITA CALIBRE 21G X 1 1/2 PULGADAS, 38MM DE LONGITUD;TRAMITE USUAL;0.01;946,700;51,600;93,300;1,091,600;8,972.95
209008600;AGUJA HIPODÉRMICA, SE SOLICITA CALIBRE 22G X 1 PULGADAS, 25MM DE LONGITUD;TRAMITE USUAL;0.01;0;0;0;0;0
209008700;AGUJA HIPODÉRMICA    (SE SOLICITA CALIBRE 22G X 1 1/2 PULGADAS, 38MM DE LONGITUD);TRAMITE USUAL;0.01;2,246,000;650,100;114,800;3,010,900;24,749.60
209008800;AGUJA HIPODÉRMICA, (SE SOLICITA CALIBRE 23G X 1 PULGADAS 25MM DE LONGITUD);TRAMITE USUAL;0.01;0;0;0;0;0
209008900;AGUJA HIPODÉRMICA,   SE SOLICITA CALIBRE 24G X 1 PULGADAS 25MM DE LONGITUD;TRAMITE USUAL;0.02;300,000;13,500;6,000;319,500;4,792.50
209009000;"AGUJA HIPODÉRMICA DESECHABLE (Se solicita calibre 25G de 1"" de longitud) ";TRAMITE USUAL;0.01;0;0;0;0;0
209009002;AGUJA HIPODÉRMICA    (SE SOLICITA CALIBRE 25G X 1 1/2 PULGADAS, 38MM DE LONGITUD);TRAMITE USUAL;0.01;1,249,900;76,900;4,000;1,330,800;10,939.18
209009301;"PAPEL SATINADO PARA CAMILLA Y MESA DE EXAMEN.    (SE SOLICITA TAMAÑO 18"" ANCHO X 300 PIES LARGO)";TRAMITE USUAL;3.37;4,431;1,071;4,860;10,362;34,919.94
209011222;BANDEJA PARA CATETERIZACION VENOSA CENTRAL TRIPLE LUMEN.  SE SOLICITA CATETER DE POLIURETANO;TRAMITE USUAL;55.1;0;0;0;0;0
209011226;BANDEJA PARA CATETERIZACION VENOSO CENTRAL TRIPLE LUMEN CON 2 ANTIBIOTICOS (MINOCICLINA Y RIFAMPICINA).                                                                      (SE SOLICITA CATETER DE POLIURETANO ADULTO);TRAMITE USUAL;262.5;3,880;850;0;4,730;1,241,625.00
209013300;RECIPIENTE DESECHABLE PARA SISTEMA DE DRENAJE TORÁCICO DIGITAL (Se solicita de 800cc de capacidad);TRAMITE USUAL;22.72;12,162;90;18;12,270;278,808.27
209013400;TUBO PARA SISTEMA DE DRENAJE TORÁCICO DIGITAL CONEXIÓN DOBLE (Se solicita longitud de 1.5 mts). DEBE SER COMPATIBLE CON EL EQUIPO EXISTENTE EN LA INSTITUCIÓN.;TRAMITE USUAL;33.5;0;60;0;60;2,010.00
209016801;ESPONJA HEMOSTATICA DE GELATINA ABSORBIBLE.   SE SOLICITA TAMAÑO 7x5x1CM ( 70MMX50MMX10MM );TRAMITE USUAL;3.09;0;0;0;0;0
209017402;JALEA LUBRICANTE ESTÉRIL  (SE SOLICITA TUBO DE 113 GM);TRAMITE USUAL;2.8;0;0;0;0;0
209018401;TRAJE DE PROTECCION PERSONAL (TIPO OVEROL) TAMAÑO L;TRAMITE USUAL;10.76;966,753;12,360;0;979,113;10,535,255.88
209018501;TRAJE DE PROTECCION PERSONAL (TIPO OVEROL)TAMAÑO XL;TRAMITE USUAL;10.76;810,720;0;2,925;813,645;8,754,820.20
209018800;APLICADOR DE GRAPAS AUTOMÁTICO PARA LAPAROSCOPIA (Se solicita con grapa de 10mm, 20 grapas, mediano / grande);TRAMITE USUAL;67.71;504;54;0;558;37,782.18
209018801;APLICADOR DE GRAPAS AUTOMÁTICO PARA LAPAROSCOPIA  (SE SOLICITA TAMAÑO DE 5MM, 20 GRAPAS, MEDIANO / GRANDE);TRAMITE USUAL;137.5;0;0;0;0;0
209019006;"VENDA DE GASA PRESATURADAS DE CLORURO DE SODIO AL 20%   (TAMAÑO 6"" (15 CM ) X 6 3/4"" (17 CM ).";TRAMITE USUAL;5.12;0;0;0;0;0
209019200;"APLICADOR DE MADERA CON ALGODÓN, ESTÉRIL  (SE SOLICITA DE 6"")";TRAMITE USUAL;0.01;1,432,000;230,900;33,900;1,696,800;24,942.96
209019501;APÓSITO HIDROCOLOIDE (FINO O EXTRA DELGADO)          (SE SOLICITA CUADRADO 15CM X 15CM).;TRAMITE USUAL;2.54;26,860;1,160;0;28,020;71,170.80
209019502;APÓSITO HIDROCOLOIDE (Estándar, Regular o Extra Absorbente)                (SE SOICITA CUADRADO/IMPERMEABLE 20CM X 20CM).;TRAMITE USUAL;4.85;0;0;0;0;0
209019503;APÓSITO HIDROCOLOIDE (FINO O EXTRA DELGADO)             (SE SOLICITA CUADRADO 10CM X 10CM);TRAMITE USUAL;1.65;18,480;0;0;18,480;30,492.00
209019504;APÓSITO HIDROCOLOIDE (Estándar, Regular o Extra Absorbente).  SE SOLICITA,  CUADRADO 15CM X 15CM;TRAMITE USUAL;3.8;36,830;400;0;37,230;141,474.00
209019507;APOSITO TRANSPARENTE ESTERIL. SE SOLICITA  CON VENTANA DE 8-10CM X 10-12.5CM;TRAMITE USUAL;0.18;0;0;0;0;0
209019508;APOSITO TRANSPARENTE ESTERIL. SE SOLICITA CON VENTANA TAMAÑO DE 5-6CM X 7-8CM;TRAMITE USUAL;0.09;128,800;19,200;8,000;156,000;14,040.00
209019600;APOSITO OCULAR ADULTO ESTERIL;TRAMITE USUAL;0.07;48,725;13,350;200;62,275;4,359.25
209019900;INSTRUMENTO DE ENGRAPADO PARA CIERRE DE PIEL DESECHABLE ;TRAMITE USUAL;7.22;0;0;0;0;0
209019902;INSTRUMENTAL DE ENGRAPADO TORACO ABDOMINAL Y REGARGA, DESECHABLE (Se solicita carga de 60mm, 3.5mm de altura de grapa abierta y 1.5mm de altura de grapa cerrada. Y por cada dos (2) instrumentos con carga, debe entregar una recarga adicional) ;TRAMITE USUAL;121.64;0;0;0;0;0
209019903;INSTRUMENTO DE ENGRAPADO TORACO ABDOMINAL Y RECARGA DESECHABLE (Se solicita carga de 30mm, 3.5mm de altura de grapa abierta y 1.5mm de altura de grapa cerrada. Por cada dos (2) instrumentos con carga, debe entregar una recarga adicional) ;TRAMITE USUAL;123.7;0;0;36;36;4,453.20
209019904;INSTRUMENTO DE ENGRAPADO Y CORTE LINEAL PARA CIRUGÍA ABIERTA, DESECHABLE ;TRAMITE USUAL;120.18;0;0;0;0;0
209019905;INSTRUMENTAL DE ENGRAPADO TORACO ABDOMINAL Y RECARGA DESECHABLE (Se solicita instrumento recto, carga de longitud  de 90mm, altura de grapa abierta 3.5mm y altura de grapa cerrada 1.5mm. Por cada dos (2) instrumentos con carga, debe entregar una carga adicional) ;TRAMITE USUAL;187.85;0;54;0;54;10,143.90
209019906;INSTRUMENTO DE ENGRAPADO MECANICO CIRCULAR,DESECHABLE.   SE SOLICITA INSTRUMENTO CURVO CON GRAPA DE 29MM CON GRAPAS DE ALTURA MINIMA DE 4.8 MM ABIERTA O INDICADOR DE ESCALA DE COMPRENSION DE 2 MM CERRADA;TRAMITE USUAL;400;0;0;15;15;6,000.00
209019907;ENGRAPADORA  CIRCULAR CORTANTE CON YUNQUE ARTICULABLE PARA ANASTOMOSIS DIGESTIVA (Se solicita de 31mm, con grapas de altura mínima de 4.8mm abierta);TRAMITE USUAL;425.45;0;0;0;0;0
209019910;INSTRUMENTO DE ENGRAPADO MECÁNICO PARA FIJAR  MALLAS EN  HERNIAS, DESECHABLE, CON 10 GRAPAS O MAS, DE TITANIUM  DE 4.8mm (Por cada instrumento con su carga, debe entregar una carga adicional) ;TRAMITE USUAL;123.26;0;0;0;0;0
209020000;"INSTRUMENTO DE ENGRAPADO Y CORTE LINEAL RECTA ENDOSCOPICA CON O SIN
REGARGA,DESECHABLE     (SE SOLICITA Estándar: vástago de 16cm o longitud total de 34cm, LONGITUD DE 60MM DE LARGO, ALTURA DE GRAPA ABIERTA 3.5 Y CERRADA 1.5MM)                                                                                                                                                                                                                                                                                                                                                                                         Instrumento de engrapado de corte lineal de 12mm de diámetro.
";TRAMITE USUAL;200;15;30;0;45;9,000.00
209020002;INSTRUMENTO DE ENGRAPADO Y CORTE LINEAL RECTA ENDOSCOPICA CON O SIN REGARGA,DESECHABLE (SE SOLICITA Estándar: vástago de 16cm o longitud total de 34cm, LONGITUD DE 60MM DE LARGO, ALTURA DE GRAPA ABIERTA 2.5 Y CERRADA 1.0MM)                                                                                                                                                                                                                                                                                                                                                                                        ;TRAMITE USUAL;230.91;0;0;0;0;0
209020600;INSTRUMENTO PARA LIGAR VASOS, DE TITANIUM, DESECHABLE (Se solicita tamaño chico);TRAMITE USUAL;56.77;0;216;18;234;13,284.18
209020700;ENGRAPADORA CURVA CORTANTE PARA TEJIDO GRUESO (CIRUGIA COLON RECTAL). Instrumento de engrapado quirúrgico curvo cortante , que permita un mejor acceso y visualizacion en la pelvis baja, dos dobles linea de grapas  y corte entre la segunda y tercera linea de grapas para cirugía colon rectal.;TRAMITE USUAL;1,220.18;0;0;0;0;0
209020902;RECARGA DE CLIP DE POLÍMERO NO ABSORBIBLE    (SE SOLICITA DE 7MM A 16MM. LA EMPRESA ENTREGARÁ A LA UNIDAD LA PINZA PARA APLICAR EL MISMO);TRAMITE USUAL;98.43;0;0;0;0;0
209021204;"BANDEJA PRE OPERATORIA PARA LAVADO DE PIEL. SE SOLICITA CON TENAZA Y DOS APLICADORES DE 3 PULGADAS CON PUNTA DE ALGODÓN
";TRAMITE USUAL;4.32;120;0;0;120;518.4
209021205;"BANDEJA DE ANESTESIA RAQUIDEA DESEHABLE CON MEDICAMENTO SE SOLICITA (CON INTRODUCTOR, AGUJA PUNTA DE LAPIZ/SPROTE 25G LARGO 136MM CON AGUJA 22G x 1 1/2"", Epinefrina 1:1000, ampolla de 1ml y efedrina sulfato 50mg/ml, ampolla de 1ml, y CON BUPIVACAINA PESADA).";TRAMITE USUAL;34;0;0;0;0;0
209021504;"BOLSA MIXTA TERMOSELLABLE PARA ESTERILIZAR, 12"" X 16"" A 18""(304.8 MM X 406.4MM A 457.2 MM)";TRAMITE USUAL;0.11;37,110;15,200;31,200;83,510;9,211.15
209021506;"BOLSA MIXTA TERMOSELLABLE PARA ESTERILIZACION 18"" X 24"" (450 X 600MM)";TRAMITE USUAL;0.2;34,326;8,600;2,600;45,526;9,036.91
209021507;"ROLLO SIN FUELLE TERMOSELLABLE PARA ESTERILIZACIÓN, DE 3"" DE ANCHO X 660 PIES (7.5CM Ó 75MM X 200 Mts)";TRAMITE USUAL;12.3;0;0;0;0;0
209021508;"ROLLO SIN FUELLE TERMOSELLABLE PARA ESTERILIZACION 4"" DE ANCHO x 660' (10cm Ó 100mm x 200mts)";TRAMITE USUAL;13.58;0;0;54;54;733.05
209021510;"BOLSA MIXTA TERMOSELLABLE PARA ESTERILIZAR, 3"" X 10"" a 10 1/2"" (75 X 255 a 265MM) ";TRAMITE USUAL;0.03;0;0;0;0;0
209021515;"BOLSA MIXTA TERMOSELLABLE PARA ESTERILIZAR 5 1/4"" A 5 1/2´´ X 10 1/2"" A 11´´(130MM A 140MM X 260MM A 280MM). ";TRAMITE USUAL;0.04;0;0;0;0;0
209021516;"BOLSA MIXTA TERMOSELLABLE PARA ESTERILIZAR, 8"" X 12"" (200 X 300MM)";TRAMITE USUAL;0.07;0;0;0;0;0
209021600;"BOLSA HIDROSOLUBLE SE SOLICITA TAMAÑO 28"" X 39""";TRAMITE USUAL;0.78;40,200;0;0;40,200;31,356.00
209021701;BOLSA DE 1 PIEZA PARA COLOSTOMÍA/ILEOSTOMÍA PARA ADULTO RECORTABLE. ABIERTA.  SE SOLICITA CON FILTRO DE CARBON INCORPORADO Y DIAMETRO DE 10mm o 12mm hasta 55mm;TRAMITE USUAL;2.63;155,880;9,360;3,600;168,840;444,049.20
209021702;BOLSA DE 1 PIEZA PARA COLOSTOMÍA/ILEOSTOMÍA PARA ADULTO RECORTABLE ABIERTA.                                                                                                                                       (SE SOLICITA CON FILTRO DE CARBON INCORPORADO Y DIAMETRO DE 10mm o 12mm hasta 70mm);TRAMITE USUAL;3.03;1,166,760;9,090;3,600;1,179,450;3,573,733.50
209021807;BOLSA DE 1 PIEZA PARA COLOSTOMIA / ILEOSTOMIA PEDIATRICA, ABIERTA (RECORTABLE).  SE SOLICITA DE 10MM A  35MM;TRAMITE USUAL;3.67;4,950;2,250;270;7,470;27,414.90
209021908;SISTEMA DE DOS PIEZAS PARA UROSTOMÌA DE ADULTO CON DIÀMETRO EXTERNO. SE SOLICITA DE  DE 50MM;TRAMITE USUAL;6.5;28,080;500;2,400;30,980;201,370.00
209022100;"BOLSA COLECTORA DE ORINA PARA ADULTO.
";TRAMITE USUAL;1.4;75,720;0;2,200;77,920;109,088.00
209022300;BOLSA COLECTORA DE ORINA DE 30 A 35 ONZA DE CAPACIDAD     (900CC A 1050CC) DE PIERNA . ;TRAMITE USUAL;0.55;29,808;822;0;30,630;16,846.50
209022305;BOLSA BIODEGRADABLE COLECTORA DE VOMITO.;TRAMITE USUAL;1.5;3,312;2,772;1,584;7,668;11,471.33
209024800;CUBIERTA DE ZAPATO (Se solicita sin cinta);TRAMITE USUAL;0.05;0;0;0;0;0
209025901;BRAZALETE DE IDENTIFICACIÓN PEDIATRICA. SE SOLICITA: 8 PULGADAS DE LONGITUD;TRAMITE USUAL;0.04;1,491,600;49,500;3,700;1,544,800;56,385.20
209026003;BRAZALETE DE IDENTIFICACIÓN PARA ADULTOS.                (SE SOLICITA: 12 PULGADAS DE LONGITUD);TRAMITE USUAL;0.04;5,153,600;35,700;14,500;5,203,800;192,540.60
209026600;"CALCETA TUBULAR. SE SOLICITA TAMAÑO :  3 "" X 25 YARDAS DE ALGODON";TRAMITE USUAL;8.33;0;1,355;0;1,355;11,287.15
209026601;MEDIA ANTIDESLIZANTE. SE SOLICITA MEDIANA  (LONGITUD: 35cms, ANCHO 8.5cm);TRAMITE USUAL;0.98;464,800;0;550;465,350;454,181.60
209026602;MEDIA ANTIDESLIZANTE                (SE SOLICITA GRANDE (Longitud: 40cms, ancho 9cm).;TRAMITE USUAL;0.99;596,588;0;550;597,138;593,555.17
209026700;" CALCETA TUBULAR. SE SOLICITA TAMAÑO: 4 "" X 25 YARDAS.  DE ALGODON";TRAMITE USUAL;10.06;2,058;185;153;2,396;24,114.47
209027200;"CANULA INTRAVENOSA SIN JERINGUILLA SE SOLICITA DE 18G  X  1  1/4""  A  1  1/2"" DE  POLIURETANO
";TRAMITE USUAL;0.16;0;0;0;0;0
209027401;"CANULA INTRAVENOSA SIN JERINGUILLA SE SOLICITA DE POLIURETANO  CALIBRE # 22 G X  DE 1"" A  1  1/4"" .
";TRAMITE USUAL;0.26;300;0;0;300;78.95
209027402;"CÁNULA INTRAVENOSA SIN JERINGUILLA  (SE SOLICITA DE POLIURETANO, CALIBRE # 24, DE 3/4"")";TRAMITE USUAL;0.18;0;0;0;0;0
209027618;CATETER DE HISTEROSONOGRAFIA, 5Fr O 7FR. SE SOLICITA TAMAÑO  5FR Y BALON DE 3CC;TRAMITE USUAL;18.12;720;105;0;825;14,949.00
209028310;LIMPIEZA DE SUBCLAVIA CON CLOREXIDINA Y ALCOHOL .    (SE SOLICITA CON UN (1) APLICADOR);TRAMITE USUAL;3.89;0;0;0;0;0
209028600; SONDA FOLEY DE LATEX RECUBIERTA CON SILICON, 2 VIAS CON BALON DE 3CC/ML   SE SOLICITA CALIBRE 10FR;TRAMITE USUAL;0.64;2,100;0;60;2,160;1,384.56
209028700;SONDA FOLEY DE LATEX RECUBIERTA CON SILICON , 2 VÍAS CON BALÓN DE 5 CC/ML. SE  SOLICITA  CALIBRE 12FR;TRAMITE USUAL;0.53;2,520;0;30;2,550;1,348.95
209028701;SONDA FOLEY DE LATEX RECUBIERTA CON SILICON , 2 VÍAS CON BALÓN DE 5 CC/ML.   SE SOLICITA  CALIBRE 18FR;TRAMITE USUAL;0.49;8,660;1,270;500;10,430;5,100.27
209028702;SONDA FOLEY DE LATEX RECUBIERTA CON SILICON , 2 VÍAS CON BALÓN DE 5 CC/ML.  (SE SOLICITA CALIBRE 20FR);TRAMITE USUAL;0.49;32,130;1,700;1,040;34,870;17,051.43
209028703;SONDA FOLEY DE LATEX RECUBIERTA CON SILICON , 2 VÍAS CON BALÓN DE 5 CC/ML.     SE SOLICITA CALIBRE  22FR ;TRAMITE USUAL;0.49;27,960;320;1,260;29,540;14,445.06
209028800;SONDA FOLEY DE LATEX RECUBIERTA CON SILICON , 2 VÍAS CON BALÓN DE 5 CC/ML.     SE SOLICITA CALIBRE 14FR;TRAMITE USUAL;0.44;29,040;180;700;29,920;13,134.88
209028801;SONDA FOLEY DE LATEX RECUBIERTA CON SILICON , 2 VÍAS CON BALÓN DE 5 CC/ML.  SE  SOLICITA  CALIBRE 16FR;TRAMITE USUAL;0.56;0;0;0;0;0
209029810;SONDA FOLEY DE LATEX RECUBIERTA CON SILICÒN, 3 VÌAS CON BALÒN DE 30 CC.  SE SOLICITA CALIBRE 24FR;TRAMITE USUAL;0.89;1,290;260;2,980;4,530;4,009.05
209029912;TROCAR PARA CIRUGIA LAPAROSCOPICA DE 2MM A 15MM DE DIAMETRO, PUNTA CORTANTE DESECHABLESE.  (SE  SOLICITA TROCAR COMPLETO DE 5MM DE DIAMETRO Y DOS CAMISAS ADICIONALES);TRAMITE USUAL;78.96;0;186;0;186;14,686.56
209029914;TROCAR PARA CIRUGIA LAPAROSCOPICA, DE 2 A 15 MM DE DIAMETRO, PUNTA CORTANTE, DESECHABLE.,                                                                                                          (SE SOLICITA TROCAR COMPLETO DE 12MM DE DIAMETRO Y DOS CAMISAS ADICIONALES) ;TRAMITE USUAL;71.08;0;0;0;0;0
209030001;JUEGO PARA ACCESO VENOSO PERIFÉRICO (CANALIZACIÓN);TRAMITE USUAL;0.81;0;0;0;0;0
209030702;CERA DE HUESO. SE SOLICITA EN BASTÓN;TRAMITE USUAL;1.88;0;0;0;0;0
209030904;CINTA DE HILADILLO ESTERIL DE ALGODÓN TRENZADO;TRAMITE USUAL;2.75;0;0;0;0;0
209031000;"CINTA INDICADORA PARA ESTERILIZACION A VAPOR.  SE SOLICITA TAMAÑO  DE  1/2"" X 60 O MAS YARDAS.";TRAMITE USUAL;1.47;0;0;0;0;0
209031001;"CINTA INDICADORA PARA ESTERILIZACION A VAPOR. SE SOLICITATAMAÑO 3/4"" X 60 Ó MAS YARDAS.";TRAMITE USUAL;2.02;0;0;0;0;0
209031002;"CINTA INDICADORA PARA ESTERILIZACION A VAPOR                SE SOLICITA TAMAÑO  1"" X 60 O MAS YARDAS.";TRAMITE USUAL;2.8;0;0;0;0;0
209031100;COBERTOR PARA SILLETA (PALETA);TRAMITE USUAL;0.4;21,000;0;0;21,000;8,400.00
209032201;PROTECTOR PLÁSTICO PARA EL OJO;TRAMITE USUAL;8;0;4,200;1,584;5,784;46,272.00
209032301;LAPIZ DE CAUTERIO, DESECHABLE CON CONTROL MANUAL DUAL.;TRAMITE USUAL;1.36;900;2,800;1,300;5,000;6,795.00
209032601;GEL PARA ELECTRODOS. SE SOLICITA TUBO DE 140 GRAMOS;TRAMITE USUAL;3.8;7,850;1,390;100;9,340;35,445.30
209032700;"PROTECTOR DE COLCHÓN, DESECHABLE, ABSORBENTE, DE ALGODON O DE POLIETILENO POR UN LADO, (SE SOLICITA TAMAÑO 58.4 cm x 91.4 cm  (23""x36"")  ";TRAMITE USUAL;0.21;0;0;0;0;0
209033101;VENDA AUTOADHERIBLE DE PLASTICO RECTANGULAR O LARGAS.        (CURITAS RECTANGULAR);TRAMITE USUAL;0.01;0;0;0;0;0
209033200;VENDA ADHESIVA DE PLÁSTICO REDONDA;TRAMITE USUAL;0.01;0;0;0;0;0
209033201;GRAPA PARA LIGAR CORDON UMBILICAL;TRAMITE USUAL;0.19;0;0;100;100;19
209033306;BATA DESECHABLE, PARA USO GENERAL NO ESTERIL .AAMI     NIVEL 3.  SE SOLICITA TAMAÑO MEDIANO;TRAMITE USUAL;0.6;0;0;0;0;0
209033311;BATA QUIRURGICA ESTERIL .AAMI NIVEL 3. SE SOLICITA TAMAÑO MEDIANO;TRAMITE USUAL;1.12;0;0;0;0;0
209033312;BATA QUIRURGICA ESTERIL .AAMI NIVEL 3. SE SOLICITA TAMAÑO GRANDE;TRAMITE USUAL;2.85;0;0;0;0;0
209033314;BATA QUIRURGICA ESTERIL .AAMI NIVEL 4. SE SOLICITA TAMAÑO MEDIANO;TRAMITE USUAL;1.18;0;0;0;0;0
209033315;BATA QUIRURGICA ESTERIL .AAMI NIVEL 4.    (SE SOLICITA TAMAÑO GRANDE).;TRAMITE USUAL;1.39;0;0;0;0;0
209033316;BATA QUIRURGICA ESTERIL .AAMI NIVEL 4.  SE SOLICITA TAMAÑO EXTRA GRANDE;TRAMITE USUAL;2.42;0;0;0;0;0
209033400;DEPRESOR DE LENGUA, ESTÉRIL  ;TRAMITE USUAL;0.02;105,200;33,500;5,600;144,300;3,174.60
209033600;DISECTOR CURVO    (MARYLAND)      PARA CIRUGIA LAPAROSCÓPICA.;TRAMITE USUAL;39.75;2,172;540;78;2,790;110,902.50
209034201;CONECTOR LIBRE DE AGUJA (ESPIGA UNIVERSAL) PARA SOLUCIONES PARENTERALES, UNIDIRECCIONAL O BIDIRECCIONAL.                                                                                     SE SOLICITA: CON VÁLVULA ANTIRREFLUJO UNIDIRECCIONAL;TRAMITE USUAL;2.21;187,100;2,730;2,600;192,430;425,270.30
209034510;ELECTRODO DE MICROPORE PARA MONITOREO DE ADULTO                                                                                                    ;TRAMITE USUAL;0.07;0;0;0;0;0
209034512;ELECTRODO PARA  EKG MODELO PESTAÑA.                          SE SOLICITA: TAMAÑO NIÑO (PEDIATRICO);TRAMITE USUAL;0.06;0;0;11,400;11,400;647.52
209034700;"APOSITO ABDOMINAL 8"" X 10"" y 10"" x 12"" DE LONGITUD.  SE SOLICITA TAMAÑO: 8"" X 10"" DE LONGITUD. ";TRAMITE USUAL;0.47;0;0;0;0;0
209034901;"ESPONJA DESECHABLE CON JABON NEUTRO. SE SOLICITA: TAMAÑO 20CM X 10CM X 1.0CM    
";TRAMITE USUAL;0.3;170,400;12,000;0;182,400;54,720.00
209035001;"TOALLA SANITARIA MATERNAL; TOALLA SANITARIA TIPO PERINEAL,     (SE SOLICITA EXTRA GRANDE DE 11 A 12 PULGADAS. NO ESTERIL)";TRAMITE USUAL;0.1;0;0;0;0;0
209035201;"CINTA ADHESIVA DE TELA DE ALGODON (ESPARADRAPO).  SE SOLICITA TAMAÑO DE 2"" X 10 Yds";TRAMITE USUAL;2.89;34,464;0;2,844;37,308;107,782.81
209035202;"CINTA ADHESIVA DE TELA DE ALGODON (ESPARADRAPO)  (SE SOLICITA TAMAÑO DE 3"" X 10 Yds).";TRAMITE USUAL;4.78;15,208;1,644;4,908;21,760;103,904.00
209035203;"CINTA  ADHESIVA DE PLASTICO TRANSPARENTE. SE SOLICITA DE 2.5CM X 910CM                                                                                                                                                                                                                                 CINTA ADHESIVA DE PLASTICO TRANSPARENTE, HIPOALERGENICO, RESISTENTE A LA HUMEDAD (IMPERMEABLE),
TAMAÑO DE 1/2´´ A 3´´POR 10 YARDA O MAS DE LONGITUD.
LA INSTITUCION SOLICITARA EL TAMAÑO QUE REQUIERA.";TRAMITE USUAL;0.42;21,240;16,968;0;38,208;16,047.36
209035300;CINTA ADHESIVA DE TELA DE ALGODON (ESPARADRAPO) DE CORTE SURTIDO;TRAMITE USUAL;16.38;25,332;240;312;25,884;423,979.92
209035400;"CINTA ADHESIVA DE PAPEL MICROPOROSO. (SE SOLICITA DE 2"" X 10 Yads).                                                                                                                                                                                                                                  
";TRAMITE USUAL;0.81;2,916;324;702;3,942;3,193.02
209035401;"CINTA ADHESIVA DE PAPEL MICROPOROSO. (SE SOLICITA DE 3"" X 10 Yads)                                                                                                                                                                                                                                                                      ";TRAMITE USUAL;0.66;4,296;1,008;0;5,304;3,500.64
209036301;CONECTOR O EQUIPO PARA INFUSIÓN DE SOLUCIÓN PARENTERAL, CON DOS FILTRO .;TRAMITE USUAL;0.17;12,895,572;0;0;12,895,572;2,192,247.24
209036501;"GASA SIMPLE  TAMAÑO 3"" X 3"",12 DOBLECES NO ESTERIL.";TRAMITE USUAL;0.01;3,234,400;0;0;3,234,400;32,344.00
209036503;"GASA SIMPLE 4"" X 4"" CON 16 DOBLECES, NO ESTERIL.";TRAMITE USUAL;0.02;0;0;0;0;0
209036505;"GASA SIMPLE 8"" X 4"" CON 12 DOBLECES, NO ESTÉRIL.   ";TRAMITE USUAL;0.04;0;0;0;0;0
209037800;GUANTES DE EXPLORACIÓN DE LÁTEX, NO ESTÉRIL (SE SOLICITA TAMAÑO CHICO).;TRAMITE USUAL;0.05;0;0;0;0;0
209037801;GUANTES DE EXPLORACIÓN DE LÁTEX, NO ESTÉRIL (SE SOLICITA TAMAÑO MEDIANO). ;TRAMITE USUAL;0.05;0;0;0;0;0
209037802;GUANTES DE EXPLORACIÓN DE LÁTEX, NO ESTÉRIL (Se solicita tamaño grande) ;TRAMITE USUAL;0.09;0;0;0;0;0
209037900;"GUANTE QUIRURGICO DE LATEX ESTERIL.  SE SOLICITA TAMAÑO 6  1/2""  ";TRAMITE USUAL;0.1;0;0;0;0;0
209037901;"GUANTES QUIRURGICO DE LATEX ESTERIL                              (SE SOLICITA TAMAÑO 7 "").";TRAMITE USUAL;0.17;0;0;0;0;0
209037902;"GUANTES QUIRURGICO DE LATEX ESTERIL   (SE SOLICITA TAMAÑO 7 1/2"")";TRAMITE USUAL;0.16;0;0;0;0;0
209037903;"GUANTES QUIRURGICO DE LATEX ESTERIL  (SE SOLICITA TAMAÑO 8"").";TRAMITE USUAL;1.02;0;0;0;0;0
209038100;"ALGODON COMPRIMIDO 100% (SE SOLICITA  3"" x 4 YARDAS)
";TRAMITE USUAL;0.36;6,400;0;0;6,400;2,304.00
209038101;"VENDAJE DE 100% DE ALGODÓN COMPRIMIDO, NO ESTÉRIL (Se solicita tamaño 4""x 4) ";TRAMITE USUAL;0.5;43,440;0;960;44,400;22,200.00
209038102;"ALGODON COMPRIMIDO 100% - 6"" x 4 YARDAS  (SE SOLICITA TAMAÑO 6 x 4"")";TRAMITE USUAL;1.02;0;0;0;0;0
209038200;HOJA, BISTURÍ, ACERO INOXIDABLE Nº10;TRAMITE USUAL;0.1;46,900;7,800;16,500;71,200;7,120.00
209038201;HOJA DE BISTURÍ  DE ACERO INOXIDABLE (SE SOLICITA TAMAÑO N° 11);TRAMITE USUAL;0.07;0;3,000;0;3,000;210
209038203;HOJA DE BISTURÍ  DE ACERO INOXIDABLE (SE SOLICITA TAMAÑO N° 15);TRAMITE USUAL;0.07;0;0;0;0;0
209038204;HOJA DE BISTURÍ  DE ACERO INOXIDABLE (SE SOLICITA TANAÑO N° 23) ;TRAMITE USUAL;1.06;6,500;5,400;2,000;13,900;14,734.00
209038206;CUCHILLETE ESPATULADO ESTILO CRESCENT ;TRAMITE USUAL;8;1,184;0;90;1,274;10,192.00
209038207;CUCHILLA PARA FACOEMULSIFICACIÓN (Se solicita de 2.65mm);TRAMITE USUAL;8;5,040;0;0;5,040;40,320.00
209038208;CUCHILLA PARA FACOEMULSIFICACIÓN.                             (SE SOLICITA TAMAÑO  3.2MM);TRAMITE USUAL;8;0;0;0;0;0
209039500;JERINGUILLA 2 ONZ. ( 60ML);TRAMITE USUAL;0.63;7,150;600;0;7,750;4,882.50
209039800;JERINGUILLA DE 2-3 ML DE CAPACIDAD CON AGUJA DE 21 G X 1½ PULGADAS.;TRAMITE USUAL;0.02;0;0;0;0;0
209039900;JERINGUILLA DE 5 -6 ML,     (SE SOLICITA CON AGUJA 21 G X 1½ PULGADAS);TRAMITE USUAL;0.02;2,122,600;803,600;842,400;3,768,600;82,117.79
209040100;AGUJA METALICA CON PISTOLA AUTOMATICA PARA TOMA DE BIOPSIA.  (SE SOLICITA EL TAMAÑO 18G  X 10 A 25CM.);TRAMITE USUAL;31.9;1,260;0;0;1,260;40,194.00
209040200;JERINGUILLA DE 10 -12 ML, CON AGUJA DE 21 G X 1½ PULGADAS.;TRAMITE USUAL;0.03;2,274,400;45,600;171,600;2,491,600;80,379.02
209040500;CANULA PARA IRRIGACION, CAUTERIO Y SUCCION ENDOSCOPICA DE GANCHO DE 5MM.;TRAMITE USUAL;54.98;2,370;0;0;2,370;130,293.12
209040600;SISTEMA CERRADO PARA DRENAJE DE FLUIDOS CONTINUOS REDONDO.  SE SOLICITA DE 10mm CON RESERVORIO DE 100CC;TRAMITE USUAL;9.44;0;0;0;0;0
209040601;SISTEMA CERRADO PARA DRENAJE DE FLUIDOS CONTINUOS REDONDO.              (SE SOLICITARA DE 7mm CON RESERVORIO DE 100CC);TRAMITE USUAL;3.93;0;0;0;0;0
209040900;JERINGUILLA 20-25 ML,       (SE SOLICITA PUNTA DE ROSCA SIN AGUJA);TRAMITE USUAL;0.04;4,079,500;137,000;57,100;4,273,600;189,235.01
209041200;JERINGUILLA 50-60ML. SE SOLICITA  50ml, PUNTA ROSCA S/AGUJA;TRAMITE USUAL;0.11;899,300;9,900;9,250;918,450;104,565.53
209041900;"JERINGUILLA DE TUBERCULINA CON AGUJA 25 G X 5/8"".";TRAMITE USUAL;0.02;159,600;68,200;12,200;240,000;5,068.80
209041901;"JERINGUILLA DE TUBERCULINA     (SE SOLICITA CON AGUJA 26 G X 3/8"")";TRAMITE USUAL;0.02;1,856,000;32,400;7,200;1,895,600;40,035.07
209042201;"MULTICAPA DE TRIPLEACCION A BASE DE OCTENIDINA Y ACIDO HIALURONICO TAMAÑO: 10CM X 10CM (3.9"" X 3.9"")";TRAMITE USUAL;50;0;300;0;300;15,000.00
209042805;ROPA DESECHABLE PARA CIRUGIA ARTROSCOPICA;TRAMITE USUAL;25.33;0;0;0;0;0
209043101;MASCARA DE TIENDA PARA OXIGENO DE ADULTO CON TUBO CORRUGADO;TRAMITE USUAL;1.58;6,100;1,050;350;7,500;11,850.00
209043200;RESPIRADORES CONTRA PARTICULAS DE ALTA FILTRACION N95 CON O SIN VALVULA DE EXALACION.        (SE SOLICITA TAMAÑO GRANDE , SIN VALVULA DE EXALACION).;TRAMITE USUAL;0.92;7,200;8,000;0;15,200;14,035.68
209044100;LLAVE DE TRES VIAS CON DOS (2) CONECTORES,ESTÉRIL.;TRAMITE USUAL;0.25;340,500;1,600;1,600;343,700;84,893.90
209044300;"MALLA PARA REFORZAR PLANOS ANATOMICOS  SE SOLICITA DE 7.5 CM X 12.5CM                                                                                                                                                                                                                                                                                                                                        Para reparación tisular convencional y laparoscópica.
Especificaciones: 
1. Estéril.
2. Polipropileno monofilamentoso no absorbible.
3. Flexible.
4. Bordes lisos redondeados.
5. Autoexpandible.
6. Tamaños:
• 7.5cm a 30.4cm (3” a 12”) x 7.5cm a 35.5cm (3” a 14”).";TRAMITE USUAL;14.11;0;0;0;0;0
209044400;MALLA PARA REFORZAR PLANOS ANATOMICOS. SE SOLICITA TAMAÑO DE 15 CM X 15CM;TRAMITE USUAL;19.6;0;0;0;0;0
209044401;"MALLA PARA REFORZAR PLANOS ANATOMICOS, 3"" A 10"" (7.5 A 25.4CM.) X 5"" A 14"" ( 12.5CM  A 35CM),  (SOLICITAMOS  22.9CM X 35CM.)";TRAMITE USUAL;65.67;120;0;0;120;7,880.40
209045000;MASCARILLA RECTANGULAR CON VISOR  (SE SOLICITA CON VISOR PARA ADULTO);TRAMITE USUAL;0.16;1,526,874;11,000;4,000;1,541,874;244,695.40
209045100;MASCARILLA PARA OXIGENO DE MEDIA CONCENTRACION  SE SOLICITA TAMAÑO ADULTO ALARGADA SIN RESVORIO                                                                                                                                                                                                                                                              ;TRAMITE USUAL;1.66;0;200;0;200;332
209045101;MASCARILLA DESECHABLE TIPO CONCHA;TRAMITE USUAL;0.04;0;0;0;0;0
209045200;MASCARILLA RECTANGULAR DESECHABLE CUATRO TIRAS , CON O SIN VISOR.                      (SE SOLICITA  SIN VISOR TAMAÑO ADULTO);TRAMITE USUAL;0.5;0;0;0;0;0
209045301;"CONECTOR PARA ADMINISTRACION DE SOLUCION INTRAVENOSA CON BURETA (MICROGOTERO) (SE SOLICITA SITIO DE INYECCION CON MENBRANA  Y SITIO EN""Y""  LIBRE DE AGUJA) (SOLICITAMOS LIBRE DE AGUJA.)
";TRAMITE USUAL;1.28;43,290;10,200;5,000;58,490;74,867.20
209045304;MICRONEBULIZADOR CON MASCARA           (SE SOLICITA TAMAÑO PEDIÁTRICO);TRAMITE USUAL;0.4;47,800;6,900;12,500;67,200;27,125.28
209045306;MICRONEBULIZADOR CON MASCARA.          (SE SOLICITA TAMAÑO ADULTO);TRAMITE USUAL;0.41;68,200;7,400;2,500;78,100;32,368.55
209045502;ALGODÓN EN MOTAS (Se solicita mota de 0.7gr) ;TRAMITE USUAL;0.01;25,522,000;835,000;84,000;26,441,000;132,205.00
209046111;"PAÑAL DESECHABLE PARA RECIEN NACIDO HASTA 5 LIBRAS (2.27Kg)                                                                                                                                                                                                                                                         
";TRAMITE USUAL;0.38;0;0;0;0;0
209046112;"PAÑAL DESECHABLE PARA ADULTO                 (SE SOLICITA TAMAÑO DE CINTURA 45"" A  58"" ( 114.3 CM A 147.32 CM)DE TELA NO TEJIDA)";TRAMITE USUAL;0.27;0;0;0;0;0
209046113;PAÑAL DESECHABLE PARA NIÑO.                                           (SE SOLICITA  PESO DE 6 LBS A 14 LBS);TRAMITE USUAL;0.25;0;3,600;0;3,600;900
209046114;PAÑAL DESECHABLE PARA NIÑO  SE SOLICITA PESO DE 12 A 24 LBS.                                                                                                                                                                                                                                                      ;TRAMITE USUAL;0.28;0;0;0;0;0
209046700;"PAPEL PARA ESTERILIZAR GRADO MÉDICO (MINIMO DE 60 GRAMOS POR METRO CUADRADO),                  (SE SOLICITA DE 8"" X 8"" (20 CMS X 20 CMS).";TRAMITE USUAL;0.03;0;0;0;0;0
209046701;"PAPEL PARA ESTERILIZAR GRADO MÉDICO (MINIMO DE 60 GRAMOS POR METRO CUADRADO) SE SOLICITA DE 12"" X  12"" (30 CMS X 30 CMS)";TRAMITE USUAL;0.03;1,741,500;30,000;4,000;1,775,500;45,985.45
209046704;"PAPEL PARA ESTERILIZAR GRADO MÉDICO (MINIMO 60 GRAMOS POR METRO CUADRADO), SE SOLICITA DE 16"" X  16"" (40 CMS X 40 CMS)";TRAMITE USUAL;0.04;0;0;26,000;26,000;956.8
209046705;"PAPEL PARA ESTERILIZAR GRADO MÉDICO (MINIMO 60 GRAMOS POR METRO CUADRADO),  SE SOLICITA 18"" X 18"" (46 CMS. X 46 CMS.)";TRAMITE USUAL;0.05;0;0;0;0;0
209046707;"PAPEL PARA ESTERILIZAR GRADO MÉDICO (MINIMO DE 60 GRAMOS POR METRO CUADRADO),             (SE SOLICITA DE 24"" X 24"" 60 CMS. X 60 CMS.)";TRAMITE USUAL;0.09;0;0;0;0;0
209046709;"PAPEL PARA ESTERILIZAR GRADO MÉDICO (MÍNIMO 60 GRAMOS POR METRO CUADRADO),  SOLICITAMOS 30"" X 30"" (75 CMS. 75 CMS).";TRAMITE USUAL;0.12;0;0;0;0;0
209047500;PINZA DE AGARRE LAPAROSCOPICA CON DIENTE, 5MM DESECHABLE;TRAMITE USUAL;34.81;0;0;0;0;0
209047501;INSTRUMENTO PARA LIGAR VASOS DE TITANIUM, DESECHABLE  (SE SOLICITA TAMAÑO GRANDE);TRAMITE USUAL;82.14;0;162;60;222;18,235.08
209047502;INSTRUMENTO PARA LIGAR VASOS DE TITANIUM, DESECHABLE  (SE SOLICITA TAMAÑO MEDIANO);TRAMITE USUAL;60.89;0;0;0;0;0
209047600;PLACA PARA IMPRESIÓN PLANTAR;TRAMITE USUAL;0.66;0;0;0;0;0
209048600;SISTEMA CERRADO PARA DRENAJE DE FLUIDOS CONTINUOS. SE SOLICITA DE 19FR.(7MM), 1/4 Y DE SILICONA RESERVORIO 400CC A 450CC;TRAMITE USUAL;9.77;0;0;0;0;0
209048901; SISTEMA PARA ASPIRACION DE MUESTRA DE MUCOSIDADES (TRAMPA);TRAMITE USUAL;1.05;7,200;800;2,850;10,850;11,409.86
209049500;JUEGO DE BOLSA DESECHABLE PARA CADÁVER;TRAMITE USUAL;6.93;44,025;0;975;45,000;311,850.00
209049600;CONECTOR LIBRE DE AGUJAS PARA ACCESOS VASCULARES VENOSOS;TRAMITE USUAL;0.47;0;0;0;0;0
209049700;SET DESECHABLE PARA REMOVER PUNTOS DE SUTURAS. SE SOLICITA PINZA DE METAL;TRAMITE USUAL;0.53;0;0;0;0;0
209049704;SISTEMA DE CATÉTER URETERAL DOBLE J, PARA ADULTO.                    (SE SOLICITA DIAMETRO DE 6FR);TRAMITE USUAL;70.93;0;0;0;0;0
209049800;"BANDEJA PARA PREPARACIÓN Y RASURADO DE LA PIEL
DESECHABLE PARA LA PREPARACION Y RASURADO DE LA PIEL, COMPUESTO POR:
1- BANDEJA PLÀSTICA CON COMPARTIMIENTOS.
2- UNA MAQUINA DE RASURAR CON SU HOJA.
3- GASA 4"" X 4"". 4- CON SOLUCION JABONOSA DE BETHADINE. 5- DOS (2) APLICADORES DE 3"" CON PUNTA DE ALGODÒN. 6- DOS (2)TOALLAS PARA LA LIMPIEZA.BANDEJA PARA PREPARACION Y RASURADO DE LA PIEL.";TRAMITE USUAL;1.17;0;0;0;0;0
209049802;RECIPIENTE PARA SUCCION  SE SOLICITA Con válvulas de cierre;TRAMITE USUAL;1.67;22,170;1,450;0;23,620;39,421.78
209049803;RECIPIENTE PARA SUCCION      SE SOLICITA Con válvulas de cierre -Capacidad De  2000 A 3000 cc DEBE ENTREGAR LOS EQUIPOS Y CONECTORES NECESARIOS PARA SU UTILIZACION, MINIMO 300 UNIDADES O SER COMPATIBLE CON EQUIPO EN LA INSTITUCION ADJUDICACION GLOBAL CON EL RENGLON 367;TRAMITE USUAL;1.67;3,483;0;0;3,483;5,813.13
209050104;SISTEMA DE SUCCION E IRRIGACION LAPAROSCOPICA CON ESPATULA;TRAMITE USUAL;54.97;13,428;20;0;13,448;739,196.22
209051000;SONDA LISA DE CAUCHO BLANDO ROJO PARA CATETERISMO URETRAL. SE SOLICITA TAMAÑO 8 FR;TRAMITE USUAL;0.4;0;60;180;240;95.23
209051001;SONDA LISA DE CAUCHO BLANDO ROJO PARA CATETERISMO URETRAL. (SE SOLICITA TAMAÑO 10 FR);TRAMITE USUAL;0.4;0;1,650;1,650;3,300;1,309.44
209051002;SONDA LISA DE CAUCHO BLANDO ROJO PARA CATETERISMO URETRAL. (SE SOLICITA TAMAÑO 12 FR);TRAMITE USUAL;0.4;0;0;480;480;190.46
209051003;SONDA LISA DE CAUCHO BLANDO ROJO PARA CATETERISMO URETRAL. (SE SOLICITA TAMAÑO 14 FR);TRAMITE USUAL;0.39;21,420;200;5,140;26,760;10,361.47
209051004;SONDA LISA DE CAUCHO BLANDO ROJO PARA CATETERISMO URETRAL. SE SOLICITA  TAMAÑO 16FR;TRAMITE USUAL;0.39;30,580;0;200;30,780;11,927.25
209051005;SONDA LISA DE CAUCHO BLANDO ROJO PARA CATETERISMO URETRAL. (SE SOLICITA TAMAÑO 18 FR);TRAMITE USUAL;0.39;0;0;0;0;0
209051201;"CATETER DE SUCCION NASO-FARINGEA . SE SOLICITA, CALIBRE 8FR DE 35CM DE LONGITD, CON GRADUACION Y PRESENTACION LONGITUDINAL.
";TRAMITE USUAL;0.2;0;0;0;0;0
209051300;"CATETER DE SUCCION NASO-FARINGEA . SE SOLICITA, CALIBRE 10FR DE 45CM DE LONGITD, CON GRADUACION Y PRESENTACION LONGITUDINAL.

";TRAMITE USUAL;0.22;0;0;0;0;0
209051301;CATETER DE SUCCION NASO-FARINGEA. (SE SOICITA, CALIIBRE 12FR DE 45CM DE LONGITD, CON GRADUACION Y PRESENTACION LONGITUDINAL.);TRAMITE USUAL;0.23;0;0;0;0;0
209051302;"CATETER DE SUCCION NASO-FARINGEA . SE SOICITA, CALIIBRE 14FR DE 45CM DE LONGITD, CON GRADUACION Y PRESENTACION LONGITUDINAL.

";TRAMITE USUAL;0.15;0;0;0;0;0
209051303;CATETER DE SUCCION NASO-FARINGEA. (SE SOLICITA, CALIBRE 16FR DE 45CM DE LONGITD, CON GRADUACION Y PRESENTACION LONGITUDINAL.);TRAMITE USUAL;0.28;0;0;0;0;0
209051304;"CATETER DE SUCCION NASO-FARINGEA SE SOLICITA CALIBRE 18Fr,45cm DE LONGITUD CON GRADUACION Y PRESENTACION LONGITUDINAL
";TRAMITE USUAL;0.22;0;0;0;0;0
209051901;"MALLA HEMOSTATICA  (SE SOLICITA TIPO MALLA 2"" X 14"", 5CM X 35CM)                                                                                                                                                                                                                                                                                                                            ";TRAMITE USUAL;21.5;4;72;24;100;2,150.00
209051902;"MALLA HEMOSTATICA       SE SOLICITA  TIPO MALLA 4"" X 8"", 10CM X 20CM";TRAMITE USUAL;28.88;0;0;0;0;0
209051903;0-00-4114-11;TRAMITE USUAL;61.88;0;0;0;0;0
209051906;MALLA QUIRURGICA TRIDIMENSIONAL PARA REFORZAR PLANOS ANATOMICOS  SE SOLICITA  4.5CM X 7.5CM                                                                                                                                                                                                                      ;TRAMITE USUAL;194.12;0;0;0;0;0
209051907;MALLA QUIRURGICA TRIDIMENSIONAL PARA REFORZAR PLANOS ANATOMICOS  (SE SOLICITA 4.5CMS X 10CM  (BASE DE 10CMS TAMAÑO GRANDE)                                                                                                                                                                                                                      ;TRAMITE USUAL;206.11;0;0;0;0;0
209052001;MALLA EXPANDIBLE TUBULAR            (SE SOLICITA TAMAÑO 1);TRAMITE USUAL;3.62;0;303;120;423;1,532.33
209052002; MALLA EXPANDIBLE TUBULAR. SE SOLICITA  TAMAÑO 2;TRAMITE USUAL;3.26;180;220;129;529;1,725.49
209052004; MALLA EXPANDIBLE TUBULAR.  SE SOLICITA TAMAÑO 4;TRAMITE USUAL;4.28;2,387;81;54;2,522;10,798.70
209052005;MALLA EXPANDIBLE TUBULAR.           (SE SOLICITA TAMAÑO 5);TRAMITE USUAL;4.28;0;0;0;0;0
209052006; MALLA EXPANDIBLE TUBULAR.  SE SOLICITA TAMAÑO 6;TRAMITE USUAL;6.97;0;0;0;0;0
209052007;MALLA EXPANDIBLE TUBULAR.  SE SOLICITA TAMAÑO 7;TRAMITE USUAL;8.68;706;0;90;796;6,912.79
209052008;MALLA EXPANDIBLE TUBULAR.   (SE SOLICITA TAMAÑO 8 SIN CODIFICADOR DE COLORES);TRAMITE USUAL;9.28;0;1,779;0;1,779;16,509.33
209052009;MALLA EXPANDIBLE TUBULAR. SE SOLICITA TAMAÑO 9 SIN CODIFICADOR DE COLORES.;TRAMITE USUAL;12.45;578;894;0;1,472;18,330.92
209052102;"FÉRULA CERVICAL PARA CUELLO DE DOS PIEZAS, TIPO PHILADELPHIA CIRCUNFERENCIA: PEQUEÑO DE 10"" A 13"". ALTURA: DE 2¼ A 3¼";TRAMITE USUAL;10.82;266;0;0;266;2,879.23
209052103;"FÉRULA CERVICAL PARA CUELLO DE DOS PIEZAS, TIPO PHILADELPHIA, CIRCUNFERENCIA: MEDIANO DE 13"" A 16"". ALTURA: DE 2¼ A 4¼";TRAMITE USUAL;11.3;0;519;0;519;5,864.70
209052104;"FÉRULA CERVICAL PARA CUELLO DE DOS PIEZAS, TIPO PHILADELPHIA (Se solicita circunferencia grande de  16"" a 19"", altura de 1½"" a 5¼"")                                                                                                   ";TRAMITE USUAL;14.11;671;0;5;676;9,538.36
209052502;TAPÓN ESTÉRIL HEPARINIZADO  PARA CIERRE TEMPORAL DE CÁNULA  INTRAVENOSA Y ADMINISTRACIÓN DE MEDICAMENTOS A INTERVALOS REGULARES, CON MEMBRANA RESISTENTE A MÚLTIPLES PUNCIONES. CON CONEXIÓN DE ROSCA (LUER LOCK).   ;TRAMITE USUAL;0.16;0;0;0;0;0
209052801;"TIJERA CURVA PARA CIRUGIA LAPAROSCÓPICA.   Utilizada para la ralización de procedimientos laparóscopicas
Especificaciones:
1. De 5 mm de diámetro. 
2. Vástago de 29 a 44cm de largo y debe rotar 360°.
3. Recubierto con plástico aislante contra quemaduras.
4. Con conexión de electrocauterio unipolar.
5. Eje de 31 mm. de largo.
6. Hoja cortante de 16mm. de largo cobertura máxima de 8 mm.
7. Estéril.
8. Desechable.";TRAMITE USUAL;34.22;0;0;0;0;0
209053500;TUBO UNIVERSAL DE PLASTICO.  SE SOLICITA DE 6 MM. (1/4 DE PULGADA) DE LONGITUD DE 30 MT. (100PIES);TRAMITE USUAL;7.97;1,500;108;366;1,974;15,732.78
209054600;"TUBO NASOGASTRICA TIPO LEVIN .SOLICITAMOS TAMAÑO 8 FR, LONG 120CM.
";TRAMITE USUAL;0.54;30;0;0;30;16.2
209054601;"TUBO NASOGASTRICA TIPO LEVIN. SOLICITAMOS TAMAÑO 10FR, LONG 120CM
";TRAMITE USUAL;0.62;3,108;0;172;3,280;2,033.60
209054602;"TUBO NASOGASTRICA TIPO LEVIN. SOLICITAMOS TAMAÑO 12 FR, LONG 120CM
";TRAMITE USUAL;0.96;1,650;420;435;2,505;2,404.80
209054603;TUBO NASOGASTRICA TIPO LEVIN (SOLICITAMOS TAMAÑO 14FR, LONG 120CM);TRAMITE USUAL;0.92;7,950;240;50;8,240;7,580.80
209054700;TUBO NASOGASTRICA TIPO LEVIN. SOLICITAMOS TAMAÑO 18 FR, LONG 120CM;TRAMITE USUAL;1.07;13,500;342;80;13,922;14,896.54
209054800;"TUBO NASOGÁSTRICO TIPO LEVIN (Se solicita de 16 FR, longitud 120cm)  
";TRAMITE USUAL;0.93;9,900;240;100;10,240;9,523.20
209055601;TUBO ENDOTRAQUEAL CON BALON            (SE SOLICITA TAMAÑO DE 7MM);TRAMITE USUAL;0.51;83,210;1,100;500;84,810;43,507.53
209055602;TUBO ENDOTRAQUEAL CON BALON.      SE SOLICITA TAMAÑO DE 7.5MM;TRAMITE USUAL;0.51;115,240;200;300;115,740;59,374.62
209055603;TUBO ENDOTRAQUEAL CON BALON             (SE SOLICITA TAMAÑO DE 8MM);TRAMITE USUAL;0.51;91,200;310;300;91,810;47,098.53
209055604;TUBO ENDOTRAQUEAL CON BALON.                                      (SE SOLICITA TAMAÑO DE 8.5MM);TRAMITE USUAL;0.51;0;630;0;630;323.19
209055901;CANÚLA DE TRAQUEOSTOMÍA. SE SOLICITA TAMAÑO N° 8;TRAMITE USUAL;39.99;183;30;114;327;13,076.73
209055904;CANÚLA DE TRAQUEOSTOMÍA.                      (SE SOLICITA TAMAÑO N° 6);TRAMITE USUAL;39.99;102;204;18;324;12,956.76
209056301;CÁNULA OROFARINGEA TIPO BERMAN (SE SOLICITA DE 90MM ADULTO).;TRAMITE USUAL;232;21,400;800;200;22,400;5,196,800.00
209056302;CANULA OROFARINGEA TIPO BERMAN.  SE SOLICITA DE 100MM ADULTO;TRAMITE USUAL;0.25;0;0;0;0;0
209056400;"SONDA O TUBO PARA ALIMENTACIÓN ENTERAL DE 5 FR A 20FR (Se solicita calibre 5FR y 38cm de longitud) 
";TRAMITE USUAL;0.52;0;0;0;0;0
209056500;SONDA O TUBO PARA ALIMENTACION ENTERAL DE 5 FR A 20FR.        (SE SOLICITA CALIBRE 8 FR Y 38CM DE LONGITUD);TRAMITE USUAL;0.55;57,700;1,200;200;59,100;32,505.00
209056700;"TUBOS DE DRENAJE TIPO PENROSE.    SE SOLICITA 1/4"" 6.35MM x 45.7 CM";TRAMITE USUAL;0.97;2,940;130;60;3,130;3,029.84
209056702;"TUBO DE DRENAJE TIPO PEMROSE. SE SOLICITA DE:  1/2"" (12.70MM)  X 12"" (30.5CM)  DE LONGITUD";TRAMITE USUAL;0.97;815;0;0;815;788.92
209056800;CANULA NASAL PARA ADMINISTRAR OXIGENO (SE SOLICITA TAMAÑO ADULTO);TRAMITE USUAL;0.37;0;0;0;0;0
209056801;CANULA NASAL PARA ADMINISTRAR OXIGENO. SE SOLICITA: TAMAÑO PEDIATRICO;TRAMITE USUAL;0.18;9,807;0;669;10,476;1,852.68
209057600;VASO PLÁSTICO DESECHABLE  PARA MEDICAMENTO          (SE SOLICITA SIN TAPA);TRAMITE USUAL;0.01;3,873,500;168,300;0;4,041,800;40,418.00
209057702;"VENDA ABDOMINAL QUIRÚRGICA . SE SOLICITA  TAMAÑO 18 X 18"" PULGADAS.                                                                                                                                                                                                                          
Venda abdominal de gasa prelavada, Estéril De 8¨ a 18"" x 18""a 36¨ Malla de 20 a 24 x 28 hilos, Cuatro a seis(4-6) dobleces. Con elemento radio-opaco. LA INSTITUCION SOLICITARA EL TAMAÑO REQUERIDO.";TRAMITE USUAL;0.29;0;2,000;4,800;6,800;1,972.00
209057800;"VENDA AJUSTABLE DE GASA ABSORBENTE DE 1 A 2 DOBLECES (Se solicita de 1"") ";TRAMITE USUAL;0.16;0;0;0;0;0
209057801;"VENDA AJUSTABLE DE GASA ABSORBENTE DE 1 A 2 DOBLECES. SE SOLICITA TAMAÑO DE  2""";TRAMITE USUAL;0.08;0;0;0;0;0
209057802;"VENDA AJUSTABLE DE GASA ABSORBENTE DE 1 A 2 DOBLECES. SE  SOLICITA  TAMAÑO DE  3""";TRAMITE USUAL;0.12;0;0;0;0;0
209057803;"VENDA AJUSTABLE DE GASA ABSORBENTE DE 1 A 2 DOBLECES. SE  SOLICITA TAMAÑO DE  4""";TRAMITE USUAL;0.14;0;0;0;0;0
209058002;"VENDA DE GASA SIMPLE 1 A 4"" DE ANCHO                                                                                                                                                                                                              ";TRAMITE USUAL;0.24;0;0;0;0;0
209058003;"VENDA DE GASA SIMPLE  (Se solicita de 4"" de ancho y 10yds de longitud). ";TRAMITE USUAL;0.52;5,400;1,104;720;7,224;3,756.48
209058100;"VENDA ELASTICA  SE SOLICITA 2"" DE ANCHO X 5"" YARDAS DE LONGITUD                                                                                                                                                                                                                                                                            ";TRAMITE USUAL;0.18;0;0;0;0;0
209058101;"VENDA ELASTICA  SE SOLICITA 3"" DE ANCHO X 5"" YARDAS DE LONGITUD                                                                                                                                                                                                                                                                               ";TRAMITE USUAL;0.26;0;0;0;0;0
209058102;"VENDA ELASTICA  SE SOLICITA 4"" DE ANCHO X 5"" YARDAS DE LONGITUD                                                                                                                                                                                                                                                                               ";TRAMITE USUAL;0.4;0;0;0;0;0
209058103;"VENDA ELASTICA  SE SOLICITA 6"" DE ANCHO X 5"" YARDAS DE LONGITUD                                                                                                                                                                                                                                                                               ";TRAMITE USUAL;0.69;0;0;0;0;0
209058300;"VENDA DE YESO     (SE SOLICITA DE FRAGUADO RÁPIDO DE 3"" X 3 YARDAS, DE MAXIMO DE 5 MINUTOS)";TRAMITE USUAL;1.11;9,600;1,728;1,092;12,420;13,786.20
209058301;"VENDA DE YESO . SE SOLICITA DE FRAGUADO RÁPIDO MAXIMO DE 5 MINUTOS DE 4"" X 3 YARDAS";TRAMITE USUAL;1.53;4,140;180;192;4,512;6,903.36
209058302;"VENDA DE YESO         SE SOLICITA DE FRAGUADO RÁPIDO MAXIMO DE 5 MINUTOS DE  4"" X 5 YARDAS";TRAMITE USUAL;2.42;10,992;216;0;11,208;27,123.36
209058303;"VENDA DE YESO  SE SOLICITA DE FRAGUADO RÁPIDO MAXIMO DE 5 MINUTOS DE 5"" X 5 YARDAS";TRAMITE USUAL;2.45;0;9,120;360;9,480;23,226.00
209058304;"VENDA DE YESO    SE SOLICITA DE FRAGUADO RÁPIDO MAXIMO DE 5 MINUTOS DE 6"" X 5 YARDAS";TRAMITE USUAL;2.85;24,240;216;3,372;27,828;79,309.80
209058306;"VENDA DE YESO   SE SOLICITA DE FRAGUADO RÁPIDO MAXIMO DE  5 MINUTOS DE  8"" X 5 YARDAS";TRAMITE USUAL;3.71;3,696;1,956;576;6,228;23,105.88
209058400;VENDA DE GASA ABSORBENTE AJUSTABLE,  6 DOBLECES;TRAMITE USUAL;0.39;0;0;0;0;0
209058900;SUTURA CATGUT CRÓMICO, CALIBRE 0, LONGITUD 67 A 75 CM.  AGUJA DE 35 A 37MM, DELGADA, ½ ÍIRCULO, PUNTA REDONDA. ;TRAMITE USUAL;0.69;66,864;144;288;67,296;46,434.24
209059200;SUTURA: CATGUT CRÓMICO, CALIBRE 1;TRAMITE USUAL;0.75;0;1,020;0;1,020;762.69
209059300;SUTURA: CATGUT CRÓMICO, (SE SOLICITA CALIBRE 1);TRAMITE USUAL;0.82;0;0;0;0;0
209059400;SUTURA: CATGUT CRÓMICO, CALIBRE 1, LONGITUD 75 CM,  AGUJA DE  37 MM, GRUESA, ½ CÍRCULO, PUNTA REDONDA GRUESA. ;TRAMITE USUAL;0.76;0;0;0;0;0
209059700;SUTURA: CATGUT CRÓMICO, CALIBRE 2-0;TRAMITE USUAL;0.77;0;0;0;0;0
209059800;SUTURA: CATGUT CRÓMICO CALIBRE  2-0,  SE SOLICITA DE LONGITUD DE 75 CM CON AGUJA DE 37 MM PUNTA REDONDA DELGADA;TRAMITE USUAL;0.74;6,564;0;144;6,708;4,963.92
209059901;SUTURA: CATGUT SIMPLE, CALIBRE 2-0, LONGITUD 67 A 75cm, AGUJA DE 20 A 22mm, ½ CÍRCULO, PUNTA REDONDA ESTÉRIL ;TRAMITE USUAL;0.91;0;972;0;972;884.52
209060000;SUTURA: CATGUT CRÓMICO, CALIBRE 3-0;TRAMITE USUAL;0.82;0;0;0;0;0
209060300;SUTURA: CATGUT CROMICO, CALIBRE 4-0;TRAMITE USUAL;0.73;0;0;0;0;0
209060500;SUTURA: CATGUT CRÓMICO, CALIBRE  5-0, LONGITUD 45 CM. AGUJA DE 12 o 13 MM., ? CÍRCULO, PUNTA CORTANTE ESTÉRIL. ;TRAMITE USUAL;0.78;12,588;216;360;13,164;10,267.92
209062502;SUTURA: POLIPROPILENO MONOFILAMENTO AZUL, CALIBRE 0;TRAMITE USUAL;0.87;0;0;0;0;0
209062504;SUTURA: POLIPROPILENO MONOFILAMENTO AZUL, CALIBRE 2-0, AGUJA REDONDA LONGITUD 75 A 90 CM. AGUJA DOBLE DE 25 A 26 MM., ½ CÍRCULO, PUNTA REDONDA ESTÉRIL. ;TRAMITE USUAL;1.18;0;432;360;792;934.56
209062506;SUTURA DE POLIPROPILENO MONOFILAMENTO AZUL,CALIBRE1;TRAMITE USUAL;0.93;2,844;2,952;276;6,072;5,656.19
209062602;SUTURA: NYLON MONOFILAMENTO, CALIBRE 3-0;TRAMITE USUAL;0.51;0;0;0;0;0
209062701;"SUTURA NYLON MONOFILAMENTO, CALIBRE 3-0
Con longitud 75 cm. con aguja de 24 mm., 3/8 circulo, punta cortantes reverso estéril.";TRAMITE USUAL;0.47;0;0;0;0;0
209062704;SUTURA: NYLON MONOFILAMENTO, CALIBRE 4-0;TRAMITE USUAL;0.5;0;0;0;0;0
209062902;SUTURA: NYLON MONOFILAMENTO, CALIBRE 10-0, LONGITUD 30CM, DOBLE AGUJA DE ;TRAMITE USUAL;3.6;0;0;0;0;0
209063300;SUTURA: NYLON MONOFILAMENTO,          (SE SOLICITA CALIBRE 6-0);TRAMITE USUAL;0.6;0;0;216;216;129.3
209063306;SUTURA: NYLON MONOFILAMENTO, CALIBRE 5-0, LONGITUD 45 CM., AGUJA DE 19 MA 20 MM., ? CÍRCULO, PUNTA CORTANTE. ;TRAMITE USUAL;0.61;0;156;0;156;95.16
209063308;SUTURA: POLIPROPILENO MONOFILAMENTO, CALIBRE 7-0;TRAMITE USUAL;2.65;0;1,008;0;1,008;2,666.92
209063313;SUTURA MONOFILAMENTO POLIDIOXANONA CALIBRE 4-0 Descripción del producto: Sutura Monofilamento de Polidioxanona recubierta de triclosan ,incolora,    (SE SOLICITA: calibre 4-0,longitud 45cm, aguja de 19mm,3/8 circulo,punta cortante.);TRAMITE USUAL;7.2;0;0;0;0;0
209063317;SUTURA MONOFILAMENTO POLIDIOXANONA  CALIBRE 1 SE SOLICITA CON AGUJA 36.4MM Y LONGITUD DE 70 CM                                                                                                                                                                                                                                                                                                                                                                                                                                                          ;TRAMITE USUAL;17.78;0;0;0;0;0
209063318;"SOLUCION ADHESIVA TOPICA PARA LA SUTURA DE LA PIEL  (SE SOLICITA DE 0.5ML
ESTERIL DE USO UNICO, EN ENVASE BURBUJA CON PUNTA, APLICADOR, DE FORMULACION MONOMETRICA DE (2
OCTIL CIANOACRILATO) Y CON BARRERA MICROBIAL DE 0.25ML,0.50ML,0.75ML DE LIQUIDO ADHESIVO.)";TRAMITE USUAL;42.44;12;144;24;180;7,639.20
209063402;SUTURA: ÁCIDO POLIGLICÓLICO TRENZADO, CALIBRE  0, SE SOLICITA AGUJA DE 26 MM LONGITUD 75CM;TRAMITE USUAL;0.82;0;0;0;0;0
209063404;SUTURA: ACIDO POLIGLICOLICO TRENZADO, CALIBRE 0, LONGITUD 70 CM. AGUJA DE 37 MM. GRUESA 1/2 CIRCULO, PUNTA REDONDA ESTERIL. ;TRAMITE USUAL;0.9;0;0;0;0;0
209063406;SUTURA: ACIDO POLIGLICOLICO TRENZADO, CALIBRE 1,   SE SOLICITA AGUJA DE 35 MM. LONGITUD 70CM;TRAMITE USUAL;1;0;0;0;0;0
209063500;SUTURA: ÁCIDO POLIGLICÓLICO TRENZADA, CALIBRE 2-0;TRAMITE USUAL;0.68;13,968;720;0;14,688;9,947.01
209063504;SUTURA: ÁCIDO POLIGLICÓLICO TRENZADO, CALIBRE 1 LONGITUD 67 A 75 CM. AGUJA DE 35 A 37 MM., 1/2 CÍRCULO, PUNTA REDONDA GRUESA.                                                                                              SOLICITAMOS: AGUJA CALIBRE 36MM LONG 70CM ;TRAMITE USUAL;0.96;21,600;816;0;22,416;21,519.36
209063509;SUTURA ACIDO POLIGLICOLICO TRENZADO, CALIBRE 4-0, SE SOLICITA AGUJA 19MM, 3/8 CIRCULO PUNTA CORTANTE ESTERIL, LONGITUD 45CM;TRAMITE USUAL;0.93;0;0;0;0;0
209063510;SUTURA: ACIDO POLIGLICÓLICO TRENZADO, CALIBRE 4-0;TRAMITE USUAL;0.87;0;0;0;0;0
209063513;SUTURA: ÁCIDO POLIGLICÓLICO TRENZADO, CALIBRE 3-0 ;TRAMITE USUAL;0.93;9,720;1,152;144;11,016;10,261.95
209063802;SUTURA ACIDO POLIGLICOLICO TRENZADO,           (SE SOLICITA CALIBRE 6-0);TRAMITE USUAL;3.65;0;0;0;0;0
209064000;SUTURA: SEDA NEGRA TRENZADA SILICONIZADA CALIBRE 0;TRAMITE USUAL;0.47;0;0;0;0;0
209064200;SUTURA: SEDA NEGRA TRENZADA SILICONIZADA CALIBRE 1.;TRAMITE USUAL;0.47;0;0;0;0;0
209064201;SUTURA: SEDA NEGRA TRENZADA SILICONIZADA, CALIBRE 1,  SE SOLICITA   LONGITUD 75CM.,  10 HEBRAS;TRAMITE USUAL;0.68;0;0;0;0;0
209064400;SUTURA: SEDA NEGRA TRENZADA SILICÓN IZADA CALIBRE 2.0    SE SOLICITA LONGITUD 75CM, 10 HEBRAS;TRAMITE USUAL;0.47;0;0;0;0;0
209064500;SUTURA: SEDA NEGRA TRENZADA SILICONIZADA CALIBRE 2.0         (SE SOLICITA DE LONGITUD 75CM);TRAMITE USUAL;0.49;0;120;0;120;58.72
209064600;SUTURA: SEDA NEGRA TRENZADA SILICÓNIZADA, CALIBRE 3-0;TRAMITE USUAL;0.47;0;0;0;0;0
209064701;SUTURA: SEDA NEGRA TRENZADA SILICONIZADA, CALIBRE 3-0;TRAMITE USUAL;0.5;0;0;0;0;0
209064800;SUTURA: SEDA NEGRA TRENZADA SILICONIZADA CALIBRE 3.0   SE SOLICITA AGUJA DE 22 MM;TRAMITE USUAL;0.48;0;0;0;0;0
209065300;SUTURA: SEDA NEGRA TRENZADA SILICONIZADA, CALIBRE 4-0, LONGITUD 45cm, AGUJA DE 12 A 13mm, ? CÍRCULO, PUNTA CORTANTE, ESTÉRIL;TRAMITE USUAL;0.81;0;0;0;0;0
209065500;SUTURA: SEDA NEGRA TRENZADA  SILICONIZADA, CALIBRE 6-0. SE SOLICITA LONGITUD 45 CM.  AGUJA DE 11 A 12 MM., 3/8 CIRCULO, PUNTA CORTANTE;TRAMITE USUAL;1.63;2,592;432;0;3,024;4,929.12
209066101;SUTURA: POLIPROPILENO MONOFILAMENTO CALIBRE 3-0, DE LONGITUD 90CM, DOBLE AGUJA DE 25 - 26MM, 1/2 CÍRCULO PUNTA REDONDA ESTÉRIL;TRAMITE USUAL;1.36;7,092;144;216;7,452;10,133.38
209069700;PLANCHA DE CAUTERIO DESECHABLE;TRAMITE USUAL;1.92;0;0;0;0;0
209076301;APOSITO PROTECTOR, SE SOLICITA TAMAÑO 10CM X 10CM;TRAMITE USUAL;16.8;13,500;0;0;13,500;226,800.00
209076401;APOSITO DE ESPUMA, se solicita Tamaños con borde 15 CM X 20 CM;TRAMITE USUAL;38.7;3,750;0;0;3,750;145,125.00
209076501;APOSITO DE ESPUMA, se solicita Tamaños sin borde 12.5CM X 12.5CM;TRAMITE USUAL;26.5;2,700;0;0;2,700;71,550.00
209076601;APOSITO DE ESPUMA, se solicita Tamaños SIN BORDEN 20CM X 20CM;TRAMITE USUAL;47.8;3,750;0;0;3,750;179,250.00
209076701;CAPA POROSA O BIOMATRIZ, SE SOLICITA TAMAÑO 10 cm x 10 cm, con 420 agujeros de 1600 micrones.;TRAMITE USUAL;60;7,130;0;0;7,130;427,800.00
209077401;SOLUCIÓN PARA LAVADO, IRRIGACIÓN Y DESBRIDAMIENTO DE HERIDAS, se solicita Botella con tapa rosca 500ml;TRAMITE USUAL;27.5;2,364;1,184;96;3,644;100,210.00
209077501;SOLUCIÓN PARA LAVADO, IRRIGACIÓN Y DESBRIDAMIENTO DE HERIDAS, se solicita, Dispensador en aerosol con tapa atomizador 250 ml;TRAMITE USUAL;18.5;4,400;1,293;300;5,993;110,870.50
209077601;SOLUCIÓN PARA LAVADO, IRRIGACIÓN Y DESBRIDAMIENTO DE HERIDAS, se solicita tamaño en bolsas con puerto de irrigación de 1000 ml.;TRAMITE USUAL;62.4;3,942;176;0;4,118;256,963.20
209077701;SOLUCIÓN PARA LAVADO, IRRIGACIÓN Y DESBRIDAMIENTO DE HERIDAS, SE SOLICITA EL TAMAÑO Compresa presaturada Empaque individual de gasa de 8 capas de 10 cm x 10 cm.;TRAMITE USUAL;6.9;0;925;0;925;6,382.50
209077801;SOLUCIÓN PARA LAVADO, IRRIGACIÓN Y DESBRIDAMIENTO DE HERIDAS SE SOLICITA, Gel Dispensador en spray aerosol 100 g.;TRAMITE USUAL;47.5;0;0;0;0;0
209091701;"ESPUMA DE POLIURETANO (PU) CON SISTEMA DE CONTROL DE CARGA DE TRANSPIRACIÓN CONTINUA, se solicita 4"" x 5"" (10.2 cm x 12.7 cm)";TRAMITE USUAL;28.9;0;0;0;0;0
209091801;"ESPUMA DE POLIURETANO (PU) CON SISTEMA DE CONTROL DE CARGA DE TRANSPIRACIÓN CONTINUA, se solicita ""8x8""(20.3 cm x 20.3 cm)";TRAMITE USUAL;73.42;0;0;0;0;0
209091901;"ESPUMA DE POLIURETANO CON SISTEMA DE CONTROL DE CARGA IMPERMEABLE, se solicita ""4 x 5"" (10.2cm x 12.7 cm)";TRAMITE USUAL;27.8;0;230;0;230;6,394.00
209092001;"ESPUMA DE POLIURETANO CON SISTEMA DE CONTROL DE CARGA IMPERMEABLE, se solicita ""8x8""(20.3 cm x 20.3 cm)";TRAMITE USUAL;73.42;0;1,040;260;1,300;95,446.00
209092101;ESPUMA DE ALCOHOL POLIVINILICO CON SISTEMA DE CONTROL DE CARGA,    (SE SOLICITA ,EXUDADO MODERADO SIN PELÍCULA DE RETENCIÓN DE HUMEDAD 15.2 cm x 15.2 cm (6” x 6”).;TRAMITE USUAL;14.61;6,570;1,750;50;8,370;122,285.70
209092201;ESPUMA DE ALCOHOL POLIVINILICO CON SISTEMA DE CONTROL DE CARGA,      (SE SOLICITA PARA TUNELIZACION DE 9 mm (1.2g);TRAMITE USUAL;14.61;3,000;2,700;150;5,850;85,468.50
209092301;ESPUMA DE ALCOHOL POLIVINILICO CON SISTEMA DE CONTROL DE CARGA,     (SE SOLICITA, EXUDADO MODERADO SIN PELÍCULA DE RETENCIÓN DE HUMEDAD, TAMAÑO 10.2 cm x 10.2 cm (4” x 4”).;TRAMITE USUAL;56.21;2,220;1,850;0;4,070;228,774.70
209092401;"ESPUMA DE ALCOHOL POLIVINILICO CON SISTEMA DE CONTROL DE CARGA,    ( SE SOLICITA , EXUDADO ABUNDANTE SIN PELÍCULA DE RETENCIÓN DE HUMEDAD TAMAÑO De forma isla adherente de 10.2 cm x 12 cm (4"" x 4.75"") y espuma de 5 cm x 7 cm (2"" x 2.75"").";TRAMITE USUAL;34.98;0;0;0;0;0
209094100;CUCHILLA PARA PODADORA DE VELLOS Y CABELLOS CON SISTEMA OSCILANTE (Ofrecer Nueva Tecnologia) SE SOLICITAN UN MINIMO DE 100;TRAMITE USUAL;1.8;47,450;600;950;49,000;88,195.10
209100700;ESPECULO VAGINAL   SE SOLICITA TAMAÑO CHICO;TRAMITE USUAL;0.22;0;0;0;0;0
209100701;ESPECULO VAGINAL    SE SOLICITA TAMAÑO MEDIANO;TRAMITE USUAL;0.22;246,150;9,200;4,200;259,550;57,620.10
209100702;ESPECULO VAGINAL    SE SOLICITA TAMAÑO GRANDE  ;TRAMITE USUAL;0.22;121,500;3,700;2,200;127,400;28,282.80
209111100;SUTURA ÁCIDO POLIGLICOLICO TENZADO            (SE SOLICITA CALIBRE 3-0).;TRAMITE USUAL;0.94;58,050;216;0;58,266;54,706.53
209111200;SUTURA DE ÁCIDO POLIGLICÓLICO CALIBRE 0 DE 60-75CM DE LONGITUD.;TRAMITE USUAL;1.74;0;0;0;0;0
209111300;MATRIZ EXTRACELULAR TRIDIMENSIONAL (SE SOLICITA 7 x 20CM, MALLA)   ;TRAMITE USUAL;268.24;0;0;0;0;0
209111600;MATRIZ DE CELULOSA OXIDADA REGENERADA Y COLÀGENO   SE SOLICITA TAMAÑO 123 CENTIMETROS CUADRADOS.                                                                                                                                                                                                                                                                      ;TRAMITE USUAL;47.87;0;0;0;0;0
209112500;INSTRUMENTO O PINZA CURVA PARA FUSION DE TEJIDOS PARA ELECTROCAUTERIO MULTIMODAL O BIPOLAR AVANZADO (CIRUGIA ABIERTA) DESECHABLE;TRAMITE USUAL;625;0;12;0;12;7,500.00
209112700;LAPIZ PARA ELECTROCAUTERIO MULTIMODAL (CORTE,DISECCION Y COAGULACION)                                                                                                                                                                                                                                                             ;TRAMITE USUAL;42.98;0;0;0;0;0
209112800;PINZA PARA FUSION DE TEJIDOS Y DISECCION MONOPOLAR DE 5MM LAPARASCOPICA PARA ELECTROCAUTERIO MULTIMODAL. (Se Solicita de 37 Long, mandibula curva). ;TRAMITE USUAL;846.54;0;0;0;0;0
209112900;PINZA LAPARASCOPICA DE 5 MM CON CORTE INCORPORADO PARA SELLADO DE VASOS SANGUINEOS MEDIANTE PRESION.                                                                                                                              ;TRAMITE USUAL;598.01;90;0;0;90;53,820.90
209113300;TROCAR PARA CIRUGIA LAPAROSCOPICA DE 2MM A 15MM DE DIAMETRO, PUNTA CORTANTE DESECHABLE CON PROTECCION ACTIVA Y REDUCTOR INCORPORADO;TRAMITE USUAL;64.62;3,926;198;12;4,136;267,268.32
209113400;INSTRUMENTO PARA PROLAPSO RECTAL Y HEMORROIDES;TRAMITE USUAL;199.5;328;49;0;377;75,211.50
209113500;TROCAR PARA CIRUGIA LAPAROSCOPICA  DE 5MM A 12MM DE DIAMETRO CON SISTEMA DE ANCLAJE (TIPO HASSAN O TÉCNICA ABIERTA) PUNTA ROMA DESECHABLE.                                             ;TRAMITE USUAL;41.69;2,160;36;6;2,202;91,801.38
209113600;"MALLA TRI-LAMINADA DELGADA.  (SE SOLICITA TAMAÑO 8"" X 12"" (20 X 30cm))";TRAMITE USUAL;1,651.43;0;0;0;0;0
209113700;HEMOSTATICO ABSORVIBLE DE TEXTURA ALGODONOSA            (SE SOLICITA: TAMAÑO: 2.5 X 5CM);TRAMITE USUAL;110;0;0;0;0;0
209119500;SUTURA MONOFILAMENTO POLIDIOXANONA  CALIBRE 1  (SE SOLICITA AGUJA  70MM );TRAMITE USUAL;20;0;0;0;0;0
209119600;SUTURA MONOFILAMENTO SINTETICO ABSORBIBLE,                 (SE SOLICITA CALIBRE 5-0) .;TRAMITE USUAL;1.56;47,232;972;0;48,204;75,168.84
209119700;SUTURA: MONOFILAMENTO SINTETICO ABSORBIBLE, CALIBRE 4-0 ;TRAMITE USUAL;1.37;17,460;432;180;18,072;24,714.73
209119900;"CANULA DE ASPIRACION TIPO YANKEUER. SE SOLICITA TIPO RIGIDA DE ADULTO de 12"" y tuberia de 72"" o MAS";TRAMITE USUAL;1.14;0;0;0;0;0
209125001;SISTEMA DE ENGRAPADO O LIGADURA, PARA CLIP DE POLIMERO NO ABSORBIBLE;TRAMITE USUAL;89.59;0;0;0;0;0
209155001;GUANTES QUIRÚRGICOS LIBRES DE LATEX Y POLVO, ESTÉRIL  SE SOLICITA TAMAÑO 6 1/2;TRAMITE USUAL;1.3;0;0;0;0;0
209155101;GUANTES QUIRÚRGICOS LIBRES DE LATEX Y POLVO, ESTÉRIL               (SE SOLICITA TAMAÑO 7);TRAMITE USUAL;0.96;0;0;0;0;0
209155201;GUANTES QUIRÚRGICOS LIBRES DE LATEX Y POLVO, ESTÉRIL . SE SOLICITA TAMAÑO 7.5;TRAMITE USUAL;0.96;0;0;0;0;0
209158201;GLUCONATO DE CLORHEXIDINA AL 4% EN ESPUMA PARA ANTISEPSIA DE MANO.                                                                                                                                                            ( LA EMPRESA QUE SE LE ADJUDIQUE DEBE PROPORCIONAR ELSISTEMA DE DISPENSACION POR BOMBA DE PIE) ;TRAMITE USUAL;24.88;0;0;0;0;0
209158301;GUANTES DE NITRILO PARA EXAMEN SIN POLVO, NO ESTÉRIL.       (SE SOLICITA TAMAÑO MEDIANO);TRAMITE USUAL;0.03;15,400;1,700;5,300;22,400;743.68
209158401;GUANTES DE NITRILO PARA EXAMEN SIN POLVO, NO ESTÉRIL.     (SE SOLICITA TAMAÑO GRANDE);TRAMITE USUAL;0.03;16,000;0;0;16,000;531.2
209160401;SOLUCION QUIRURGICA ANTISEPTICO PARA LA PIEL .  SE SOLICITA VOLUMEN DE 26ML;TRAMITE USUAL;9.59;19,100;3,400;200;22,700;217,715.70
209163501;SUTURA: POLIPROPILENO MONOFILAMENTO, CALIBRE 6-0  ( 1/2 de circulo);TRAMITE USUAL;4.46;756;0;0;756;3,371.76
209163901;INJERTO VASCULAR CONICO CON ANILLOS INTEGRADOS AL PTFE.                                                                                                                                                                                     (SE SOLICITA: CON HEPARINA BIOACTIVA, CAN ANILLO INTEGRAD, INJERTO VASCULAR CÓNICO Entre 4MM y 6MM ,Longitud 45CM).;TRAMITE USUAL;1,483.01;207;225;0;432;640,660.32
209168001;INJERTO VASCULAR CONICO CON ANILLOS INTEGRADOS AL PTFE.   SE SOLICITA:  CON HEPARINA BIOACTIVA, CAN ANILLO INTEGRAD, INJERTO VASCULAR CÓNICO ENTRE 4MM y  7MM , LONGITUD 45CM;TRAMITE USUAL;1,494.01;225;0;0;225;336,152.25
209170601;"ESPIROMETRO INCENTIVO PARA REALIZAR EJERCICIOS DE RESPIRACION PROFUNDA.
(DESECHABLE):";TRAMITE USUAL;19.95;38,112;180;192;38,484;767,589.93
209171801;LENTE INTRAOCULAR PLEGABLE DE ACRILICO HIDROFOBICO DE +10.00 A +30.00 DIOPTRIAS.;TRAMITE USUAL;39.9;630;3;0;633;25,256.70
209175902;CEPILLO PARA LAVADO QUIRURGICO DESECHABLE CON CLOREXIDINA AL 4%,ESTERIL;TRAMITE USUAL;0.42;0;0;0;0;0
209193700;DELANTAL PROTECTOR DE FLUIDOS               (JUMSUIT) ;TRAMITE USUAL;15.28;151,300;2,400;0;153,700;2,348,536.00
209196401;Cuchillete con Mango de 15º hasta 45º  (se solicita de 15°) Desechable, esteril, con hoja en forma de lanceta de una sola pieza de 3 a 5mm.;TRAMITE USUAL;6.88;0;0;0;0;0
209203101;GLUCONATO DE CLORHEXIDINA AL 2% EN ESPUMA PARA ANTISEPSIA DE MANO. ( LA EMPRESA QUE SE LE ADJUDIQUE DEBE PROPORCIONAR EL SISTEMA DE DISPENSACION POR BOMBA DE PIE)  ;TRAMITE USUAL;20.03;6,000;0;0;6,000;120,156.00
209214901;CANULA NASOFARINGEA DE 32 FR A 36 FR.                 (SE SOLOCITA TAMAÑ0 32FR) ;TRAMITE USUAL;3.69;8,400;300;0;8,700;32,134.32
209215001;CANULA NASOFARINGEA  DE 32 FR A 36 FR.                        (SE SOLOCITA TAMAÑ0 34FR);TRAMITE USUAL;3.69;3,630;300;0;3,930;14,488.34
209215101;CANULA NASOFARINGEA  DE 28 FR A 30 FR. SE SOLOCITA TAMAÑ0 30FR      ;TRAMITE USUAL;3.69;420;630;0;1,050;3,878.07
209215201;CANULA NASOFARINGEA  DE 28 FR A 30 FR. SE SOLOCITA TAMAÑ0 28FR   ;TRAMITE USUAL;3.65;570;300;0;870;3,178.98
209223001;CAL SODADA SIN PRODUCCION DEL COMPUESTO A. SE SOLICITA BOLSA DE 1KG;TRAMITE USUAL;15.91;0;0;0;0;0
209235401;"GASA 2"" X 2"" X 16 DOBLECES, ESTÉRIL";TRAMITE USUAL;0.01;72,000;0;0;72,000;979.92
209235501;"GASA 2"" X 2"" X 16 DOBLECES CON ELEMENTO RADIOPACO, ESTERIL";TRAMITE USUAL;0.03;0;0;0;0;0
209235601;"GASA 3"" X 3"" X 16 DOBLECES, ESTERIL";TRAMITE USUAL;0.02;0;0;0;0;0
209235801;"GASA 8"" X 4"" X 16 DOBLECES, ESTÉRIL";TRAMITE USUAL;0.07;104,000;1,600;0;105,600;7,362.43
209235901;"GASA 8"" X 4"" X 16 DOBLECES CON ELEMENTOS RADIOPACO, ESTÉRIL";TRAMITE USUAL;0.35;108,400;10,000;47,000;165,400;58,647.53
209236101;"GASA SIMPLE 4"" X 4"" X 16 ESTÉRIL";TRAMITE USUAL;0.03;0;0;0;0;0
209244001;"AGUJAS PARA LOCALIZACION Y BLOQUEO DE NERVIO PERIFERICO.                             (SE SOLICITA TAMAÑO 22Ga X 2"").";TRAMITE USUAL;11.8;0;0;0;0;0
209268501;"CIRCUITO DESECHABLE DE VENTILADOR INTEGRADO DE HUMIDIFICACIÓN PASIVA Y
FILTRACIÓN DE 72 HORAS DE USO";TRAMITE USUAL;79;15,360;540;0;15,900;1,256,100.00
209269601;GUANTES DE NITRILO PARA EXAMEN SIN POLVO, NO ESTÉRIL. SE SOLICITA TAMAÑO CHICO;TRAMITE USUAL;0.03;8,000;4,500;0;12,500;415
209270001;"SET DE ROPA
";TRAMITE USUAL;12.34;57,102;0;300;57,402;708,340.68
209286501;"CINTURON SEGURIDAD PARA MARCHA DE ADULTO                    (SE SOLICITA TAMAÑO PEQUEÑA DE 34""-30"")";TRAMITE USUAL;82.72;70;38;0;108;8,934.12
209286601;"CINTURON SEGURIDAD PARA MARCHA ADULTO.  (SE SOLICITA MEDIANO 30""-44"")";TRAMITE USUAL;82.72;459;234;0;693;57,327.29
209286701;"CINTURON SEGURIDAD PARA MARCHA DE ADULTO.         (SE SOLICITA GRANDE 44""-60"")";TRAMITE USUAL;82.72;312;114;0;426;35,240.16
209292901;BOLSA PARA OBTENCIÓN DE MUESTRAS EN CIRUGÍA LAPAROSCÓPICA (Se solicita de 6.4cm x 15cm);TRAMITE USUAL;78.34;0;0;0;0;0
209296301;TIJERA PARA CORTE Y LIGADURA DE CORDÓN UMBILICAL CON BISTURÍ. ;TRAMITE USUAL;5.15;0;0;0;0;0
209298301;SET DE ROPA DESECHABLE PARA CIRUGIA OFTALMOLOGICA;TRAMITE USUAL;39.99;7,440;0;300;7,740;309,522.60
209313501;CUCHILLETE                (SE SOLICITA  2,2mm);TRAMITE USUAL;9;0;0;540;540;4,860.00
209321101;SISTEMA DE DRENAJE TORACICO DE TRES CAMARAS. SE SOLICITA DRENAJE CERRADO DE 1 TUBO;TRAMITE USUAL;26.7;0;0;0;0;0
209330401;RESPIRADORES CONTRA PARTICULAS DE ALTA FILTRACION N95 CON O SIN VALVULA DE EXALACION.                                                                                                   (SOLICITAMOS TAMAÑO MEDIANO ,SIN VALVULA DE EXALACION);TRAMITE USUAL;0.97;0;0;0;0;0
209332801;BANDEJA DE ANESTESIA EPIDURAL CONTINUA DESECHABLE CON MEDICAMENTO. SE SOLICITA AGUJA TUOHY/HUBER DE 17G X 88 a 90mm SIN ALAS;TRAMITE USUAL;30;400;180;600;1,180;35,400.00
209338801;"EMPAQUES O COMPRESA CALIENTE (SE SOLICITA CONTORNO PARA CUELLO 61X15 CM 24"" X 6"")";TRAMITE USUAL;36.64;0;20;0;20;732.82
209355401;"BOLSA MIXTA TERMOSELLABLE PARA ESTERILIZAR, 6"" X 12"" (150 X 300MM)";TRAMITE USUAL;0.11;882,200;5,400;9,000;896,600;98,626.00
209375401;JUEGO COMPLETO PARA CATETERIZACIÓN VESICAL CON SONDA FOLEY SE SOLICITA 16Fr DE SILICONA, CAPACIDAD DE BOLSA DE 2000cc, Solución para limpieza de Clorexidina acuosa al 1% CON Jeringuilla prellenada con agua bidestilada de  10cc CON UN PAR DE GUANTES DE NITRILO O VINILO;TRAMITE USUAL;15.91;24,860;1,140;0;26,000;413,660.00
209375601;JUEGO COMPLETO PARA CATETERIZACIÓN VESICAL CON SONDA FOLEY SE SOLICITA 18Fr DE SILICONA, CAPACIDAD DE BOLSA DE 2000cc, Solución para limpieza de Clorexidina acuosa al 1% CON Jeringuilla prellenada con agua bidestilada de  10cc CON UN PAR DE GUANTES DE NITRILO O VINILO;TRAMITE USUAL;13;32,292;720;240;33,252;432,276.00
209377501;GUANTES QUIRÚRGICOS LIBRES DE LATEX Y POLVO, ESTÉRIL  SE SOLICITA TAMAÑO 6;TRAMITE USUAL;0.96;0;0;0;0;0
209393201;APOSITO DE ESPUMA 3D CON PLATA IONICA SE SOLICITA APOSITO NO ADHESIVO TAMAÑO 10X 10CM ;TRAMITE USUAL;21;38,400;1,430;140;39,970;839,370.00
209416401;JUEGO COMPLETO PARA SUCCIÓN DE VÍAS RESPIRATORIAD, PEDIATRICO Y ADULTO. SE SOLICITA TAMAÑO 6FR;TRAMITE USUAL;1.37;10,050;150;0;10,200;13,974.00
209419501;DETERGENTE LIQUIDO CON ENZIMAS (SE SOLICITA DE 4 ENZIMA);TRAMITE USUAL;35.63;0;0;0;0;0
209419601;TORRE DE HISTEROSCOPIA DE FLUJO CONTINUO PARA GINECOLOGIA:   SE SOLICITA ACCESORIO  JUEGOS DE TUBOS DE SILICON REUSABLE;TRAMITE USUAL;55.36;60;0;0;60;3,321.60
209422201;"MULTICAPA DE TRIPLEACCION A BASE DE OCTENIDINA Y ACIDO HIALURONICO TAMAÑO: 10CM X 10CM (3.9"" X 3.9"")";TRAMITE USUAL;0.11;0;300;0;300;33
209423401;CATETER DE ARTERIA RADIAL PARA MONITORIZACION DE PRESION Y TOMA DE MUESTRAS SE SOLICITA CON ALETAS DE 3Fr Y 5cms DE LONGITUD DE POLIURETANO CON PUNTA RECTA;TRAMITE USUAL;77.5;4,172;0;0;4,172;323,330.00
209434101;TIJERA PARA BISTURI ARMONICO CON CONTROL MANUAL Y ALTA FRECUENCIA.  (SE SOLICITA VASTAGO DE 9CM);TRAMITE USUAL;1,005.00;0;0;0;0;0
209443301;GUANTES QUIRÚRGICOS DE LÁTEX, ESTÉRIL (Se solicita tamaño 6)   SE RECIBIRA POR LA 911                                                                                                                                                                                                                                                           ;TRAMITE USUAL;0.16;0;0;0;0;0
209454501;BOLSA INFUSORA A PRESION .SE SOLICITA BOLSA DE 1000cc DE CAPACIDAD;TRAMITE USUAL;21.6;0;315;0;315;6,804.00
209458401;MATRIZ EXTRACELULAR TEJIDO FIBROSO (Se solicita de 5 x 5cm) ;TRAMITE USUAL;70.07;0;0;54;54;3,783.78
209459201;SET DE ROPA PARA CITOSCOPÍA;TRAMITE USUAL;25.98;33,012;324;1,692;35,028;910,027.44
209462801;FERULAS SINTETICAS EN ROLLO SE SOLICITA DE 7.5CM X 4.6M;TRAMITE USUAL;112.06;660;88;0;748;83,820.88
209462901;FERULA SINTETICAS EN ROLLO SE SOLICITA DE 12.5CM X 4.6M;TRAMITE USUAL;163.88;900;102;24;1,026;168,140.88
209464201;FERULAS SINTETICAS EN ROLLO SE SOLICITA DE 5CM X 4.6M;TRAMITE USUAL;92.04;267;363;12;642;59,089.68
209464301;FERULAS SINTETICAS EN ROLLO SE SOLICITA DE 10CM X 4,6M;TRAMITE USUAL;134.26;384;100;0;484;64,981.84
209471301;JUEGO DE ROPA DESECHABLE PARA CAMA DE PACIENTE;TRAMITE USUAL;3.39;140,900;1,800;1,350;144,050;488,329.50
209472501;"VENDA DE YESO DE POLIESTER SE SOLICITA 5""X4 YARDAS. ";TRAMITE USUAL;7.78;40,617;0;0;40,617;316,000.26
209472601;BANDEJA PARA INSERCION DE SONDA VESICAL ;TRAMITE USUAL;1.9;1,380;0;0;1,380;2,622.00
209479001;BOLSA INFUSORA A PRESION. SE SOLICITA BOLSA DE 500cc DE CAPACIDAD;TRAMITE USUAL;21.6;0;30;0;30;648
209484301;BANDEJA PARA CATETERIZACION VENOSO CENTRAL DOBLE LUMEN NEONATAL.  SE SOLICITA 4FR X 5CM, DE POLIURETANO;TRAMITE USUAL;64.5;0;0;0;0;0
209484401;BANDEJA PARA CATETERIZACION VENOSO CENTRAL DOBLE LUMEN NEONATAL.  SE SOLICITA 4FR X 8CM, DE POLIURETANO;TRAMITE USUAL;64.5;0;0;0;0;0
209484701;BANDEJA PARA CATETERIZACION VENOSO CENTRAL TRIPLE LUMEN PEDIATRICA. SE SOLICITA MATERIAL DE CATETER CON POLIURETANO DIAMETRO 5 FR X 8CM DE LONGITUD.;TRAMITE USUAL;73.5;270;0;0;270;19,845.00
209484801;BANDEJA PARA CATETERIZACION VENOSO CENTRAL TRIPLE LUMEN PEDIATRICA.   SE SOLICITA MATERIAL DE CATETER CON POLIURETANO DIAMETRO 5FR X 12CM DE LONGITUD;TRAMITE USUAL;162;330;0;0;330;53,460.00
209485301;SUTURA: POLIPROPILENO MONOFILAMENTO, CALIBRE 5-0.(SE SOLICITA LONGITUD DE 75 CM) ;TRAMITE USUAL;3.97;23,688;432;0;24,120;95,756.40
209485401;PERILLA (BULBO) DE SUCCION - IRRIGACION DE 2 ONZAS ESTERIL;TRAMITE USUAL;0.66;25,203;200;0;25,403;16,638.97
209485501;GUANTES QUIRURGICO DE LATEX ESTERIL                                                               (SE SOLICITA TAMAÑO 8 1/2);TRAMITE USUAL;0.16;0;0;0;0;0
209485901;BANDAS ELÁSTICAS PARA FORTALECIMIENTO SE SOLICITA ULTRA SUAVE;TRAMITE USUAL;103.91;426;12;27;465;48,320.04
209486001;BANDAS ELÁSTICAS PARA FORTALECIMIENTO   (SE SOLICITA MEDIANA);TRAMITE USUAL;102.39;198;12;27;237;24,265.48
209486101;BANDAS ELÁSTICAS PARA FORTALECIMIENTO                     (SE SOLICITA FUERTE) ;TRAMITE USUAL;103.91;519;9;27;555;57,672.30
209486201;BANDAS ELÁSTICAS PARA FORTALECIMIENTO                       (SE SOLICITA -EXTRA FUERTE);TRAMITE USUAL;126.55;171;0;36;207;26,195.83
209486401;BANDAS ELÁSTICAS PARA FORTALECIMIENTO                     (SE SOLICITA -SUPER FUERTE);TRAMITE USUAL;92.06;201;12;54;267;24,580.25
209489901;"APOSITO ELECTROESTATICO LAMINADO DE CARBON ACTIVADO DE BAJA ADHERENCIA SE SOLICITA TAMAÑO: 20 CM X 10 CM (8"" X 4"")";TRAMITE USUAL;24;1,450;2,400;0;3,850;92,400.00
209493501;BANDAS ELÁSTICAS PARA FORTALECIMIENTO.                    (SE SOLICITA SUAVE);TRAMITE USUAL;103.91;129;15;51;195;20,263.24
209496501;"APOSITO ELECTROESTÁTICO DE TRIPLE ACCIÓN SE SOLICITA TAMAÑO: 10 CM X 10 CM (4"" X 4"")";TRAMITE USUAL;24;9,000;0;0;9,000;216,000.00
209518001;APÓSITO HIDROCOLOIDE (Estándar, Regular o Extra Absorbente).  SE SOLICITA  CUADRADO 10CM X 10CM;TRAMITE USUAL;1.74;14,400;1,440;0;15,840;27,561.60
209519101;RECIPIENTE DESECHABLE PARA SISTEMA DE DRENAJE TORÁCICO DIGITAL (Se solicita de 300cc polipropileno) ;TRAMITE USUAL;16;0;0;0;0;0
209521601;"AGUJAS PARA LOCALIZACION Y BLOQUEO DE NERVIO PERIFERICO.  SE SOLICITA TAMAÑO 22Ga X 3 1/4"" ";TRAMITE USUAL;11.8;594;0;0;594;7,009.20
209540801;HIALURONATO SÓDICO;TRAMITE USUAL;21.99;300;836;720;1,856;40,813.44
209541001;"FORRO PROTECTOR DE COLCHON SE SOLICITA TAMAÑO 38"" X 80""";TRAMITE USUAL;44.88;32,210;0;880;33,090;1,485,079.20
209542201;SUTURA: ACIDO POLIGLICÓLICO TRENZADO, CALIBRE 3-0, LONGITUD 67 A 75 CM.  AGUJA DE 15 A 17 MM., 1/2 CIRCULO, PUNTA REDONDA. SE SOLICITA LONGITUD DE 75CM Y AGUJA DE 15MM;TRAMITE USUAL;1.48;42,840;0;0;42,840;63,403.20
209546001;MASCARILLA RECTANGULAR DE 3 PLIEGUES CON SUJECION EN LAS OREJAS. ;TRAMITE USUAL;0.31;0;0;0;0;0
209546301;BATA DESECHABLE, PARA USO GENERAL NO ESTERIL .AAMI     NIVEL 3.  SE SOLICITA TAMAÑO REGULAR O UNIVERSAL (MEDIANO -GRANDE);TRAMITE USUAL;0.58;0;0;0;0;0
209546401;BATA DESECHABLE, PARA USO GENERAL NO ESTERIL .AAMI NIVEL 3.       (SE SOLICITA TAMAÑO GRANDE);TRAMITE USUAL;0.51;0;0;0;0;0
209559101;VENDAJE NEUROMUSCULAR. SE SOLICITA DE 5CM X 5MT;TRAMITE USUAL;99;15;0;0;15;1,485.00
209559201;MUÑEQUERA CON BARRA DE 6” U 8” DERECHA O IZQUIERA, CON CIERRE DE VELCRO    ( SE SOLICITA  TAMAÑO CHICO);TRAMITE USUAL;40.69;1,158;0;0;1,158;47,120.64
209559401;"INMOVILIZADOR DE RODILLA UNIVERSAL. SE SOLICITA TAMAÑO  16"" DE LONGITUD";TRAMITE USUAL;44.78;0;0;0;0;0
209559601;INMOVILIZADOR ELÁSTICO DE HOMBRO                           (SE SOLICITA TAMAÑO SMALL)    ;TRAMITE USUAL;44.65;759;0;0;759;33,889.35
209559701;"CALCETA TUBULAR.    SE SOLICITA  MEDIA TEJIDA DE ALGODÓN 2"" X 25 YARDAS DE LONGITUD";TRAMITE USUAL;12.33;630;0;0;630;7,767.90
209559801;MUÑEQUERA CON BARRA DE 6” U 8” DERECHA O IZQUIERA, CON CIERRE DE VELCRO  (SE SOLICITA  TAMAÑO MEDIANO);TRAMITE USUAL;40;486;0;0;486;19,440.00
209559901;MUÑEQUERA CON BARRA DE 6” U 8” DERECHA O IZQUIERA, CON CIERRE DE VELCRO               SE SOLICITA  TAMAÑO GRANDE ;TRAMITE USUAL;40.69;622;0;0;622;25,310.05
209560201;"INMOVILIZADOR DE RODILLA UNIVERSAL                                                SE SOLICITATAMAÑO 20"" DE LONGITUD";TRAMITE USUAL;44.54;444;0;0;444;19,777.09
209560301;"INMOVILIZADOR DE RODILLA UNIVERSAL   SE SOLICITA  Tamaños : 24"". de longitud";TRAMITE USUAL;40.52;501;0;0;501;20,302.02
209560401;INMOVILIZADOR ELÁSTICO DE HOMBRO SE SOLICITA TAMAÑO MEDIANO;TRAMITE USUAL;14.54;1,908;0;0;1,908;27,742.32
209560501;INMOVILIZADOR ELÁSTICO DE HOMBRO (SE SOLICITA TAMAÑO LARGO);TRAMITE USUAL;13.89;861;0;0;861;11,957.57
209564401;SUTURA POLIGLACTINA 910 RECUBIERTO DE POLIGLACTINA 370 Y TRICLOSAN (SUTURA ACTIVA).CALIBRE 1 .   (SE SOLICITA AGUJA 36.4MM Y LONGITUD DE 90CM)                                                                                                                                                                                                                 ;TRAMITE USUAL;5.36;0;0;0;0;0
209564501;SUTURA MONOFILAMENTO POLIDIOXANONA  CALIBRE 1                                                                                                                                                                                                                                                                                                                                                                                                                                                         DESCRIPCION: Recubierta de triclosan color violeta, longitud entre 70cm y 90cm, con aguja de 36.4mm, 40mm ó 48mm de 1/2 circulo, punta ahusada. (SE SOLICITA CALIBRE 1 CON AGUJA 40MM Y LONGITUD DE 90 CM);TRAMITE USUAL;18.37;1,440;0;0;1,440;26,452.80
209565201;BANDEJA PARA CATETERIZACION VENOSO CENTRAL TRIPLE LUMEN PEDIATRICA.    SE SOLICITA MATERIAL DE CATETER CON POLIURETANO DIAMETRO 5FR X 15CM DE LONGITUD.;TRAMITE USUAL;165;900;0;0;900;148,500.00
209566001;RECIPIENTE DESECHABLE PARA SISTEMA DE DRENAJE TORÁCICO DIGITAL (Se solicita recipiente de 2000, polipropileno) ;TRAMITE USUAL;73;408;0;0;408;29,784.00
209566101;TUBO PARA SISTEMA DE DRENAJE TORÁXICO DIGITAL CONEXIÓN SIMPLE SE SOLICITA 1.5 M;TRAMITE USUAL;22;496;400;0;896;19,712.00
209566801;AGUJA PARA LA LOCALIZACION DE LESIONES MAMARIAS . SOLICITA CALIBRE 20 G A Y 10 cm                                                                                                       ;TRAMITE USUAL;10.95;0;0;0;0;0
209585001;APÓSITO CON MATRIZ DE COLAGENO CON PLATA;TRAMITE USUAL;50;2,300;2,000;40;4,340;217,000.00
209590301;TIJERA PARA BISTURI ARMONICO CON CONTROL MANUAL Y ALTA FRECUENCIA.  SE SOLICITA VASTAGO DE 45CM;TRAMITE USUAL;881.49;0;0;0;0;0
209603601;RESPIRADORES CONTRA PARTICULAS DE ALTA FILTRACION N95 CON O SIN VALVULA DE EXALACION. SE SOLICITA TAMAÑO GRANDE, CON VALVULA DE EXALACIÓN ;TRAMITE USUAL;5.7;0;0;0;0;0
209611001;"EMPAQUES O COMPRESA CALIENTE                                       (SE SOLICITA TAMAÑO ESTÁNDAR DE 25CM X 30CM 10""X12"")";TRAMITE USUAL;37.64;24;48;0;72;2,710.08
209666301;ROPA DESECHABLE DE NEUROCIRUGÍA;TRAMITE USUAL;54.9;3,117;480;495;4,092;224,650.80
209726201;"FIJACION CUTANEO CON ADHESIVO DE SILICONA Y DOBLE PROTECCION ANTIMICROBIANA DE CLORHEXIDINA Y PLATA CON VENTANA SE SOLICITA TAMAÑO: 6cm x 7cm
";TRAMITE USUAL;18.5;700;3,300;0;4,000;74,000.00
209726301;"FIJACION CUTANEO CON ADHESIVO DE SILICONA Y DOBLE PROTECCION ANTIMICROBIANA DE CLORHEXIDINA Y PLATA CON VENTANA SE SOLICITA TAMAÑO: 10cm x 12cm
";TRAMITE USUAL;29.5;3,600;3,300;0;6,900;203,550.00
209770201;GORRO PARA VARON.;TRAMITE USUAL;0.03;2,478,000;10,000;135,300;2,623,300;85,781.91
209770301;GORRO PARA MUJERES.;TRAMITE USUAL;0.02;0;0;0;0;0
209817201;ROPA DESECHABLE PARA LAPARATOMIA;TRAMITE USUAL;18.62;17,150;1,308;456;18,914;352,178.68
209819201;MANGA DE COMPRESION NEUMATICA SECUENCIAL Y/O INTERMITENTE PARA  PANTORRILLA PARA LA PROFILAXIS DE LA TROMBOSIS VENOSA PROFUNDA. SE SOLICITA TAMAÑO GRANDE.;TRAMITE USUAL;33.1;16,682;240;0;16,922;560,118.20
209819301;MANGA DE COMPRESION NEUMATICA SECUENCIAL Y/O INTERMITENTE PARA  PANTORRILLA PARA LA PROFILAXIS DE LA TROMBOSIS VENOSA PROFUNDA.    SE SOLICITA TAMAÑO  MEDIANO;TRAMITE USUAL;33.25;26,300;120;0;26,420;878,465.00
209821001;SISTEMA INTEGRADO DE CIERRE DE PUERTOS (DUAL) PARA PROCEDIMIENTOS LAPAROSCÓPICOS;TRAMITE USUAL;201.34;0;0;0;0;0
209833001;JERINGUILLA DE 1cc (?-100) PARA INSULINA DE RETRACCION. SE SOLICITA 30G X 8MM;TRAMITE USUAL;0.31;7,360,800;108,000;131,200;7,600,000;2,356,000.00
209833101;JERINGUILLA DE 0.5cc (¦Ì-100) PARA INSULINA DE RETRACCION     (SE SOLICITA 30G X 8MM);TRAMITE USUAL;0.33;1,138,000;64,000;70,400;1,272,400;419,892.00
209833401;SET DE ROPA DESECHABLE PARA DILATACION Y CURETAJE;TRAMITE USUAL;20.42;40,018;1,008;64;41,090;839,057.80
209833501;FERULAS SINTETICAS EN ROLLO SE SOLICITA DE 15CM X 4.6M;TRAMITE USUAL;184.94;558;70;0;628;116,142.32
209833601;"CATETER INTRAVENOSO DE BIOSEGURIDAD   (SE SOLICITA CATETER DE POLIURETANO TAMAÑO 18G X 1 1/4"")";TRAMITE USUAL;0.87;386,400;44,200;13,600;444,200;386,454.00
209833701;"CATETER INTRAVENOSO DE BIOSEGURIDAD.  SE SOLICITA CATETER DE POLIURETANO TAMAÑO 20G X 1""  A 1 3/4""";TRAMITE USUAL;0.83;88,400;70,400;10,000;168,800;140,104.00
209833801;"CATETER INTRAVENOSO DE BIOSEGURIDAD SE SOLICITA CATETER DE POLIURETANO TAMAÑO 22G X 1 """;TRAMITE USUAL;0.83;360,000;38,600;0;398,600;330,838.00
209833901;CATETER INTRAVENOSO DE BIOSEGURIDAD 1. Catéter con sistema de seguridad de retracción automática al extraer la guía o aguja ;TRAMITE USUAL;0.83;510,900;36,800;11,600;559,300;464,219.00
209834001;CANULA NASOFARINGEA  DE 20 FR A  26 FR.  (SE SOLOCITA TAMAÑ0 26FR) ;TRAMITE USUAL;3.81;8,390;0;0;8,390;31,965.90
209834201;FILTRO DE C02 DESECHABLE SIN TUBERIA ;TRAMITE USUAL;10;0;0;0;0;0
209834501;SISTEMA DE DOS PIEZAS PARA COLOSTOMIA /ILEOSTOMIA PARA ADULTO ABIERTO.  (SE SOLICITO DIAMETRO EXTERNO DE 50MM);TRAMITE USUAL;4.55;17,280;7,560;1,800;26,640;121,212.00
209834601;SISTEMA DE DOS PIEZAS PARA COLOSTOMIA/ILEOSTONIA PARA ADULTO ABIERTA SE SOLICITA DIAMETRO EXTERNO 57MM A 60MM;TRAMITE USUAL;3.8;4,140;5,400;3,600;13,140;49,932.00
209834701;CANULA NASOFARINGEA  DE 32 FR A 36 FR.  (SE SOLOCITA TAMAÑ0 36FR)        ;TRAMITE USUAL;3.69;6,150;0;0;6,150;22,672.59
209834801;ENVASE PARA DESECHOS PUNZOCORTANTE SE SOLICITA TAMAÑO 7.6 LITROS;TRAMITE USUAL;4.6;0;0;0;0;0
209834901;ENVASE PARA DESECHOS PUNZOCORTANTE SE SOLICITA TAMAÑO 22.7 LITROS;TRAMITE USUAL;8.9;0;0;0;0;0
209835001;ENVASE PARA DESECHOS PUNZOCORTANTE SE SOLICITA TAMAÑO 1.4 LITROS;TRAMITE USUAL;3.9;4,920;0;150;5,070;19,773.00
209847501;GUANTES DE NITRILO CON PUÑO EXTENDIDO. SE (SOLICITA TAMAÑO EXTRA GRANDE);TRAMITE USUAL;1.53;0;0;0;0;0
209851201;COBERTOR CÁMARA DE VIDEO (Se solicita tamaño  17CM X 242CM);TRAMITE USUAL;2.73;6,720;2,100;60;8,880;24,242.40
209854501;LAMINA PROTECTORA DE SUPERFICIES AISLANTE DE FLUIDOS CONTAMINANTES.                           ;TRAMITE USUAL;18.52;434,100;14,700;1,200;450,000;8,333,491.50
209865701;APOSITO CON MATRIZ DE COLAGENO (Se solicita 4 pulgadas x 4 pulgadas (10cm x 10cm);TRAMITE USUAL;50.83;12,050;510;100;12,660;643,507.80
209868301;TERMOMETRO TIMPANICO DIGITAL   ( SE SOLICITA FUNDA O CUBERTOR DESECHABLE) ;TRAMITE USUAL;0.05;7,420,000;90,000;173,000;7,683,000;417,186.90
209870701;SOLUCIÓN DE GLUCONATO DE CLORHEXIDINA AL 2% Y ALCOHOL AL 70%, PARA LA ASEPSIA PRE QUIRÚRGICA DE LA PIEL Y PARA ACCESOS VASCULARES    SE SOLICITA TUBO APLICADOR CON ESPONJA DE 35ML  ENTINTADO;TRAMITE USUAL;9;1,050;425;0;1,475;13,275.00
209870801;CATETER DE SUCCION NASO-FARINGEA CALIBRE 14FR LONGITUD 60CM ;TRAMITE USUAL;0.25;0;0;0;0;0
209870901;CATETER DE SUCCION NASO-FARINGEA CALIBRE 16FR LONGITUD 60CM ;TRAMITE USUAL;0.25;0;0;0;0;0
209871001;CATETER DE SUCCION NASO-FARINGEA CALIBRE 18FR LONGITUD 60CM ;TRAMITE USUAL;0.25;0;0;0;0;0
209871201;TIJERA LAPAROSCÓPICA PARA BISTURI ARMINICO CON CONTROL MANUAL Y ALTA FRECUENCIA. SE SOLICITA VASTAGO DE 17 CM ;TRAMITE USUAL;1,090.00;0;0;0;0;0
209871301;"SISTEMA DE CATERIZACION VENOSA CENTRAL DE DOBLE O TRIPLE
LUMEN CON 2 ANTIBIOTICOS (MINOCICLINA Y RIFAMPICINA), NEONATAL
O PEDIÁTRICO  (SE SOLICITA DOBLE LUMEN 4FR X 5M, DE POLIURETANO)";TRAMITE USUAL;205;0;0;0;0;0
209871401;"SISTEMA DE CATERIZACION VENOSA CENTRAL DE DOBLE O TRIPLE
LUMEN CON 2 ANTIBIOTICOS (MINOCICLINA Y RIFAMPICINA), NEONATAL
O PEDIÁTRICO.                                                                        SE SOLICITA 5FR X 8CM, DE DOS LUMENS DE POLIURETANO";TRAMITE USUAL;205;600;0;0;600;123,000.00
209871501;SISTEMA DE CATERIZACION VENOSA CENTRAL DE DOBLE O TRIPLE LUMEN CON 2 ANTIBIOTICOS (MINOCICLINA Y RIFAMPICINA), NEONATAL O PEDIÁTRICO,  SE SOLICITA 5FR X 12CM, DE POLIURETANO DE DOS LUMEN.;TRAMITE USUAL;205;4,047;0;0;4,047;829,635.00
209871601;SISTEMA DE CATERIZACION VENOSA CENTRAL DE DOBLE O TRIPLE LUMEN CON 2 ANTIBIOTICOS (MINOCICLINA Y RIFAMPICINA), NEONATAL O PEDIÁTRICO.   SE SOLICITA DE TRES LUMENES 5FR X 12CM, DE POLIURETANO;TRAMITE USUAL;205;2,925;0;0;2,925;599,625.00
209871701;SISTEMA DE CATERIZACION VENOSA CENTRAL DE DOBLE O TRIPLE LUMEN CON 2 ANTIBIOTICOS (MINOCICLINA Y RIFAMPICINA), NEONATAL O PEDIÁTRICO                                                                                                                                  (SE SOLICITA 5FR X 15M, TRIPLE LUMEN DE POLIURETANO);TRAMITE USUAL;205;2,325;0;0;2,325;476,625.00
209871801;"SISTEMA DE CATERIZACION VENOSA CENTRAL DE DOBLE O TRIPLE LUMEN CON 2 ANTIBIOTICOS (MINOCICLINA Y RIFAMPICINA), NEONATAL
O PEDIÁTRICO.   SE SOLICITA 5FR X 8CM, DE TRES LUMENS DE POLIURETANO";TRAMITE USUAL;205;0;0;0;0;0
209871901;SISTEMA DE CATERIZACION VENOSA CENTRAL DE DOBLE   LUMEN CON 2 ANTIBIOTICOS 4FR X 8CM;TRAMITE USUAL;205;453;0;0;453;92,865.00
209872001;"TUBO DE EXTENSIÓN DE VENOCLISIS. SE SOLICITA DE 25"" DE LONGITUD";TRAMITE USUAL;0.6;115,250;5,900;1,250;122,400;73,317.60
209884401;SISTEMA CERRADO (ESPIGA) UNIDIRECCIONAL ;TRAMITE USUAL;2.52;1,800;0;0;1,800;4,537.19
209910801;ESTIMULADOR NERVIO VAGO (PROTESIS) ;TRAMITE USUAL;25,783.33;0;0;0;0;0
209968301;MICROESFERAS DE POLIESTIRENO CARGADAS NEGATIVAMENTE;TRAMITE USUAL;27.28;4,173;399;0;4,572;124,724.16
209975301;CEPILLO PLANO PARA LIMPIEZA DE 75MM X 20MM X 15MM (RIGIDO) ;TRAMITE USUAL;25;25,542;1,050;600;27,192;679,800.00
209975501;CEPILLO PARA LIMPIAR 75mm x 20mm x 15mm (FLEXIBLE);TRAMITE USUAL;25;22,545;1,650;750;24,945;623,625.00
209975701;ESPONJA TEREFTALATO DE POLIETILENO      (SE SOLICITA ESPONJA);TRAMITE USUAL;0.9;374,700;78,480;27,600;480,780;432,702.00
209991001;PELICULA DE SILICONA, CON PROTECCIÓN DE CLORHEXIDINA Y PLATA SE SOLICITA TAMAÑO: 10 cm X 12 cm.;TRAMITE USUAL;35.95;6,600;0;0;6,600;237,270.00
209991101;PELICULA DE SILICONA, CON PROTECCIÓN DE CLORHEXIDINA Y PLATA SE SOLICITA TAMAÑO: 6 cm X 20 cm.;TRAMITE USUAL;29.5;6,600;0;0;6,600;194,700.00
209991201;APOSITO PROTECTOR, SE SOLICITA TAMAÑO 15CM X 15CM;TRAMITE USUAL;24.58;13,140;1,485;0;14,625;359,482.50
209991301;APOSITO PROTECTOR, SE SOLICITA TAMAÑO 20CM X 20CM;TRAMITE USUAL;39.39;2,100;300;0;2,400;94,536.00
209991401;APOSITO ESPUMA , SE SOLICITA Tamaños con borde, 12.5X 12.5 CM;TRAMITE USUAL;33;2,700;0;0;2,700;89,100.00
209991501;APOSITO ESPUMA, se solicita Tamaños sin borde 10CM X 20CM;TRAMITE USUAL;27;2,700;0;0;2,700;72,900.00
209991801;APOSITO ESPUMA , se solicita Tamaños con borde 20CMX 26CM PARA TALON.;TRAMITE USUAL;58.6;2,700;0;0;2,700;158,220.00
209992601;ESTABILIZADOR DE CATETER SUPRA PUBICO O URETERAL;TRAMITE USUAL;22;13,440;2,100;200;15,740;346,280.00
209112600;"PINZA LAPARASCOPICA DE 10 MM CON CORTE INCORPORADO PARA SELLADO DE VASOS SANGUINEOS MEDIANTE PRESION.                                                                                                                                                         
Pinza de 10 mm. para Ligadura y Sellado de Vasos Sanguíneos, con Corte Incorporado, Desechable, de 37 cm. de largo,
mandíbulas Rectas, Rotación 359 grados, con electrodo incorporado, ancho de 6 mm., largo de 22 mm., Superficie Lisa con
Protuberancias de cerámicas, con Dispersión térmica de 2 mm., activada por pedal.
Estéril.";TRAMITE USUAL;404.75;0;0;0;0;0
;Total general;;**************;103,952,804;4,293,113;2,453,242;110,699,159;79,742,501
