CODIGO,DESCRIPCI‡N,PRECIO UNITARIO B/.,CANTIDAD EXISTENCIA ALMACêN CDPA DICIEMBRE,CANTIDAD EXISTENCIA ALMACêN CDDI DICIEMBRE,CANTIDAD EXISTENCIA ALMACêN CDCH DICIEMBRE,TOTAL DE EXISTENCIAS  DISPONIBLES    DICIEMBRE,MONTO DE EXISTENCIAS EN B/.,,
2-09-0035-02,CONECTOR PARA BOMBA DE INFUSION CON FILTRO DE AIRE,4.50 ,53600,7600,7200,"68,400","307,800.00",,
2-09-0037-00,AGUJA PARA NEUMOPERITONEO  (TIPO VERESS) PARA LAPARASCOPIA (Se solicita 120mm),10.17 ,0,0,0,0,0.00,,
2-09-0075-02,DETERGENTE ANIONICO EN POLVO PRESENTACION: PAQ. DE 4 LIBRAS,35.50 ,6180,180,2970,"9,330","331,200.63",,
2-09-0081-00,"AGUJA HIPODêRMICA,  (SE SOLICITA CALIBRE 18G X 1  1/2 PULGADAS, 38MM DE LONGITUD)",0.01 ,0,0,0,0,0.00,,
2-09-0084-00,"AGUJA HIPODêRMICA,   (SE SOLICITA CALIBRE 21G, 1 PULGADAS, 25MM DE LONGITUD.) ",0.02 ,594500,10200,259600,"864,300","12,964.50",,
2-09-0085-00,"AGUJA HIPODêRMICA,  SE SOLICITA CALIBRE 21G X 1 1/2 PULGADAS, 38MM DE LONGITUD",0.01 ,0,0,0,0,0.00,,
2-09-0086-00,"AGUJA HIPODêRMICA, (SE SOLICITA CALIBRE 22G X 1 PULGADAS). ",0.02 ,540000,97200,58400,"695,600","13,912.00",,
2-09-0087-00,"AGUJA HIPODêRMICA    (SE SOLICITA CALIBRE 22G X 1 1/2 PULGADAS, 38MM DE LONGITUD)",0.03 ,4909100,107100,2539800,"7,556,000","188,900.00",,
2-09-0088-00,"AGUJA HIPODêRMICA, (SE SOLICITA CALIBRE 23G X 1 PULGADAS 25MM DE LONGITUD)",0.01 ,0,0,0,0,0.00,,
2-09-0089-00,"AGUJA HIPODêRMICA,   SE SOLICITA CALIBRE 24G X 1 PULGADAS 25MM DE LONGITUD",0.01 ,265700,104100,162700,"532,500","6,603.00",,
2-09-0090-00,"AGUJA HIPODêRMICA DESECHABLE (Se solicita calibre 25G de 1"" de longitud) ",0.02 ,602600,73400,238100,"914,100","18,282.00",,
2-09-0090-02,"AGUJA HIPODêRMICA    (SE SOLICITA CALIBRE 25G X 1 1/2 PULGADAS, 38MM DE LONGITUD)",0.02 ,3434500,80800,1225700,"4,741,000","94,820.00",,
2-09-0093-01,"PAPEL SATINADO PARA CAMILLA Y MESA DE EXAMEN. (TAMA•O: DE entre 17"" y  18"" de ancho X 225 y 300 pie de largo)",3.42 ,0,0,0,0,0.00,,
2-09-0112-22,BANDEJA PARA CATETERIZACION VENOSA CENTRAL TRIPLE LUMEN.  SE SOLICITA CATETER DE POLIURETANO,60.50 ,0,0,0,0,0.00,,
2-09-0112-26,BANDEJA PARA CATETERIZACION VENOSO CENTRAL TRIPLE LUMEN CON 2 ANTIBIOTICOS (MINOCICLINA Y RIFAMPICINA).                                                                      (SE SOLICITA CATETER DE POLIURETANO ADULTO),262.50 ,0,0,0,0,0.00,,
2-09-0133-00,RECIPIENTE DESECHABLE PARA SISTEMA DE DRENAJE TORµCICO DIGITAL (Se solicita de 800cc de capacidad),22.72 ,3894,6,1322,"5,222","118,658.25",,
2-09-0134-00,TUBO PARA SISTEMA DE DRENAJE TORµCICO DIGITAL CONEXI‡N DOBLE (Se solicita longitud de 1.5 mts). DEBE SER COMPATIBLE CON EL EQUIPO EXISTENTE EN LA INSTITUCI‡N.,23.61 ,0,0,0,0,0.00,,
2-09-0168-01,ESPONJA HEMOSTATICA DE GELATINA ABSORBIBLE.   SE SOLICITA TAMA•O 7x5x1CM ( 70MMX50MMX10MM ),3.09 ,0,0,0,0,0.00,,
2-09-0174-02,JALEA LUBRICANTE ESTêRIL  (SE SOLICITA TUBO DE 113 GM),3.15 ,32760,0,0,"32,760","103,194.00",,
2-09-0184-01,TRAJE DE PROTECCION PERSONAL (TIPO OVEROL) TAMA•O L,10.76 ,772635,0,225545,"998,180","10,740,416.80",,
2-09-0185-01,TRAJE DE PROTECCION PERSONAL (TIPO OVEROL)TAMA•O XL,10.76 ,868395,650,254610,"1,123,655","12,090,527.80",,
2-09-0188-00,"APLICADOR DE GRAPAS AUTOMµTICO PARA LAPAROSCOPIA (Se solicita con grapa de 10mm, 20 grapas, mediano / grande)",70.00 ,2228,162,1038,"3,428","239,960.00",,
2-09-0188-01,"APLICADOR DE GRAPAS AUTOMµTICO PARA LAPAROSCOPIA  (SE SOLICITA TAMA•O DE 5MM, 20 GRAPAS, MEDIANO / GRANDE)",137.50 ,0,0,0,0,0.00,,
2-09-0190-06,"VENDA DE GASA PRESATURADAS DE CLORURO DE SODIO AL 20%   (TAMA•O 6"" (15 CM ) X 6 3/4"" (17 CM ).",5.12 ,0,0,0,0,0.00,,
2-09-0192-00,"APLICADOR DE MADERA CON ALGOD‡N, ESTêRIL  (SE SOLICITA DE 6"")",0.03 ,100,11100,112600,"123,800","3,714.00",,
2-09-0195-01,AP‡SITO HIDROCOLOIDE (FINO O EXTRA DELGADO)          (SE SOLICITA CUADRADO 15CM X 15CM).,2.71 ,0,0,0,0,0.00,,
2-09-0195-02,"AP‡SITO HIDROCOLOIDE (Est†ndar, Regular o Extra Absorbente)                (SE SOICITA CUADRADO/IMPERMEABLE 20CM X 20CM).",4.20 ,3975,2735,4225,"10,935","45,918.25",,
2-09-0195-03,AP‡SITO HIDROCOLOIDE (FINO O EXTRA DELGADO)             (SE SOLICITA CUADRADO 10CM X 10CM),1.65 ,20580,2310,6820,"29,710","49,021.50",,
2-09-0195-04,"AP‡SITO HIDROCOLOIDE (Est†ndar, Regular o Extra Absorbente).  SE SOLICITA,  CUADRADO 15CM X 15CM",3.80 ,6150,690,2260,"9,100","34,580.00",,
2-09-0195-07,APOSITO TRANSPARENTE ESTERIL. SE SOLICITA  CON VENTANA DE 8-10CM X 10-12.5CM,0.19 ,0,0,0,0,0.00,,
2-09-0195-08,APOSITO TRANSPARENTE ESTERIL. SE SOLICITA CON VENTANA TAMA•O DE 5-6CM X 7-8CM,0.09 ,34500,28100,43100,"105,700","9,491.86",,
2-09-0196-00,APOSITO OCULAR ADULTO ESTERIL,0.07 ,6450,19350,6450,"32,250","2,257.50",,
2-09-0199-00,INSTRUMENTO DE ENGRAPADO PARA CIERRE DE PIEL DESECHABLE ,7.22 ,0,0,0,0,0.00,,
2-09-0199-02,"INSTRUMENTAL DE ENGRAPADO TORACO ABDOMINAL Y REGARGA, DESECHABLE (Se solicita carga de 60mm, 3.5mm de altura de grapa abierta y 1.5mm de altura de grapa cerrada. Y por cada dos (2) instrumentos con carga, debe entregar una recarga adicional) ",124.14 ,0,12,366,378,"46,924.92",,
2-09-0199-03,"INSTRUMENTO DE ENGRAPADO TORACO ABDOMINAL Y RECARGA DESECHABLE (Se solicita carga de 30mm, 3.5mm de altura de grapa abierta y 1.5mm de altura de grapa cerrada. Por cada dos (2) instrumentos con carga, debe entregar una recarga adicional) ",123.70 ,0,0,0,0,0.00,,
2-09-0199-04,"INSTRUMENTO DE ENGRAPADO Y CORTE LINEAL PARA CIRUGIA ABIERTA, DESECHABLE. SE SOLICITA CARGA DE 60MM DE LARGO, ALTURA DE GRAPA ABIERTA 3.8MM Y ALTURA DE GRAPA CERRADA DE 1.5MM POR CADA INSTRUMENTO CON CARGA DEBE ENTREGAR (3) RECARGAS ADICIONALES.",120.54 ,9480,0,3160,"12,640","1,523,625.60",,
2-09-0199-05,"INSTRUMENTAL DE ENGRAPADO TORACO ABDOMINAL Y RECARGA DESECHABLE (Se solicita instrumento recto, carga de longitud  de 90mm, altura de grapa abierta 3.5mm y altura de grapa cerrada 1.5mm. Por cada dos (2) instrumentos con carga, debe entregar una carga adicional) ",187.85 ,14,42,14,70,"13,149.50",,
2-09-0199-06,"INSTRUMENTO DE ENGRAPADO MECANICO CIRCULAR,DESECHABLE.   SE SOLICITA INSTRUMENTO CURVO CON GRAPA DE 29MM CON GRAPAS DE ALTURA MINIMA DE 4.8 MM ABIERTA O INDICADOR DE ESCALA DE COMPRENSION DE 2 MM CERRADA",400.00 ,600,38,314,952,"380,800.00",,
2-09-0199-07,"ENGRAPADORA  CIRCULAR CORTANTE CON YUNQUE ARTICULABLE PARA ANASTOMOSIS DIGESTIVA (Se solicita de 31mm, con grapas de altura m°nima de 4.8mm abierta)",425.45 ,0,0,0,0,0.00,,
2-09-0199-10,"INSTRUMENTO DE ENGRAPADO MECµNICO PARA FIJAR  MALLAS EN  HERNIAS, DESECHABLE, CON 10 GRAPAS O MAS, DE TITANIUM  DE 4.8mm (Por cada instrumento con su carga, debe entregar una carga adicional) ",123.86 ,0,0,0,0,0.00,,
2-09-0200-00,"INSTRUMENTO DE ENGRAPADO Y CORTE LINEAL RECTA ENDOSCOPICA CON O SIN
REGARGA,DESECHABLE     (SE SOLICITA Est†ndar: v†stago de 16cm o longitud total de 34cm, LONGITUD DE 60MM DE LARGO, ALTURA DE GRAPA ABIERTA 3.5 Y CERRADA 1.5MM)                                                                                                                                                                                                                                                                                                                                                                                         Instrumento de engrapado de corte lineal de 12mm de di†metro.
",200.00 ,195,0,125,320,"64,000.00",,
2-09-0200-02,"INSTRUMENTO DE ENGRAPADO Y CORTE LINEAL RECTA ENDOSCOPICA CON O SIN REGARGA,DESECHABLE (SE SOLICITA Est†ndar: v†stago de 16cm o longitud total de 34cm, LONGITUD DE 60MM DE LARGO, ALTURA DE GRAPA ABIERTA 2.5 Y CERRADA 1.0MM)                                                                                                                                                                                                                                                                                                                                                                                        ",235.06 ,0,0,0,0,0.00,,
2-09-0206-00,"INSTRUMENTO PARA LIGAR VASOS, DE TITANIUM, DESECHABLE (Se solicita tama§o chico)",57.65 ,54,0,18,72,"4,150.44",,
2-09-0207-00,"ENGRAPADORA CURVA CORTANTE PARA TEJIDO GRUESO (CIRUGIA COLON RECTAL). Instrumento de engrapado quir£rgico curvo cortante , que permita un mejor acceso y visualizacion en la pelvis baja, dos dobles linea de grapas  y corte entre la segunda y tercera linea de grapas para cirug°a colon rectal.","1,220.18 ",0,0,40,40,"48,807.20",,
2-09-0209-02,RECARGA DE CLIP DE POL÷MERO NO ABSORBIBLE.  (SE SOLICITA DE 7MM X 16MM. LA EMPRESA ENTREGARµ A LA UNIDAD LA PINZA PARA APLICAR EL MISMO),99.39 ,0,0,0,0,0.00,,
2-09-0212-04,"BANDEJA PRE OPERATORIA PARA LAVADO DE PIEL. SE SOLICITA CON TENAZA Y DOS APLICADORES DE 3 PULGADAS CON PUNTA DE ALGOD‡N
",4.39 ,0,0,0,0,0.00,,
2-09-0212-05,"BANDEJA DE ANESTESIA RAQUIDEA DESEHABLE CON MEDICAMENTO SE SOLICITA (CON INTRODUCTOR, AGUJA PUNTA DE LAPIZ/SPROTE 25G LARGO 136MM CON AGUJA 22G x 1 1/2"", Epinefrina 1:1000, ampolla de 1ml y efedrina sulfato 50mg/ml, ampolla de 1ml, y CON BUPIVACAINA PESADA).",34.00 ,0,0,0,0,0.00,,
2-09-0215-04,"BOLSA MIXTA TERMOSELLABLE PARA ESTERILIZAR, 12"" X 16"" A 18""(304.8 mm  X  406.4 mm a 457.2 mm)",0.10 ,501800,36300,144800,"682,900","68,290.00",,
2-09-0215-06,"BOLSA MIXTA TERMOSELLABLE PARA ESTERILIZACION 18""  X  24"" (450  X  600MM)",0.25 ,20800,600,42200,"63,600","15,900.00",,
2-09-0215-07,"ROLLO SIN FUELLE TERMOSELLABLE PARA ESTERILIZACI‡N, DE 3"" DE ANCHO X 660 PIES (7.5CM ‡ 75MM X 200 Mts)",12.30 ,0,0,5,5,61.50,,
2-09-0215-08,"ROLLO SIN FUELLE TERMOSELLABLE PARA ESTERILIZACION 4"" DE ANCHO x 660' (10cm ‡ 100mm x 200mts)",14.54 ,2700,0,930,"3,630","52,762.05",,
2-09-0215-10,"BOLSA MIXTA TERMOSELLABLE PARA ESTERILIZAR, 3""  X  10"" a  10  1/2"" (75  X  255 a 265MM)",0.03 ,159000,15000,113000,"287,000","8,610.00",,
2-09-0215-15,"BOLSA MIXTA TERMOSELLABLE PARA ESTERILIZAR 5 1/4"" A 5 1/2ÔÔ X 10 1/2"" A 11ÔÔ (130MM A 140MM X 260MM A 280MM) ",0.05 ,101000,0,31000,"132,000","6,600.00",,
2-09-0215-16,"BOLSA MIXTA TERMOSELLABLE PARA ESTERILIZAR, 8""  X  12""  (200  X  300MM)",0.07 ,52400,0,64400,"116,800","8,176.00",,
2-09-0216-00,"BOLSA HIDROSOLUBLE SE SOLICITA TAMA•O 28"" X 39""",0.78 ,0,0,0,0,0.00,,
2-09-0217-01,"BOLSA DE 1 PIEZA PARA COLOSTOMIA / ILEOSTOMIA RECORTABLE, ABIERTA, PARA ADULTO .  (SE SOLICITA CON FILTRO DE CARBON INCORPORADO Y DIAMETRO DE 10mm o 12mm hasta 55mm)",2.63 ,727560,7140,244440,"979,140","2,575,138.20",,
2-09-0217-02,"BOLSA DE 1 PIEZA PARA COLOSTOMIA / ILEOSTOMIA RECORTABLE, ABIERTA, PARA ADULTO . (SE SOLICITA CON FILTRO DE CARBON INCORPORADO Y DIAMETRO DE 10mm o 12mm hasta 70mm)",3.03 ,549720,2400,184140,"736,260","2,230,867.80",,
2-09-0218-07,"BOLSA DE 1 PIEZA PARA COLOSTOMIA / ILEOSTOMIA PEDIATRICA, ABIERTA (RECORTABLE).  (SE SOLICITA DE 10MM A  35MM)",3.71 ,750,2250,750,"3,750","13,912.50",,
2-09-0219-08,SISTEMA DE DOS PIEZAS PARA UROSTOMﬁA DE ADULTO CON DI∑METRO EXTERNO DE 50MM. OPACA (POR CADA DOS BOLSAS SE DEBERA ENTREGAR UN ARO),6.63 ,16200,0,5700,"21,900","145,197.00",,
2-09-0221-00,"BOLSA COLECTORA DE ORINA PARA ADULTO.
",1.40 ,2555,9555,2555,"14,665","20,531.00",,
2-09-0223-00,BOLSA COLECTORA DE ORINA DE 30 A 35 ONZA DE CAPACIDAD     (900CC A 1050CC) DE PIERNA . ,0.55 ,114758,152,32886,"147,796","81,287.80",,
2-09-0223-05,BOLSA BIODEGRADABLE COLECTORA DE VOMITO.,1.50 ,13248,0,0,"13,248","19,872.00",,
2-09-0248-00,CUBIERTA DE ZAPATO (Se solicita sin cinta),0.06 ,0,0,0,0,0.00,,
2-09-0259-01,BRAZALETE DE IDENTIFICACI‡N PEDIATRICA. SE SOLICITA: 8 PULGADAS DE LONGITUD,0.04 ,1260400,12600,427200,"1,700,200","62,057.30",,
2-09-0260-03,BRAZALETE DE IDENTIFICACI‡N PARA ADULTOS.                (SE SOLICITA: 12 PULGADAS DE LONGITUD),0.04 ,4372320,0,1429540,"5,801,860","214,668.82",,
2-09-0266-00,"CALCETA TUBULAR. SE SOLICITA TAMA•O :  3 "" X 25 YARDAS DE ALGODON",8.33 ,6,118,26,150,"1,249.50",,
2-09-0266-01,"MEDIA ANTIDESLIZANTE. SE SOLICITA MEDIANA (LONGITUD: 35cms, ANCHO 8.5cm)",0.98 ,49000,660,30520,"80,180","78,255.68",,
2-09-0266-02,"MEDIA ANTIDESLIZANTE (SE SOLICITA GRANDE Longitud: 40cms, ancho 9cm).",0.99 ,469241,60,176867,"646,168","642,290.99",,
2-09-0267-00,"CALCETA TUBULAR. SE SOLICITA TAMA•O: 4 "" X 25 YARDAS.  DE ALGODON",25.00 ,154,32,218,404,"10,100.00",,
2-09-0272-00,"CANULA INTRAVENOSA SIN JERINGUILLA SE SOLICITA DE 18G  X  1  1/4""  A  1  1/2"" DE  POLIURETANO
",0.18 ,0,0,15000,"15,000","2,625.00",,
2-09-0274-01,"CANULA INTRAVENOSA SIN JERINGUILLA SE SOLICITA DE POLIURETANO  CALIBRE # 22 G X  DE 1"" A  1  1/4"" .
",0.27 ,0,0,1400,"1,400",378.00,,
2-09-0274-02,"CµNULA INTRAVENOSA SIN JERINGUILLA  (SE SOLICITA DE POLIURETANO, CALIBRE # 24)",0.18 ,0,0,0,0,0.00,,
2-09-0276-18,"CATETER DE HISTEROSONOGRAFIA, 5Fr O 7FR. SE SOLICITA TAMA•O  5FR Y BALON DE 3CC",18.12 ,695,105,255,"1,055","19,116.60",,
2-09-0286-00,"SONDA FOLEY DE LATEX RECUBIERTA CON SILICON, 2 VIAS CON BALON DE 3CC/ML   SE SOLICITA CALIBRE 10FR",0.64 ,30,120,200,350,224.00,,
2-09-0287-00,"SONDA FOLEY DE LATEX RECUBIERTA CON SILICON , 2 V÷AS CON BAL‡N DE 5 CC/ML. SE  SOLICITA  CALIBRE 12FR",0.53 ,0,0,0,0,0.00,,
2-09-0287-01,"SONDA FOLEY DE LATEX RECUBIERTA CON SILICON , 2 V÷AS CON BAL‡N DE 5 CC/ML.   SE SOLICITA  CALIBRE 18FR",0.51 ,0,0,0,0,0.00,,
2-09-0287-02,"SONDA FOLEY DE LATEX RECUBIERTA CON SILICON , 2 V÷AS CON BAL‡N DE 5 CC/ML.  (SE SOLICITA CALIBRE 20FR)",0.49 ,3030,1150,3030,"7,210","3,532.90",,
2-09-0287-03,"SONDA FOLEY DE LATEX RECUBIERTA CON SILICON , 2 V÷AS CON BAL‡N DE 5 CC/ML.     SE SOLICITA CALIBRE  22FR ",0.49 ,30,90,40,160,78.40,,
2-09-0288-00,"SONDA FOLEY DE LATEX RECUBIERTA CON SILICON , 2 V÷AS CON BAL‡N DE 5 CC/ML.     SE SOLICITA CALIBRE 14FR",0.44 ,0,0,0,0,0.00,,
2-09-0288-01,"SONDA FOLEY DE LATEX RECUBIERTA CON SILICON , 2 V÷AS CON BAL‡N DE 5 CC/ML.  SE  SOLICITA  CALIBRE 16FR",0.56 ,0,0,0,0,0.00,,
2-09-0298-10,"SONDA FOLEY DE LATEX RECUBIERTA CON SILIC„N, 3 VﬁAS CON BAL„N DE 30 CC.  SE SOLICITA CALIBRE 24FR",0.89 ,0,40,310,350,311.50,,
2-09-0299-12,"TROCAR PARA CIRUGIA LAPAROSCOPICA DE 2MM A 15MM DE DIAMETRO, PUNTA CORTANTE DESECHABLESE.  (SE  SOLICITA TROCAR COMPLETO DE 5MM DE DIAMETRO Y DOS CAMISAS ADICIONALES)",37.50 ,360,0,0,360,"13,500.00",,
2-09-0299-14,"TROCAR PARA CIRUGIA LAPAROSCOPICA, DE 2 A 15 MM DE DIAMETRO, PUNTA CORTANTE, DESECHABLE.,                                                                                                          (SE SOLICITA TROCAR COMPLETO DE 12MM DE DIAMETRO Y DOS CAMISAS ADICIONALES) ",30.17 ,0,0,0,0,0.00,,
2-09-0300-01,JUEGO PARA ACCESO VENOSO PERIFêRICO (CANALIZACI‡N),0.79 ,103486,53458,53286,"210,230","166,081.70",,
2-09-0307-02,CERA DE HUESO. SE SOLICITA EN BAST‡N,2.49 ,0,0,0,0,0.00,,
2-09-0310-00,"CINTA INDICADORA PARA ESTERILIZACION A VAPOR.  SE SOLICITA TAMA•O  DE  1/2"" X 60 O MAS YARDAS.",5.28 ,1427,380,218,"2,025","10,689.47",,
2-09-0310-01,"CINTA INDICADORA PARA ESTERILIZACION A VAPOR. SE SOLICITATAMA•O 3/4"" X 60 ‡ MAS YARDAS.",4.63 ,4344,453,5321,"10,118","46,795.75",,
2-09-0310-02,"CINTA INDICADORA PARA ESTERILIZACION A VAPOR                SE SOLICITA TAMA•O  1"" X 60 O MAS YARDAS.",2.80 ,0,0,0,0,0.00,,
2-09-0311-00,COBERTOR PARA SILLETA (PALETA),0.40 ,28550,0,9550,"38,100","15,240.00",,
2-09-0322-01,PROTECTOR PLµSTICO PARA EL OJO,8.68 ,264,1560,3336,"5,160","44,763.00",,
2-09-0323-01,"LAPIZ DE CAUTERIO, DESECHABLE CON CONTROL MANUAL DUAL.",4.36 ,0,0,0,0,0.00,,
2-09-0326-01,GEL PARA ELECTRODOS. SE SOLICITA TUBO DE 140 GRAMOS,76.90 ,4680,0,0,"4,680","359,892.00",,
2-09-0327-00,"PROTECTOR DE COLCH‡N, DESECHABLE, ABSORBENTE, DE ALGODON O DE POLIETILENO POR UN LADO, (SE SOLICITA TAMA•O 58.4 cm x 91.4 cm  (23""x36"")  ALGOD‡N.",2.88 ,0,0,0,0,0.00,,
2-09-0331-01,VENDA AUTOADHERIBLE DE PLASTICO RECTANGULAR O LARGAS.        (CURITAS RECTANGULAR),0.01 ,1332600,119100,490200,"1,941,900","18,409.21",,
2-09-0332-00,VENDA ADHESIVA DE PLµSTICO REDONDA,0.01 ,459900,362300,282200,"1,104,400","9,387.40",,
2-09-0332-01,GRAPA PARA LIGAR CORDON UMBILICAL,0.35 ,2372,600,1674,"4,646","1,626.10",,
2-09-0333-06,"BATA DESECHABLE, PARA USO GENERAL NO ESTERIL .AAMI     NIVEL 3.  SE SOLICITA TAMA•O MEDIANO",1.12 ,0,0,0,0,0.00,,
2-09-0333-11,BATA QUIRURGICA ESTERIL .AAMI NIVEL 3. SE SOLICITA TAMA•O MEDIANO,1.12 ,0,0,0,0,0.00,,
2-09-0333-12,BATA QUIRURGICA ESTERIL .AAMI NIVEL 3. SE SOLICITA TAMA•O GRANDE,22.84 ,0,0,0,0,0.00,,
2-09-0333-14,BATA QUIRURGICA ESTERIL .AAMI NIVEL 4. SE SOLICITA TAMA•O MEDIANO,1.80 ,0,0,0,0,0.00,,
2-09-0333-15,BATA QUIRURGICA ESTERIL .AAMI NIVEL 4.    (SE SOLICITA TAMA•O GRANDE).,2.28 ,0,0,0,0,0.00,,
2-09-0333-16,BATA QUIRURGICA ESTERIL .AAMI NIVEL 4.  SE SOLICITA TAMA•O EXTRA GRANDE,1.67 ,28250,14500,6650,"49,400","82,498.00",,
2-09-0334-00,"DEPRESOR DE LENGUA, ESTêRIL  ",0.05 ,0,0,0,0,0.00,,
2-09-0336-00,DISECTOR CURVO    (MARYLAND)      PARA CIRUGIA LAPAROSC‡PICA.,59.33 ,4290,24,132,"4,446","263,781.18",,
2-09-0342-01,"CONECTOR LIBRE DE AGUJA (ESPIGA UNIVERSAL) PARA SOLUCIONES PARENTERALES, UNIDIRECCIONAL O BIDIRECCIONAL.                                                                                     SE SOLICITA: CON VµLVULA ANTIRREFLUJO UNIDIRECCIONAL",2.21 ,41750,2950,14800,"59,500","131,495.00",,
2-09-0345-10,ELECTRODO DE MICROPORE PARA MONITOREO DE ADULTO                                                                                                    ,0.14 ,18000,0,0,"18,000","2,520.00",,
2-09-0345-12,ELECTRODO PARA  EKG MODELO PESTA•A. SE SOLICITA: TAMA•O NI•O (PEDIATRICO),0.10 ,0,0,0,0,0.00,,
2-09-0347-00,"APOSITO ABDOMINAL 8"" X 10"" y 10"" x 12"" DE LONGITUD.  SE SOLICITA TAMA•O: 8"" X 10"" DE LONGITUD. ",0.48 ,26991,0,4821,"31,812","15,269.76",,
2-09-0349-01,"ESPONJA DESECHABLE CON JABON NEUTRO. SE SOLICITA: TAMA•O 20CM X 10CM X 1.0CM    
",0.40 ,0,0,0,0,0.00,,
2-09-0350-01,"TOALLA SANITARIA MATERNAL; TOALLA SANITARIA TIPO PERINEAL,     (SE SOLICITA EXTRA GRANDE DE 11 A 12 PULGADAS. NO ESTERIL)",0.11 ,0,0,0,0,0.00,,
2-09-0352-01,"CINTA ADHESIVA DE TELA DE ALGODON (ESPARADRAPO).  SE SOLICITA TAMA•O DE 2"" X 10 Yds",2.89 ,6156,492,2792,"9,440","27,272.16",,
2-09-0352-02,"CINTA ADHESIVA DE TELA DE ALGODON (ESPARADRAPO)  (SE SOLICITA TAMA•O DE 3"" X 10 Yds).",6.77 ,0,0,0,0,0.00,,
2-09-0352-03,"CINTA  ADHESIVA DE PLASTICO TRANSPARENTE. SE SOLICITA DE 1"" X 10 YARDAS                                                                                                                                                                                                                                 CINTA ADHESIVA DE PLASTICO TRANSPARENTE, HIPOALERGENICO, RESISTENTE A LA HUMEDAD (IMPERMEABLE),
TAMA•O DE 1/2ÔÔ A 3ÔÔPOR 10 YARDA O MAS DE LONGITUD.
LA INSTITUCION SOLICITARA EL TAMA•O QUE REQUIERA.",0.63 ,0,0,0,0,0.00,,
2-09-0353-00,CINTA ADHESIVA DE TELA DE ALGODON (ESPARADRAPO) DE CORTE SURTIDO,16.38 ,0,0,0,0,0.00,,
2-09-0354-00,"CINTA ADHESIVA DE PAPEL MICROPOROSO. (SE SOLICITA DE 2"" DE ANCHO X 10 YARDAS DE LONGITUD).                                                                                                                                                                                                                                  
",1.00 ,0,0,0,0,0.00,,
2-09-0354-01,"CINTA ADHESIVA DE PAPEL MICROPOROSO. (SE SOLICITA DE 3"" X 10 Yads)                                                                                                                                                                                                                                                                      ",0.81 ,39718,48,13470,"53,236","43,121.16",,
2-09-0363-01,"CONECTOR O EQUIPO PARA INFUSI‡N DE SOLUCI‡N PARENTERAL, CON DOS FILTRO .",0.17 ,580146,9800,154673,"744,619","126,585.23",,
2-09-0365-01,"GASA SIMPLE  TAMA•O 3"" X 3"",12 DOBLECES NO ESTERIL.",0.06 ,0,0,0,0,0.00,,
2-09-0365-03,"GASA SIMPLE 4"" X 4"" CON 16 DOBLECES, NO ESTERIL.",0.05 ,0,0,0,0,0.00,,
2-09-0365-05,"GASA SIMPLE 8"" X 4"" CON 12 DOBLECES, NO ESTêRIL.   ",0.07 ,309000,258000,1095000,"1,662,000","116,340.00",,
2-09-0378-00,"GUANTES DE EXPLORACI‡N DE LµTEX, NO ESTêRIL (SE SOLICITA TAMA•O CHICO).",0.04 ,0,0,0,0,0.00,,
2-09-0378-01,"GUANTES DE EXPLORACI‡N DE LµTEX, NO ESTêRIL (SE SOLICITA TAMA•O MEDIANO). ",0.09 ,0,0,0,0,0.00,,
2-09-0378-02,"GUANTES DE EXPLORACI‡N DE LµTEX, NO ESTêRIL (Se solicita tama§o grande) ",0.02 ,340000,0,0,"340,000","8,126.00",,
2-09-0379-00,"GUANTE QUIRURGICO DE LATEX ESTERIL.  SE SOLICITA TAMA•O 6  1/2""  ",0.16 ,317200,0,0,"317,200","51,703.60",,
2-09-0379-01,"GUANTES QUIRURGICO DE LATEX ESTERI (SE SOLICITA TAMA•O 7 "").",0.27 ,0,0,0,0,0.00,,
2-09-0379-02,"GUANTES QUIRURGICO DE LATEX ESTERIL   (SE SOLICITA TAMA•O 7 1/2"")",0.23 ,0,0,0,0,0.00,,
2-09-0379-03,"GUANTES QUIRURGICO DE LATEX ESTERIL  (SE SOLICITA TAMA•O 8"").",0.18 ,35300,156500,267800,"459,600","81,808.80",,
2-09-0381-00,"ALGODON COMPRIMIDO 100% (SE SOLICITA  3"" x 4 YARDAS)
",0.73 ,0,0,0,0,0.00,,
2-09-0381-01,"VENDAJE DE 100% DE ALGOD‡N COMPRIMIDO, NO ESTêRIL (Se solicita tama§o 4""x 4 yardas) ",0.57 ,732,2376,6456,"9,564","5,451.48",,
2-09-0381-02,"ALGODON COMPRIMIDO 100% - 6"" x 4 YARDAS  (SE SOLICITA TAMA•O 6 x 4"")",0.49 ,63000,0,0,"63,000","30,870.00",,
2-09-0382-00,"HOJA, BISTUR÷, ACERO INOXIDABLE Nß10",0.29 ,0,0,0,0,0.00,,
2-09-0382-01,HOJA DE BISTUR÷  DE ACERO INOXIDABLE (SE SOLICITA TAMA•O N¯ 11),0.16 ,12400,700,4400,"17,500","2,800.00",,
2-09-0382-03,HOJA DE BISTUR÷  DE ACERO INOXIDABLE (SE SOLICITA TAMA•O N¯ 15),0.17 ,12900,3200,0,"16,100","2,737.00",,
2-09-0382-04,HOJA DE BISTUR÷  DE ACERO INOXIDABLE (SE SOLICITA TANA•O N¯ 23) ,1.08 ,213600,2100,78600,"294,300","316,372.50",,
2-09-0382-06,CUCHILLETE ESPATULADO ESTILO CRESCENT ,15.00 ,90,30,120,240,"3,600.00",,
2-09-0382-07,CUCHILLA PARA FACOEMULSIFICACI‡N (Se solicita de 2.65mm),15.23 ,0,0,0,0,0.00,,
2-09-0382-08,CUCHILLA PARA FACOEMULSIFICACI‡N.  (SE SOLICITA TAMA•O  3.2MM),10.50 ,0,0,0,0,0.00,,
2-09-0395-00,JERINGUILLA 2 ONZ. ( 60ML),0.80 ,16320,0,0,"16,320","13,056.00",,
2-09-0398-00,"JERINGUILLA DE 2-3 ML CON AGUJA DE 21 G X 1´ O 23 G X 1"". SE SOLICITA AGUJA DE 21 G X 1´.",0.10 ,0,0,0,0,0.00,,
2-09-0399-00,"JERINGUILLA DE 5 -6 ML,     (SE SOLICITA CON AGUJA 21 G X 1´ PULGADAS)",0.04 ,0,0,0,0,0.00,,
2-09-0401-00,AGUJA METALICA CON PISTOLA AUTOMATICA PARA TOMA DE BIOPSIA.  (SE SOLICITA EL TAMA•O 18G  X 10 A 25CM.),31.90 ,0,0,0,0,0.00,,
2-09-0402-00,"JERINGUILLA DE 10 -12 ML, CON AGUJA DE 21 G X 1´ PULGADAS.",0.03 ,0,0,0,0,0.00,,
2-09-0405-00,"CANULA PARA IRRIGACION, CAUTERIO Y SUCCION ENDOSCOPICA DE GANCHO DE 5MM.",100.00 ,0,0,0,0,0.00,,
2-09-0406-00,SISTEMA CERRADO PARA DRENAJE DE FLUIDOS CONTINUOS REDONDO.  SE SOLICITA DE 10mm CON RESERVORIO DE 100CC,16.81 ,0,0,0,0,0.00,,
2-09-0406-01,SISTEMA CERRADO PARA DRENAJE DE FLUIDOS CONTINUOS REDONDO. SE SOLICITA DE 7mm CON RESERVORIO DE 100C1C,17.17 ,0,0,0,0,0.00,,
2-09-0409-00,"JERINGUILLA 20-25 ML,       (SE SOLICITA PUNTA DE ROSCA SIN AGUJA)",0.04 ,787600,178000,377800,"1,343,400","59,485.75",,
2-09-0412-00,"JERINGUILLA 50-60ML. SE SOLICITA  50ml, PUNTA ROSCA S/AGUJA",0.21 ,611200,20250,224700,"856,150","175,510.75",,
2-09-0419-00,"JERINGUILLA DE TUBERCULINA CON AGUJA 25 G X 5/8"".",3.45 ,0,0,0,0,0.00,,
2-09-0419-01,"JERINGUILLA DE TUBERCULINA     (SE SOLICITA CON AGUJA 26 G X 3/8"")",0.03 ,8662700,20000,2905100,"11,587,800","355,745.46",,
2-09-0428-05,ROPA DESECHABLE PARA CIRUGIA ARTROSCOPICA,30.68 ,0,0,0,0,0.00,,
2-09-0431-01,"MASCARA DE TIENDA PARA OXIGENO DE ADULTO CON TUBO CORRUGADO  (MµSCARA DE TIENDA, PARA ADULTO, DESECHABLE, DE VINIL TRANSPARENTE, MUY SUAVE, MOLDEADO PARA LA BARBILLA, TUBO CORRUGADO DE 6PIES ( 72 PULGADAS ), BANDA DE ELµSTICO PARA LA CABEZA.)",2.00 ,0,0,0,0,0.00,,
2-09-0432-00,"RESPIRADORES CONTRA PARTICULAS DE ALTA FILTRACION N95 CON O SIN VALVULA DE EXALACION.        (SE SOLICITA TAMA•O GRANDE , SIN VALVULA DE EXALACION).",0.92 ,0,0,0,0,0.00,,
2-09-0441-00,"LLAVE DE TRES VIAS CON DOS (2) CONECTORES,ESTêRIL.",0.38 ,69400,3000,30600,"103,000","38,625.00",,
2-09-0443-00,"MALLA PARA REFORZAR PLANOS ANATOMICOS  SE SOLICITA DE 7.5 CM X 12.5CM                                                                                                                                                                                                                                                                                                                                        Para reparaci¢n tisular convencional y laparosc¢pica.
Especificaciones: 
1. EstÇril.
2. Polipropileno monofilamentoso no absorbible.
3. Flexible.
4. Bordes lisos redondeados.
5. Autoexpandible.
6. Tama§os:
? 7.5cm a 30.4cm (3? a 12?) x 7.5cm a 35.5cm (3? a 14?).",48.00 ,240,0,180,420,"20,160.00",,
2-09-0444-00,MALLA PARA REFORZAR PLANOS ANATOMICOS. SE SOLICITA TAMA•O DE 15 CM X 15CM,39.50 ,0,0,0,0,0.00,,
2-09-0444-01,"MALLA PARA REFORZAR PLANOS ANATOMICOS, 3"" A 10"" (7.5 A 25.4CM.) X 5"" A 14"" ( 12.5CM  A 35CM),  (SOLICITAMOS  22.9CM X 35CM.)",131.50 ,0,0,0,0,0.00,,
2-09-0450-00,"MASCARILLA RECTANGULAR CON VISOR, SE SOLICITA CON VISOR PARA ADULTO",0.16 ,103000,6000,65500,"174,500","27,693.15",,
2-09-0451-00,MASCARILLA PARA OXIGENO DE MEDIA CONCENTRACION. SE SOLICITA TAMA•O ADULTO ALARGADA SIN RESVORIO                                                                                                                                                                                                                                    ,0.57 ,19200,14000,7950,"41,150","23,455.50",,
2-09-0452-00,"MASCARILLA RECTANGULAR DESECHABLE CUATRO TIRAS , CON O SIN VISOR. SE SOLICITA  SIN VISOR TAMA•O ADULTO",0.09 ,0,0,0,0,0.00,,
2-09-0453-01,"CONECTOR PARA ADMINISTRACION DE SOLUCION INTRAVENOSA CON BURETA (MICROGOTERO) (SE SOLICITA SITIO DE INYECCION CON MENBRANA  Y SITIO EN""Y""  LIBRE DE AGUJA) (SOLICITAMOS LIBRE DE AGUJA.)
",1.06 ,0,0,60,60,63.60,,
2-09-0453-04,MICRONEBULIZADOR CON MASCARA. SE SOLICITA TAMA•O PEDIµTRICO,0.40 ,0,0,0,0,0.00,,
2-09-0453-06,MICRONEBULIZADOR CON MASCARA. SE SOLICITA TAMA•O ADULTO,0.41 ,0,0,0,0,0.00,,
2-09-0455-02,ALGOD‡N EN MOTAS (Se solicita mota de 0.7gr) ,0.01 ,0,14000,701000,"715,000","3,575.00",,
2-09-0461-11,"PA•AL DESECHABLE PARA RECIEN NACIDO HASTA 5 LIBRAS (2.27Kg)                                                                                                                                                                                                                                                         
",0.22 ,0,0,0,0,0.00,,
2-09-0461-12,"PA•AL DESECHABLE PARA ADULTO. SE SOLICITA TAMA•O DE CINTURA 45"" A  58"" ( 114.3 CM A 147.32 CM)DE TELA NO TEJIDA)",0.41 ,573228,0,0,"573,228","232,157.34",,
2-09-0461-13,PA•AL DESECHABLE PARA NI•O. SE SOLICITA PESO DE 6 A 14 LBS,0.22 ,0,0,0,0,0.00,,
2-09-0461-14,PA•AL DESECHABLE PARA NI•O. SE SOLICITA PESO DE 12 A 24 LBS.                                                                                                                                                                                                                                                      ,0.31 ,0,0,0,0,0.00,,
2-09-0467-00,"PAPEL PARA ESTERILIZAR GRADO MêDICO. (MINIMO DE 60 GRAMOS POR METRO CUADRADO), SE SOLICITA DE 8"" X 8"" (20 CMS X 20 CMS).",0.03 ,0,0,0,0,0.00,,
2-09-0467-01,"PAPEL PARA ESTERILIZAR GRADO MêDICO (MINIMO DE 60 GRAMOS POR METRO CUADRADO) SE SOLICITA DE 12"" X  12"" (30 CMS X 30 CMS)",0.06 ,0,0,0,0,0.00,,
2-09-0467-04,"PAPEL PARA ESTERILIZAR GRADO MêDICO (MINIMO 60 GRAMOS POR METRO CUADRADO), SE SOLICITA DE 16"" X  16"" (40 CMS X 40 CMS)",0.04 ,0,0,0,0,0.00,,
2-09-0467-05,"PAPEL PARA ESTERILIZAR GRADO MêDICO (MINIMO 60 GRAMOS POR METRO CUADRADO),  SE SOLICITA 18"" X 18"" (46 CMS. X 46 CMS.)",0.08 ,0,0,0,0,0.00,,
2-09-0467-07,"PAPEL PARA ESTERILIZAR GRADO MêDICO (MINIMO DE 60 GRAMOS POR METRO CUADRADO), SE SOLICITA DE 24"" X 24"" 60 CMS. X 60 CMS.",0.11 ,51000,19000,65000,"135,000","14,175.00",,
2-09-0467-09,"PAPEL PARA ESTERILIZAR GRADO MêDICO (M÷NIMO 60 GRAMOS POR METRO CUADRADO),  SOLICITAMOS 30"" X 30"" (75 CMS. 75 CMS.",0.22 ,64500,19000,116000,"199,500","43,890.00",,
2-09-0475-00,"PINZA DE AGARRE LAPAROSCOPICA CON DIENTE, 5MM DESECHABLE",60.54 ,0,0,0,0,0.00,,
2-09-0475-01,"INSTRUMENTO PARA LIGAR VASOS DE TITANIUM, DESECHABLE  (SE SOLICITA TAMA•O GRANDE)",94.54 ,42,126,42,210,"19,853.40",,
2-09-0475-02,"INSTRUMENTO PARA LIGAR VASOS DE TITANIUM, DESECHABLE  (SE SOLICITA TAMA•O MEDIANO)",60.89 ,0,0,0,0,0.00,,
2-09-0476-00,PLACA PARA IMPRESI‡N PLANTAR,1.15 ,16395,325,9765,"26,485","30,457.75",,
2-09-0486-00,SISTEMA CERRADO PARA DRENAJE DE FLUIDOS CONTINUOS. SE SOLICITA DE 19FR. DE SILICONA RESERVORIO 400CC A 450CC,33.69 ,796,228,118,"1,142","38,473.98",,
2-09-0489-01, SISTEMA PARA ASPIRACION DE MUESTRA DE MUCOSIDADES (TRAMPA),1.65 ,0,200,600,800,"1,320.00",,
2-09-0495-00,JUEGO DE BOLSA DESECHABLE PARA CADµVER,6.93 ,20820,345,7605,"28,770","199,376.10",,
2-09-0496-00,CONECTOR LIBRE DE AGUJAS PARA ACCESOS VASCULARES VENOSOS,1.74 ,0,0,0,0,0.00,,
2-09-0497-00,SET DESECHABLE PARA REMOVER PUNTOS DE SUTURAS. SE SOLICITA PINZA DE METAL,1.77 ,0,800,900,"1,700","3,009.00",,
2-09-0497-04,"SISTEMA DE CATêTER URETERAL DOBLE J, PARA ADULTO. (SE SOLICITA DIAMETRO DE 6FR)",132.50 ,130,400,324,854,"113,155.00",,
2-09-0498-00,"BANDEJA PARA PREPARACI‡N Y RASURADO DE LA PIEL
DESECHABLE PARA LA PREPARACION Y RASURADO DE LA PIEL, COMPUESTO POR: 1- BANDEJA PL∑STICA CON COMPARTIMIENTOS. 2- UNA MAQUINA DE RASURAR CON SU HOJA. 3- GASA 4"" X 4"". 4- CON SOLUCION JABONOSA DE BETHADINE. 5- DOS (2) APLICADORES DE 3"" CON PUNTA DE ALGOD„N. 6- DOS (2)TOALLAS PARA LA LIMPIEZA.BANDEJA PARA PREPARACION Y RASURADO DE LA PIEL.",1.29 ,0,0,0,0,0.00,,
2-09-0498-02,RECIPIENTE PARA SUCCION  SE SOLICITA Con v†lvulas de cierre,2.74 ,1250,150,1250,"2,650","7,247.75",,
2-09-0498-03,"RECIPIENTE PARA SUCCION      SE SOLICITA Con v†lvulas de cierre -Capacidad De  2000 A 3000 cc DEBE ENTREGAR LOS EQUIPOS Y CONECTORES NECESARIOS PARA SU UTILIZACION, MINIMO 300 UNIDADES O SER COMPATIBLE CON EQUIPO EN LA INSTITUCION ADJUDICACION GLOBAL CON EL RENGLON 367",2.77 ,10550,200,4400,"15,150","41,965.50",,
2-09-0501-04,SISTEMA DE SUCCION E IRRIGACION LAPAROSCOPICA CON ESPATULA,54.97 ,6531,0,2187,"8,718","479,202.31",,
2-09-0510-00,SONDA LISA DE CAUCHO BLANDO ROJO PARA CATETERISMO URETRAL. SE SOLICITA TAMA•O 8 FR,0.40 ,0,0,0,0,0.00,,
2-09-0510-01,SONDA LISA DE CAUCHO BLANDO ROJO PARA CATETERISMO URETRAL. (SE SOLICITA TAMA•O 10 FR),0.40 ,0,0,0,0,0.00,,
2-09-0510-02,SONDA LISA DE CAUCHO BLANDO ROJO PARA CATETERISMO URETRAL. (SE SOLICITA TAMA•O 12 FR),0.44 ,0,0,0,0,0.00,,
2-09-0510-03,SONDA LISA DE CAUCHO BLANDO ROJO PARA CATETERISMO URETRAL. (SE SOLICITA TAMA•O 14 FR),0.39 ,0,0,0,0,0.00,,
2-09-0510-04,SONDA LISA DE CAUCHO BLANDO ROJO PARA CATETERISMO URETRAL. SE SOLICITA  TAMA•O 16FR,0.64 ,9760,70,1270,"11,100","7,048.50",,
2-09-0510-05,SONDA LISA DE CAUCHO BLANDO ROJO PARA CATETERISMO URETRAL. (SE SOLICITA TAMA•O 18 FR),0.42 ,0,0,0,0,0.00,,
2-09-0512-01,"CATETER DE SUCCION NASO-FARINGEA . SE SOLICITA, CALIBRE 8FR DE 35CM DE LONGITD, CON GRADUACION Y PRESENTACION LONGITUDINAL.
",0.99 ,2700,0,0,"2,700","2,673.00",,
2-09-0513-00,"CATETER DE SUCCION NASO-FARINGEA . SE SOLICITA, CALIBRE 10FR DE 45CM DE LONGITD, CON GRADUACION Y PRESENTACION LONGITUDINAL.

",0.72 ,2900,0,0,"2,900","2,073.50",,
2-09-0513-01,"CATETER DE SUCCION NASO-FARINGEA. (SE SOICITA, CALIIBRE 12FR DE 45CM DE LONGITD, CON GRADUACION Y PRESENTACION LONGITUDINAL.)",0.45 ,5700,2600,6000,"14,300","6,363.50",,
2-09-0513-02,"CATETER DE SUCCION NASO-FARINGEA . SE SOLICITA, CALIBRE 14FR DE 45CM DE LONGITUD, CON GRADUACION Y PRESENTACION LONGITUDINAL.

",0.59 ,0,0,0,0,0.00,,
2-09-0513-03,"CATETER DE SUCCION NASO-FARINGEA. (SE SOLICITA, CALIBRE 16FR DE 45CM DE LONGITD, CON GRADUACION Y PRESENTACION LONGITUDINAL.)",0.59 ,1195,1195,395,"2,785","1,643.15",,
2-09-0513-04,"CATETER DE SUCCION NASO-FARINGEA SE SOLICITA CALIBRE 18Fr,45cm DE LONGITUD CON GRADUACION Y PRESENTACION LONGITUDINAL
",0.74 ,23100,0,0,"23,100","17,094.00",,
2-09-0519-01,"MALLA HEMOSTATICA  (SE SOLICITA TIPO MALLA 2"" X 14"", 5CM X 35CM)                                                                                                                                                                                                                                                                                                                            ",22.25 ,0,0,0,0,0.00,,
2-09-0519-02,"MALLA HEMOSTATICA       SE SOLICITA  TIPO MALLA 4"" X 8"", 10CM X 20CM",31.94 ,84,264,132,480,"15,331.20",,
2-09-0519-03,MALLA HEMOSTATICA (SE SOLICITA TIPO TELA DE 7.5 CM X 10.2CM DE LARGO).,72.17 ,0,0,0,0,0.00,,
2-09-0519-06,MALLA QUIRURGICA TRIDIMENSIONAL PARA REFORZAR PLANOS ANATOMICOS  SE SOLICITA  4.5CM X 7.5CM                                                                                                                                                                                                                      ,194.12 ,0,0,0,0,0.00,,
2-09-0519-07,MALLA QUIRURGICA TRIDIMENSIONAL PARA REFORZAR PLANOS ANATOMICOS  (SE SOLICITA 4.5CMS X 10CM  (BASE DE 10CMS TAMA•O GRANDE)                                                                                                                                                                                                                      ,206.11 ,0,0,0,0,0.00,,
2-09-0520-01,MALLA EXPANDIBLE TUBULAR            (SE SOLICITA TAMA•O 1),3.62 ,15,45,15,75,271.69,,
2-09-0520-02, MALLA EXPANDIBLE TUBULAR. SE SOLICITA  TAMA•O 2 CON CODIFICACI‡N DE COLORES. ,3.13 ,0,0,0,0,0.00,,
2-09-0520-04," MALLA EXPANDIBLE TUBULAR.  SE SOLICITA TAMA•O 4, SIN CODIFICADOR DE COLORES.",5.37 ,1779,398,791,"2,968","15,938.16",,
2-09-0520-05,MALLA EXPANDIBLE TUBULAR.           (SE SOLICITA TAMA•O 5),6.89 ,1612,182,946,"2,740","18,878.60",,
2-09-0520-06,MALLA EXPANDIBLE TUBULAR.  SE SOLICITA TAMA•O 6,6.99 ,0,0,0,0,0.00,,
2-09-0520-07,MALLA EXPANDIBLE TUBULAR.  SE SOLICITA TAMA•O 7,8.68 ,0,0,0,0,0.00,,
2-09-0520-08,MALLA EXPANDIBLE TUBULAR.   (SE SOLICITA TAMA•O 8 SIN CODIFICADOR DE COLORES),9.28 ,15477,152,5487,"21,116","195,959.01",,
2-09-0520-09,MALLA EXPANDIBLE TUBULAR. SE SOLICITA TAMA•O 9 SIN CODIFICADOR DE COLORES.,16.23 ,48,50,198,296,"4,802.60",,
2-09-0521-02,"FêRULA CERVICAL PARA CUELLO DE DOS PIEZAS, TIPO PHILADELPHIA CIRCUNFERENCIA: PEQUE•O DE 10"" A 13"". ALTURA: DE 2¨ A 3¨",10.82 ,0,0,0,0,0.00,,
2-09-0521-03,"FêRULA CERVICAL PARA CUELLO DE DOS PIEZAS, TIPO PHILADELPHIA, CIRCUNFERENCIA: MEDIANO DE 13"" A 16"". ALTURA: DE 2¨ A 4¨",20.00 ,492,0,168,660,"13,200.00",,
2-09-0521-04,"FêRULA CERVICAL PARA CUELLO DE DOS PIEZAS, TIPO PHILADELPHIA (Se solicita circunferencia grande de  16"" a 19"", altura de 1´"" a 5¨"")                                                                                                   ",14.11 ,336,27,137,500,"7,055.00",,
2-09-0525-02,TAPON HEPARINIZADO PARA CANULA INTRAVENOSA. Para el cierre temporal de c†nula intravenosa y administraci¢n de medicamentos a intervalos regulares.(Se Solicita con membrana de l†tex y con Con conexi¢n de rosca (luer lock).,0.17 ,307200,0,170800,"478,000","78,870.00",,
2-09-0528-01,TIJERA CURVA PARA CIRUGIA LAPAROSC‡PICA. ,34.22 ,0,0,0,0,0.00,,
2-09-0535-00,TUBO UNIVERSAL DE PLASTICO.  SE SOLICITA DE 6 MM. (1/4 DE PULGADA) DE LONGITUD DE 30 MT. (100PIES),9.93 ,1240,0,62,"1,302","12,922.35",,
2-09-0546-00,"TUBO NASOGASTRICA TIPO LEVIN .SOLICITAMOS TAMA•O 8 FR, LONG 120CM.
",1.12 ,800,0,800,"1,600","1,784.00",,
2-09-0546-01,"TUBO NASOGASTRICA TIPO LEVIN. SOLICITAMOS TAMA•O 10FR, LONG 120CM
",0.62 ,1197,294,1197,"2,688","1,653.12",,
2-09-0546-02,"TUBO NASOGASTRICA TIPO LEVIN. SOLICITAMOS TAMA•O 12 FR, LONG 120CM
",0.98 ,700,247,800,"1,747","1,703.33",,
2-09-0547-00,"TUBO NASOGASTRICA TIPO LEVIN. SOLICITAMOS TAMA•O 18 FR, LONG 120CM",1.05 ,2900,0,3000,"5,900","6,165.50",,
2-09-0548-00,"TUBO NASOGµSTRICO TIPO LEVIN (Se solicita de 16 FR, longitud 120cm)  
",0.96 ,1900,0,2000,"3,900","3,724.50",,
2-09-0556-01,TUBO ENDOTRAQUEAL CON BALON            (SE SOLICITA TAMA•O DE 7MM),0.51 ,63400,360,21940,"85,700","43,964.10",,
2-09-0556-02,TUBO ENDOTRAQUEAL CON BALON. SE SOLICITA TAMA•O DE 7.5MM,0.51 ,24110,860,8840,"33,810","17,344.53",,
2-09-0556-03,TUBO ENDOTRAQUEAL CON BALON             (SE SOLICITA TAMA•O DE 8MM),0.51 ,57690,0,19310,"77,000","39,501.00",,
2-09-0556-04,TUBO ENDOTRAQUEAL CON BALON.                                      (SE SOLICITA TAMA•O DE 8.5MM),0.51 ,110,330,110,550,282.15,,
2-09-0559-01,CANÈLA DE TRAQUEOSTOM÷A. SE SOLICITA TAMA•O N¯ 8,46.25 ,0,26,104,130,"6,012.50",,
2-09-0559-04,CANÈLA DE TRAQUEOSTOM÷A.                      (SE SOLICITA TAMA•O N¯ 6),39.99 ,68,204,68,340,"13,596.60",,
2-09-0563-01,CµNULA OROFARINGEA TIPO BERMAN (SE SOLICITA DE 90MM ADULTO).,0.62 ,0,0,0,0,0.00,,
2-09-0563-02,CANULA OROFARINGEA TIPO BERMAN. SE SOLICITA N¯10 (100MM) ADULTO,0.53 ,0,0,0,0,0.00,,
2-09-0564-00,"SONDA O TUBO PARA ALIMENTACI‡N ENTERAL DE 5 FR A 20FR, Se solicita calibre 5FR y 38cm de longitud CON TAPON INCORPORADO
",1.72 ,11700,200,5000,"16,900","29,068.00",,
2-09-0565-00,SONDA O TUBO PARA ALIMENTACION ENTERAL DE 5 FR A 20FR.        (SE SOLICITA CALIBRE 8 FR Y 38CM DE LONGITUD),0.55 ,600,250,900,"1,750",962.50,,
2-09-0567-00,"TUBOS DE DRENAJE TIPO PENROSE. SE SOLICITA 1/4"" 6.35MM x 45.7 CM",0.97 ,0,0,0,0,0.00,,
2-09-0567-02,"TUBO DE DRENAJE TIPO PEMROSE. SE SOLICITA DE:  1/2"" (12.70MM)  X 12"" (30.5CM)  DE LONGITUD",1.50 ,0,0,0,0,0.00,,
2-09-0568-00,CANULA NASAL PARA ADMINISTRAR OXIGENO (SE SOLICITA TAMA•O ADULTO),0.39 ,0,0,0,0,0.00,,
2-09-0568-01,CANULA NASAL PARA ADMINISTRAR OXIGENO. SE SOLICITA: TAMA•O PEDIATRICO,0.28 ,7782,0,0,"7,782","2,178.96",,
2-09-0576-00,VASO PLµSTICO DESECHABLE  PARA MEDICAMENTO (SE SOLICITA SIN TAPA),0.03 ,197600,67800,484800,"750,200","21,755.80",,
2-09-0577-02,"VENDA ABDOMINAL QUIRÈRGICA . SE SOLICITA  TAMA•O 18 X 18"" PULGADAS.                                                                                                                                                                                                                          
Venda abdominal de gasa prelavada, EstÇril De 8˘ a 18"" x 18""a 36˘ Malla de 20 a 24 x 28 hilos, Cuatro a seis(4-6) dobleces. Con elemento radio-opaco. LA INSTITUCION SOLICITARA EL TAMA•O REQUERIDO.",0.27 ,87200,31600,125000,"243,800","65,826.00",,
2-09-0578-00,"VENDA AJUSTABLE DE GASA ABSORBENTE DE 1 A 2 DOBLECES (Se solicita de 1"") ",0.16 ,0,0,0,0,0.00,,
2-09-0578-01,"VENDA AJUSTABLE DE GASA ABSORBENTE DE 1 A 2 DOBLECES. SE SOLICITA TAMA•O DE  2""",0.08 ,28512,3456,13248,"45,216","3,590.15",,
2-09-0578-02,"VENDA AJUSTABLE DE GASA ABSORBENTE DE 1 A 2 DOBLECES. SE  SOLICITA  TAMA•O DE  3""",0.12 ,33840,3456,14832,"52,128","6,424.78",,
2-09-0578-03,"VENDA AJUSTABLE DE GASA ABSORBENTE DE 1 A 2 DOBLECES. SE  SOLICITA TAMA•O DE  4""",0.14 ,133056,3744,48096,"184,896","25,293.77",,
2-09-0580-02,"VENDA DE GASA SIMPLE 1 A 4"" DE ANCHO                                                                                                                                                                                                              ",0.24 ,0,0,0,0,0.00,,
2-09-0580-03,"VENDA DE GASA SIMPLE  (Se solicita de 4"" de ancho y 10yds de longitud). ",0.60 ,21216,444,14676,"36,336","21,801.60",,
2-09-0581-00,"VENDA ELASTICA  SE SOLICITA 2"" DE ANCHO X 5"" YARDAS DE LONGITUD                                                                                                                                                                                                                                                                            ",0.65 ,3060,216,1068,"4,344","2,801.88",,
2-09-0581-01,"VENDA ELASTICA  SE SOLICITA 3"" DE ANCHO X 5"" YARDAS DE LONGITUD                                                                                                                                                                                                                                                                               ",0.26 ,0,0,0,0,0.00,,
2-09-0581-02,"VENDA ELASTICA  SE SOLICITA 4"" DE ANCHO X 5"" YARDAS DE LONGITUD                                                                                                                                                                                                                                                                               ",1.34 ,15153,468,5836,"21,457","28,645.10",,
2-09-0581-03,"VENDA ELASTICA  SE SOLICITA 6"" DE ANCHO X 5"" YARDAS DE LONGITUD                                                                                                                                                                                                                                                                               ",74.00 ,0,0,0,0,0.00,,
2-09-0583-00,"VENDA DE YESO     (SE SOLICITA DE FRAGUADO RµPIDO DE 3"" X 3 YARDAS, DE MAXIMO DE 5 MINUTOS)",0.84 ,1879,144,3192,"5,215","4,380.60",,
2-09-0583-01,"VENDA DE YESO . SE SOLICITA DE FRAGUADO RµPIDO MAXIMO DE 5 MINUTOS DE 4"" X 3 YARDAS",2.02 ,3264,240,1316,"4,820","9,736.40",,
2-09-0583-02,"VENDA DE YESO, SE SOLICITA DE FRAGUADO RµPIDO MAXIMO DE 5 MINUTOS DE  4"" X 5 YARDAS.",2.06 ,0,0,0,0,0.00,,
2-09-0583-03,"VENDA DE YESO  SE SOLICITA DE FRAGUADO RµPIDO MAXIMO DE 5 MINUTOS DE 5"" X 5 YARDAS",2.45 ,0,0,0,0,0.00,,
2-09-0583-04,"VENDA DE YESO, SE SOLICITA DE FRAGUADO RµPIDO MAXIMO DE 5 MINUTOS DE 6"" X 5 YARDAS.",3.53 ,480,0,288,768,"2,711.04",,
2-09-0583-06,"VENDA DE YESO, SE SOLICITA DE FRAGUADO RµPIDO MAXIMO DE  5 MINUTOS DE  8"" X 5 YARDAS.",3.49 ,216,72,216,504,"1,758.96",,
2-09-0584-00,"VENDA DE GASA ABSORBENTE AJUSTABLE,  6 DOBLECES",0.76 ,0,0,0,0,0.00,,
2-09-0589-00,"SUTURA CATGUT CR‡MICO, CALIBRE 0, LONGITUD 67 A 75 CM.  AGUJA DE 35 A 37MM, DELGADA, ´ ÷IRCULO, PUNTA REDONDA. ",1.14 ,40896,0,14184,"55,080","62,515.80",,
2-09-0592-00,"SUTURA: CATGUT CR‡MICO, CALIBRE 1",1.30 ,96,288,120,504,655.20,,
2-09-0593-00,"SUTURA: CATGUT CR‡MICO, (SE SOLICITA CALIBRE 1)",0.82 ,0,0,0,0,0.00,,
2-09-0594-00,"SUTURA: CATGUT CR‡MICO, CALIBRE 1, LONGITUD 75 CM,  AGUJA DE  37 MM, GRUESA, ´ C÷RCULO, PUNTA REDONDA GRUESA. ",1.21 ,0,0,0,0,0.00,,
2-09-0597-00,"SUTURA: CATGUT CR‡MICO, CALIBRE 2-0",1.40 ,7056,480,2712,"10,248","14,347.20",,
2-09-0598-00,"SUTURA: CATGUT CR‡MICO CALIBRE  2-0,  SE SOLICITA DE LONGITUD DE 75 CM CON AGUJA DE 37 MM PUNTA REDONDA DELGADA",0.95 ,3096,0,1320,"4,416","4,195.20",,
2-09-0599-01,"SUTURA: CATGUT SIMPLE, CALIBRE 2-0, LONGITUD 67 A 75cm, AGUJA DE 20 A 22mm, ´ C÷RCULO, PUNTA REDONDA ESTêRIL ",1.39 ,612,0,612,"1,224","1,701.36",,
2-09-0600-00,"SUTURA: CATGUT CR‡MICO, CALIBRE 3-0",1.70 ,11904,2136,4464,"18,504","31,456.80",,
2-09-0603-00,"SUTURA: CATGUT CROMICO, CALIBRE 4-0",0.73 ,0,0,0,0,0.00,,
2-09-0605-00,"SUTURA: CATGUT CR‡MICO, CALIBRE  5-0, LONGITUD 45 CM. AGUJA DE 12 o 13 MM., ? C÷RCULO, PUNTA CORTANTE ESTêRIL. ",1.12 ,192,312,456,960,"1,075.20",,
2-09-0625-02,"SUTURA: POLIPROPILENO MONOFILAMENTO AZUL, CALIBRE 0",0.87 ,0,0,0,0,0.00,,
2-09-0625-04,"SUTURA: POLIPROPILENO MONOFILAMENTO AZUL, CALIBRE 2-0, AGUJA REDONDA LONGITUD 75 A 90 CM. AGUJA DOBLE DE 25 A 26 MM., ´ C÷RCULO, PUNTA REDONDA ESTêRIL. ",1.43 ,384,1152,384,"1,920","2,745.60",,
2-09-0625-06,"SUTURA DE POLIPROPILENO MONOFILAMENTO AZUL,CALIBRE1",0.93 ,1080,3168,1104,"5,352","4,985.50",,
2-09-0626-02,"SUTURA: NYLON MONOFILAMENTO, CALIBRE 3-0",0.51 ,0,0,0,0,0.00,,
2-09-0627-01,"SUTURA NYLON MONOFILAMENTO, CALIBRE 3-0 Con longitud 75 cm. con aguja de 24 mm., 3/8 circulo, punta cortantes reverso estÇril.",0.47 ,0,0,0,0,0.00,,
2-09-0627-04,"SUTURA: NYLON MONOFILAMENTO, CALIBRE 4-0",0.50 ,0,0,0,0,0.00,,
2-09-0629-02,SUTURA NYLON MONOFILAMENTO CALIBRE 10-0.      ,5.98 ,0,0,0,0,0.00,,
2-09-0633-00,"SUTURA: NYLON MONOFILAMENTO, SE SOLICITA CALIBRE 6-0",1.25 ,2284,660,1704,"4,648","5,786.76",,
2-09-0633-06,"SUTURA: NYLON MONOFILAMENTO, CALIBRE 5-0, LONGITUD 45 CM., AGUJA DE 19 MA 20 MM., ? C÷RCULO, PUNTA CORTANTE. ",0.85 ,25632,0,8544,"34,176","28,878.72",,
2-09-0633-08,"SUTURA: POLIPROPILENO MONOFILAMENTO, CALIBRE 7-0",2.65 ,240,720,240,"1,200","3,174.90",,
2-09-0633-13,"SUTURA MONOFILAMENTO POLIDIOXANONA CALIBRE 4-0 Descripci¢n del producto: Sutura Monofilamento de Polidioxanona recubierta de triclosan ,incolora,    (SE SOLICITA: calibre 4-0,longitud 45cm, aguja de 19mm,3/8 circulo,punta cortante.)",7.11 ,0,0,0,0,0.00,,
2-09-0633-18,"SOLUCION ADHESIVA TOPICA PARA LA SUTURA DE LA PIEL  (SE SOLICITA DE 0.5ML ESTERIL DE USO UNICO, EN ENVASE BURBUJA CON PUNTA, APLICADOR, DE FORMULACION MONOMETRICA DE (2 OCTIL CIANOACRILATO) Y CON BARRERA MICROBIAL DE 0.25ML,0.50ML,0.75ML DE LIQUIDO ADHESIVO.)",42.63 ,0,0,0,0,0.00,,
2-09-0634-02,"SUTURA: µCIDO POLIGLIC‡LICO TRENZADO, CALIBRE  0, (SE SOLICITA LONGITUD 75CM AGUJA DE 26 MM, 1/2 CIRCULO, PUNTA REDONDA GRUESA)",1.37 ,0,0,0,0,0.00,,
2-09-0634-04,"SUTURA: ACIDO POLIGLICOLICO TRENZADO, CALIBRE 0, LONGITUD 70 CM. AGUJA DE 37 MM. GRUESA 1/2 CIRCULO, PUNTA REDONDA ESTERIL. ",1.32 ,0,0,0,0,0.00,,
2-09-0634-06,"SUTURA: ACIDO POLIGLICOLICO TRENZADO, CALIBRE 1, SE SOLICITA AGUJA DE 35 MM. LONGITUD 70CM",1.30 ,0,0,0,0,0.00,,
2-09-0635-00,"SUTURA: µCIDO POLIGLIC‡LICO TRENZADA, CALIBRE 2-0",1.59 ,10044,1044,3852,"14,940","23,754.60",,
2-09-0635-04,"SUTURA: µCIDO POLIGLIC‡LICO TRENZADO, CALIBRE 1 LONGITUD 67 A 75 CM. AGUJA DE 35 A 37 MM., 1/2 C÷RCULO, PUNTA REDONDA GRUESA.                                                                                              SOLICITAMOS: AGUJA CALIBRE 36MM LONG 70CM ",1.39 ,0,0,0,0,0.00,,
2-09-0635-09,"SUTURA ACIDO POLIGLICOLICO TRENZADO, CALIBRE 4-0, SE SOLICITA AGUJA 19MM, 3/8 CIRCULO PUNTA CORTANTE ESTERIL, LONGITUD 45CM",1.38 ,0,0,0,0,0.00,,
2-09-0635-10,"SUTURA: ACIDO POLIGLIC‡LICO TRENZADO, CALIBRE 4-0",1.36 ,7056,576,3528,"11,160","15,121.80",,
2-09-0635-13,"SUTURA: µCIDO POLIGLIC‡LICO TRENZADO, CALIBRE 3-0 ",1.58 ,9216,0,3168,"12,384","19,566.72",,
2-09-0638-02,"SUTURA ACIDO POLIGLICOLICO TRENZADO, SE SOLICITA CALIBRE 6-0",6.67 ,1032,576,96,"1,704","11,365.68",,
2-09-0640-00,SUTURA: SEDA NEGRA TRENZADA SILICONIZADA CALIBRE 0,0.84 ,3096,1188,3780,"8,064","6,773.76",,
2-09-0642-00,SUTURA: SEDA NEGRA TRENZADA SILICONIZADA CALIBRE 1.,0.87 ,8856,360,4848,"14,064","12,165.36",,
2-09-0642-01,"SUTURA: SEDA NEGRA TRENZADA SILICONIZADA, CALIBRE 1,  SE SOLICITA   LONGITUD 75CM.,  10 HEBRAS",1.59 ,0,0,0,0,0.00,,
2-09-0644-00,"SUTURA: SEDA NEGRA TRENZADA SILIC‡N IZADA CALIBRE 2.0, SE SOLICITA LONGITUD 75CM, 10 HEBRAS",0.91 ,0,0,0,0,0.00,,
2-09-0645-00,"SUTURA: SEDA NEGRA TRENZADA SILICONIZADA CALIBRE 2.0, SE SOLICITA DE LONGITUD 75CM",0.81 ,10152,336,5928,"16,416","13,296.96",,
2-09-0646-00,"SUTURA: SEDA NEGRA TRENZADA SILIC‡NIZADA, CALIBRE 3-0",1.08 ,1452,288,1656,"3,396","3,667.68",,
2-09-0647-01,"SUTURA: SEDA NEGRA TRENZADA SILICONIZADA, CALIBRE 3-0",0.50 ,0,0,0,0,0.00,,
2-09-0648-00,SUTURA: SEDA NEGRA TRENZADA SILICONIZADA CALIBRE 3.0   SE SOLICITA AGUJA DE 22 MM,1.75 ,9396,0,0,"9,396","16,443.00",,
2-09-0653-00,"SUTURA: SEDA NEGRA TRENZADA SILICONIZADA, CALIBRE 4-0, LONGITUD 45cm, AGUJA DE 12 A 13mm, ? C÷RCULO, PUNTA CORTANTE, ESTêRIL",0.72 ,4200,480,1608,"6,288","4,527.36",,
2-09-0655-00,"SUTURA: SEDA NEGRA TRENZADA  SILICONIZADA, CALIBRE 6-0. SE SOLICITA LONGITUD 45 CM.  AGUJA DE 11 A 12 MM., 3/8 CIRCULO, PUNTA CORTANTE",1.28 ,108,324,108,540,691.20,,
2-09-0661-01,"SUTURA: POLIPROPILENO MONOFILAMENTO CALIBRE 3-0, DE LONGITUD 90CM, DOBLE AGUJA DE 25 - 26MM, 1/2 C÷RCULO PUNTA REDONDA ESTêRIL",1.65 ,3024,0,0,"3,024","4,974.48",,
2-09-0697-00,PLANCHA DE CAUTERIO DESECHABLE,3.29 ,0,0,0,0,0.00,,
2-09-0763-01,"APOSITO PROTECTOR, SE SOLICITA TAMA•O 10CM X 10CM",16.81 ,1200,0,400,"1,600","26,888.00",,
2-09-0764-01,"APOSITO DE ESPUMA, se solicita Tama§os con borde 15 CM X 20 CM",38.70 ,150,0,50,200,"7,740.00",,
2-09-0765-01,"APOSITO DE ESPUMA, se solicita Tama§os sin borde 12.5CM X 12.5CM",26.50 ,1800,0,600,"2,400","63,600.00",,
2-09-0766-01,"APOSITO DE ESPUMA, se solicita Tama§os SIN BORDEN 20CM X 20CM",47.80 ,0,0,0,0,0.00,,
2-09-0767-01,"CAPA POROSA O BIOMATRIZ, SE SOLICITA TAMA•O 10 cm x 10 cm, con 420 agujeros de 1600 micrones.",60.00 ,300,900,460,"1,660","99,600.00",,
2-09-0774-01,"SOLUCI‡N PARA LAVADO, IRRIGACI‡N Y DESBRIDAMIENTO DE HERIDAS, se solicita Botella con tapa rosca 500ml",25.00 ,5628,1092,2332,"9,052","226,300.00",,
2-09-0775-01,"SOLUCI‡N PARA LAVADO, IRRIGACI‡N Y DESBRIDAMIENTO DE HERIDAS, se solicita, Dispensador en aerosol con tapa atomizador 250 ml",20.25 ,5874,4332,2272,"12,478","252,679.50",,
2-09-0776-01,"SOLUCI‡N PARA LAVADO, IRRIGACI‡N Y DESBRIDAMIENTO DE HERIDAS, se solicita tama§o en bolsas con puerto de irrigaci¢n de 1000 ml.",62.41 ,6391,1725,2216,"10,332","644,768.46",,
2-09-0777-01,"SOLUCI‡N PARA LAVADO, IRRIGACI‡N Y DESBRIDAMIENTO DE HERIDAS, SE SOLICITA EL TAMA•O Compresa presaturada Empaque individual de gasa de 8 capas de 10 cm x 10 cm.",6.91 ,0,0,0,0,0.00,,
2-09-0778-01,"SOLUCI‡N PARA LAVADO, IRRIGACI‡N Y DESBRIDAMIENTO DE HERIDAS SE SOLICITA, Gel Dispensador en spray aerosol 100 g.",47.51 ,1302,2988,486,"4,776","226,883.88",,
2-09-0917-01,"ESPUMA DE POLIURETANO (PU) CON SISTEMA DE CONTROL DE CARGA DE TRANSPIRACI‡N CONTINUA, se solicita 4"" x 5"" (10.2 cm x 12.7 cm)",28.90 ,5210,150,3940,"9,300","268,770.00",,
2-09-0918-01,"ESPUMA DE POLIURETANO (PU) CON SISTEMA DE CONTROL DE CARGA DE TRANSPIRACI‡N CONTINUA, se solicita ""8x8""(20.3 cm x 20.3 cm)",73.42 ,2300,1400,2460,"6,160","452,267.20",,
2-09-0919-01,"ESPUMA DE POLIURETANO CON SISTEMA DE CONTROL DE CARGA IMPERMEABLE, se solicita ""4 x 5"" (10.2cm x 12.7 cm)",27.80 ,3410,350,0,"3,760","104,528.00",,
2-09-0920-01,"ESPUMA DE POLIURETANO CON SISTEMA DE CONTROL DE CARGA IMPERMEABLE, se solicita ""8x8""(20.3 cm x 20.3 cm)",73.42 ,0,0,0,0,0.00,,
2-09-0921-01,"ESPUMA DE ALCOHOL POLIVINILICO CON SISTEMA DE CONTROL DE CARGA,    (SE SOLICITA ,EXUDADO MODERADO SIN PEL÷CULA DE RETENCI‡N DE HUMEDAD 15.2 cm x 15.2 cm (6? x 6?).",47.61 ,0,0,600,600,"28,566.00",,
2-09-0922-01,"ESPUMA DE ALCOHOL POLIVINILICO CON SISTEMA DE CONTROL DE CARGA,      (SE SOLICITA PARA TUNELIZACION DE 9 mm (1.2g)",14.61 ,36720,850,11780,"49,350","721,003.50",,
2-09-0923-01,"ESPUMA DE ALCOHOL POLIVINILICO CON SISTEMA DE CONTROL DE CARGA,     (SE SOLICITA, EXUDADO MODERADO SIN PEL÷CULA DE RETENCI‡N DE HUMEDAD, TAMA•O 10.2 cm x 10.2 cm  x 1.29 cm (4"" x 4"" x 0.5"")",56.25 ,255,670,265,"1,190","66,937.50",,
2-09-0924-01,"ESPUMA DE ALCOHOL POLIVINILICO CON SISTEMA DE CONTROL DE CARGA,    ( SE SOLICITA , EXUDADO ABUNDANTE SIN PEL÷CULA DE RETENCI‡N DE HUMEDAD TAMA•O De forma isla adherente de 10.2 cm x 12 cm (4"" x 4.75"") y espuma de 5 cm x 7 cm (2"" x 2.75"").",34.98 ,1040,1920,500,"3,460","121,030.80",,
2-09-0941-00,CUCHILLA PARA PODADORA DE VELLOS Y CABELLOS CON SISTEMA OSCILANTE (Ofrecer Nueva Tecnologia) SE SOLICITAN UN MINIMO DE 100,3.11 ,0,0,0,0,0.00,,
2-09-1007-00,ESPECULO VAGINAL (SE SOLICITA TAMA•O CHICO),0.22 ,0,0,0,0,0.00,,
2-09-1007-01,ESPECULO VAGINAL (SE SOLICITA TAMA•O MEDIANO),1.24 ,0,0,0,0,0.00,,
2-09-1007-02,ESPECULO VAGINAL (SE SOLICITA TAMA•O GRANDE)  ,1.23 ,0,1100,4200,"5,300","6,519.00",,
2-09-1111-00,"SUTURA µCIDO POLIGLICOLICO TENZADO, SE SOLICITA CALIBRE 3-0",0.94 ,42192,540,16020,"58,752","55,162.84",,
2-09-1112-00,SUTURA DE µCIDO POLIGLIC‡LICO CALIBRE 0 DE 60-75CM DE LONGITUD.,2.39 ,5724,0,3348,"9,072","21,682.08",,
2-09-1113-00,"MATRIZ EXTRACELULAR TRIDIMENSIONAL, SE SOLICITA 7 x 20CM, MALLA",295.60 ,0,0,0,0,0.00,,
2-09-1116-00,"MATRIZ DE CELULOSA OXIDADA REGENERADA Y COL∑GENO, SE SOLICITA TAMA•O 123 CENTIMETROS CUADRADOS.                                                                                                                                                                                                                                                                      ",54.80 ,0,0,0,0,0.00,,
2-09-1125-00,INSTRUMENTO O PINZA CURVA PARA FUSION DE TEJIDOS PARA ELECTROCAUTERIO MULTIMODAL O BIPOLAR AVANZADO (CIRUGIA ABIERTA) DESECHABLE,625.00 ,594,0,594,"1,188","742,500.00",,
2-09-1126-00,PINZA LAPARASCOPICA DE 10 MM CON CORTE INCORPORADO PARA SELLADO DE VASOS SANGUINEOS MEDIANTE PRESION.                                                                                                                                                         ,404.75 ,0,0,0,0,0.00,,
2-09-1127-00,"LAPIZ PARA ELECTROCAUTERIO MULTIMODAL (CORTE,DISECCION Y COAGULACION)                                                                                                                                                                                                                                                             ",43.21 ,0,0,0,0,0.00,,
2-09-1128-00,"PINZA PARA FUSION DE TEJIDOS Y DISECCION MONOPOLAR DE 5MM LAPARASCOPICA PARA ELECTROCAUTERIO MULTIMODAL, Se Solicita de 37 Long, mandibula curva. ",846.54 ,0,0,0,0,0.00,,
2-09-1129-00,PINZA LAPARASCOPICA DE 5 MM CON CORTE INCORPORADO PARA SELLADO DE VASOS SANGUINEOS MEDIANTE PRESION.                                                                                                                              ,561.51 ,0,0,0,0,0.00,,
2-09-1133-00,"TROCAR PARA CIRUGIA LAPAROSCOPICA DE 2MM A 15MM DE DIAMETRO, PUNTA CORTANTE DESECHABLE CON PROTECCION ACTIVA Y REDUCTOR INCORPORADO",64.62 ,1248,0,600,"1,848","119,417.76",,
2-09-1134-00,INSTRUMENTO PARA PROLAPSO RECTAL Y HEMORROIDES,199.50 ,138,64,86,288,"57,456.00",,
2-09-1135-00,TROCAR PARA CIRUGIA LAPAROSCOPICA CON SISTEMA DE ANCLAJE (TIPO HASSAN O TêCNICA ABIERTA) DE 5MM A 12MM DE DIAMETRO PUNTA ROMA DESECHABLE.                                        ,58.90 ,0,0,0,0,0.00,,
2-09-1136-00,"MALLA TRI-LAMINADA DELGADA.  (SE SOLICITA TAMA•O 8"" X 12"" (20 X 30cm))","1,651.43 ",0,0,0,0,0.00,,
2-09-1137-00,HEMOSTATICO ABSORVIBLE DE TEXTURA ALGODONOSA            (SE SOLICITA: TAMA•O: 2.5 X 5CM),110.00 ,0,0,0,0,0.00,,
2-09-1195-00,SUTURA MONOFILAMENTO POLIDIOXANONA  CALIBRE 1  (SE SOLICITA AGUJA  70MM ),19.70 ,0,0,0,0,0.00,,
2-09-1196-00,"SUTURA MONOFILAMENTO SINTETICO ABSORBIBLE, SE SOLICITA CALIBRE 5-0",1.56 ,26220,540,10680,"37,440","58,383.56",,
2-09-1197-00,"SUTURA: MONOFILAMENTO SINTETICO ABSORBIBLE, CALIBRE 4-0 ",1.37 ,0,0,0,0,0.00,,
2-09-1199-00,"CANULA DE ASPIRACION TIPO YANKEUER. SE SOLICITA TIPO RIGIDA DE ADULTO de 12"" y tuberia de 72"" o MAS",1.53 ,0,0,0,0,0.00,,
2-09-1250-01,"SISTEMA DE ENGRAPADO O LIGADURA, PARA CLIP DE POLIMERO NO ABSORBIBLE",89.59 ,0,0,0,0,0.00,,
2-09-1550-01,"GUANTES QUIRÈRGICOS LIBRES DE LATEX Y POLVO, ESTêRIL  SE SOLICITA TAMA•O 6 1/2",0.94 ,3000,9000,3000,"15,000","14,100.00",,
2-09-1551-01,"GUANTES QUIRÈRGICOS LIBRES DE LATEX Y POLVO, ESTêRIL                      (SE SOLICITA TAMA•O 7)",0.04 ,0,0,0,0,0.00,,
2-09-1552-01,"GUANTES QUIRÈRGICOS LIBRES DE LATEX Y POLVO, ESTêRIL . SE SOLICITA TAMA•O 7.5",0.94 ,55800,23800,46200,"125,800","118,252.00",,
2-09-1582-01,GLUCONATO DE CLORHEXIDINA AL 4% EN ESPUMA PARA ANTISEPSIA DE MANO.   ( LA EMPRESA QUE SE LE ADJUDIQUE DEBE PROPORCIONAR ELSISTEMA DE DISPENSACION POR BOMBA DE PIE) ,28.94 ,0,0,0,0,0.00,,
2-09-1583-01,"GUANTES DE NITRILO PARA EXAMEN SIN POLVO, NO ESTêRIL.       (SE SOLICITA TAMA•O MEDIANO)",0.02 ,10440000,686000,2788000,"13,914,000","292,194.00",,
2-09-1584-01,"GUANTES DE NITRILO PARA EXAMEN SIN POLVO, NO ESTêRIL.     (SE SOLICITA TAMA•O GRANDE)",0.02 ,0,205000,106000,"311,000","7,370.70",,
2-09-1604-01,SOLUCION QUIRURGICA ANTISEPTICO PARA LA PIEL. SE SOLICITA VOLUMEN DE 26ML,11.31 ,12000,5240,5620,"22,860","258,546.60",,
2-09-1635-01,"SUTURA: POLIPROPILENO MONOFILAMENTO, CALIBRE 6-0  ( 1/2 de circulo)",4.46 ,0,0,0,0,0.00,,
2-09-1639-01,"INJERTO VASCULAR CONICO CON ANILLOS INTEGRADOS AL PTFE.   (SE SOLICITA: CON HEPARINA BIOACTIVA, CAN ANILLO INTEGRAD, INJERTO VASCULAR C‡NICO Entre 4MM y 6MM ,Longitud 45CM).","1,815.00 ",0,0,0,0,0.00,,
2-09-1680-01,"INJERTO VASCULAR CONICO CON ANILLOS INTEGRADOS AL PTFE.   SE SOLICITA:  CON HEPARINA BIOACTIVA, CAN ANILLO INTEGRAD, INJERTO VASCULAR C‡NICO ENTRE 4MM y  7MM , LONGITUD 45CM","1,850.00 ",465,0,155,620,"1,147,000.00",,
2-09-1706-01,"ESPIROMETRO INCENTIVO PARA REALIZAR EJERCICIOS DE RESPIRACION PROFUNDA.
(DESECHABLE):",19.95 ,23208,120,8096,"31,424","626,773.36",,
2-09-1718-01,LENTE INTRAOCULAR PLEGABLE DE ACRILICO HIDROFOBICO DE +10.00 A +30.00 DIOPTRIAS.,39.90 ,56,0,56,112,"4,468.80",,
2-09-1759-02,"CEPILLO PARA LAVADO QUIRURGICO DESECHABLE CON CLOREXIDINA AL 4%,ESTERIL",0.68 ,0,0,0,0,0.00,,
2-09-1937-00,DELANTAL PROTECTOR DE FLUIDOS   (JUMSUIT) ,41.13 ,240400,3000,86300,"329,700","13,560,561.00",,
2-09-1964-01,"Cuchillete con Mango de 15ß hasta 45ß  (se solicita de 15¯) Desechable, esteril, con hoja en forma de lanceta de una sola pieza de 3 a 5mm.",10.95 ,810,0,390,"1,200","13,140.00",,
2-09-2031-01,GLUCONATO DE CLORHEXIDINA AL 2% EN ESPUMA PARA ANTISEPSIA DE MANO. ( LA EMPRESA QUE SE LE ADJUDIQUE DEBE PROPORCIONAR EL SISTEMA DE DISPENSACION POR BOMBA DE PIE)  ,19.25 ,0,0,0,0,0.00,,
2-09-2149-01,CANULA NASOFARINGEA DE 32 FR A 36 FR.                 (SE SOLOCITA TAMA•0 32FR) ,3.69 ,8200,300,4,"8,504","31,410.37",,
2-09-2150-01,CANULA NASOFARINGEA  DE 32 FR A 36 FR.                        (SE SOLOCITA TAMA•0 34FR),3.69 ,2290,300,830,"3,420","12,608.17",,
2-09-2151-01,CANULA NASOFARINGEA  DE 28 FR A 30 FR. SE SOLOCITA TAMA•0 30FR      ,3.69 ,300,900,300,"1,500","5,540.10",,
2-09-2152-01,CANULA NASOFARINGEA  DE 28 FR A 30 FR. SE SOLOCITA TAMA•0 28FR   ,3.65 ,370,300,190,860,"3,142.44",,
2-09-2230-01,"CAL SODADA SIN PRODUCCION DEL COMPUESTO A. SE SOLICITA BOLSA DE 1KG? Indicador de violeta de etilo <1%? Hidr¢xido de calcio de porcentaje de peso >75%.? En caso que contenga catalizador: Cloruro de litio de % de peso entre 0% y 3% ¢ Hidr¢xido de Sodio entre 0% y 2%
",110.00 ,0,0,0,0,0.00,,
2-09-2354-01,"GASA 2"" X 2"" X 16 DOBLECES, ESTêRIL",0.03 ,323100,51200,135000,"509,300","15,279.00",,
2-09-2355-01,"GASA 2"" X 2"" X 16 DOBLECES CON ELEMENTO RADIOPACO, ESTERIL",0.03 ,0,0,0,0,0.00,,
2-09-2356-01,"GASA 3"" X 3"" X 16 DOBLECES, ESTERIL",0.07 ,0,0,0,0,0.00,,
2-09-2358-01,"GASA 8"" X 4"" X 16 DOBLECES, ESTêRIL",0.07 ,0,12000,61000,"73,000","5,110.00",,
2-09-2359-01,"GASA 8"" X 4"" X 16 DOBLECES CON ELEMENTOS RADIOPACO, ESTêRIL",0.26 ,0,0,0,0,0.00,,
2-09-2361-01,"GASA SIMPLE 4"" X 4"" X 16 ESTêRIL",0.21 ,1759200,0,0,"1,759,200","369,432.00",,
2-09-2440-01,"AGUJAS PARA LOCALIZACION Y BLOQUEO DE NERVIO PERIFERICO.                             (SE SOLICITA TAMA•O 22Ga X 2"").",11.80 ,20,60,20,100,"1,180.00",,
2-09-2685-01,"CIRCUITO DESECHABLE DE VENTILADOR INTEGRADO DE HUMIDIFICACI‡N PASIVA Y
FILTRACI‡N DE 72 HORAS DE USO",79.00 ,0,660,80,740,"58,460.00",,
2-09-2696-01,"GUANTES DE NITRILO PARA EXAMEN SIN POLVO, NO ESTêRIL. SE SOLICITA TAMA•O CHICO",0.02 ,0,24000,15000,"39,000",924.30,,
2-09-2700-01,"SET DE ROPA
",12.34 ,450,0,384,834,"10,291.56",,
2-09-2865-01,"CINTURON SEGURIDAD PARA MARCHA DE ADULTO                    (SE SOLICITA TAMA•O PEQUE•A DE 34""-30"")",82.72 ,0,0,0,0,0.00,,
2-09-2866-01,"CINTURON SEGURIDAD PARA MARCHA ADULTO.  (SE SOLICITA MEDIANO 30""-44"")",110.00 ,189,0,0,189,"20,790.00",,
2-09-2867-01,"CINTURON SEGURIDAD PARA MARCHA DE ADULTO.         (SE SOLICITA GRANDE 44""-60"")",82.72 ,192,76,102,370,"30,607.65",,
2-09-2929-01,BOLSA PARA OBTENCI‡N DE MUESTRAS EN CIRUG÷A LAPAROSC‡PICA (Se solicita de 6.4cm x 15cm),150.00 ,0,0,0,0,0.00,,
2-09-2963-01,TIJERA PARA CORTE Y LIGADURA DE CORD‡N UMBILICAL CON BISTUR÷. ,183.75 ,0,0,0,0,0.00,,
2-09-2983-01,SET DE ROPA DESECHABLE PARA CIRUGIA OFTALMOLOGICA,39.99 ,1380,0,1072,"2,452","98,055.48",,
2-09-3135-01,"CUCHILLETE     (SE SOLICITA  2,2mm)",11.94 ,2268,180,1656,"4,104","49,001.76",,
2-09-3211-01,SISTEMA DE DRENAJE TORACICO DE TRES CAMARAS. SE SOLICITA DRENAJE CERRADO DE 1 TUBO,37.13 ,0,0,0,0,0.00,,
2-09-3304-01,"RESPIRADORES CONTRA PARTICULAS DE ALTA FILTRACION N95 CON O SIN VALVULA DE EXALACION.                                                                                                   (SOLICITAMOS TAMA•O MEDIANO ,SIN VALVULA DE EXALACION)",0.97 ,0,0,0,0,0.00,,
2-09-3328-01,BANDEJA DE ANESTESIA EPIDURAL CONTINUA DESECHABLE CON MEDICAMENTO. SE SOLICITA AGUJA TUOHY/HUBER DE 17G X 88 a 90mm SIN ALAS,30.00 ,0,0,100,100,"3,000.00",,
2-09-3388-01,"EMPAQUES O COMPRESA CALIENTE (SE SOLICITA CONTORNO PARA CUELLO 61X15 CM 24"" X 6"")",36.64 ,10,30,10,50,"1,832.04",,
2-09-3554-01,"BOLSA MIXTA TERMOSELLABLE PARA ESTERILIZAR, 6"" X 12"" (150 X 300MM)",0.11 ,25400,0,4300,"29,700","3,267.00",,
2-09-3754-01,"JUEGO COMPLETO PARA CATETERIZACI‡N VESICAL CON SONDA FOLEY SE SOLICITA 16Fr DE SILICONA, CAPACIDAD DE BOLSA DE 2000cc, Soluci¢n para limpieza de Clorexidina acuosa al 1% CON Jeringuilla prellenada con agua bidestilada de  10cc CON UN PAR DE GUANTES DE NITRILO O VINILO",15.91 ,0,30,590,620,"9,864.20",,
2-09-3756-01,"JUEGO COMPLETO PARA CATETERIZACI‡N VESICAL CON SONDA FOLEY SE SOLICITA 18Fr DE SILICONA, CAPACIDAD DE BOLSA DE 2000cc, Soluci¢n para limpieza de Clorexidina acuosa al 1% CON Jeringuilla prellenada con agua bidestilada de  10cc CON UN PAR DE GUANTES DE NITRILO O VINILO",13.00 ,10460,510,4050,"15,020","195,260.00",,
2-09-3775-01,"GUANTES QUIRÈRGICOS LIBRES DE LATEX Y POLVO, ESTêRIL  SE SOLICITA TAMA•O 6",1.64 ,25600,10800,21400,"57,800","94,792.00",,
2-09-3932-01,APOSITO DE ESPUMA 3D CON PLATA IONICA SE SOLICITA APOSITO NO ADHESIVO TAMA•O 10X 10CM ,21.00 ,0,0,0,0,0.00,,
2-09-4164-01,"JUEGO COMPLETO PARA SUCCI‡N DE V÷AS RESPIRATORIAD, PEDIATRICO Y ADULTO. SE SOLICITA TAMA•O 6FR",1.37 ,7800,0,2600,"10,400","14,248.00",,
2-09-4195-01,DETERGENTE LIQUIDO CON ENZIMAS (SE SOLICITA DE 4 ENZIMA),35.63 ,0,40,176,216,"7,696.08",,
2-09-4196-01,TORRE DE HISTEROSCOPIA DE FLUJO CONTINUO PARA GINECOLOGIA:   SE SOLICITA ACCESORIO  JUEGOS DE TUBOS DE SILICON REUSABLE,55.36 ,0,0,0,0,0.00,,
2-09-4222-01,"MULTICAPA DE TRIPLEACCION A BASE DE OCTENIDINA Y ACIDO HIALURONICO TAMA•O: 10CM X 10CM (3.9"" X 3.9"")",50.00 ,6070,1100,1850,"9,020","451,000.00",,
2-09-4234-01,CATETER DE ARTERIA RADIAL PARA MONITORIZACION DE PRESION Y TOMA DE MUESTRAS SE SOLICITA CON ALETAS DE 3Fr Y 5cms DE LONGITUD DE POLIURETANO CON PUNTA RECTA,76.00 ,0,0,0,0,0.00,,
2-09-4341-01,TIJERA PARA BISTURI ARMONICO CON CONTROL MANUAL Y ALTA FRECUENCIA.  (SE SOLICITA VASTAGO DE 9CM),"1,090.00 ",0,0,0,0,0.00,,
2-09-4433-01,"GUANTES QUIRÈRGICOS DE LµTEX, ESTêRIL (Se solicita tama§o 6)                                                                                                                                                                                                                                                     ",0.28 ,57100,25500,27700,"110,300","30,332.50",,
2-09-4545-01,BOLSA INFUSORA A PRESION .SE SOLICITA BOLSA DE 1000cc DE CAPACIDAD,51.38 ,85,255,85,425,"21,836.50",,
2-09-4584-01,MATRIZ EXTRACELULAR DE TEJIDO FIBROSO (Se solicita tama§o 5cm x 5cm) ,70.07 ,0,0,0,0,0.00,,
2-09-4592-01,SET DE ROPA PARA CITOSCOP÷A,25.98 ,21844,232,8734,"30,810","800,443.80",,
2-09-4628-01,FERULAS SINTETICAS EN ROLLO SE SOLICITA DE 7.5CM X 4.6M,112.06 ,0,0,0,0,0.00,,
2-09-4629-01,FERULA SINTETICAS EN ROLLO SE SOLICITA DE 12.5CM X 4.6M,163.88 ,24,14,146,184,"30,153.92",,
2-09-4642-01,FERULAS SINTETICAS EN ROLLO SE SOLICITA DE 5CM X 4.6M,92.04 ,31,93,31,155,"14,266.20",,
2-09-4643-01,"FERULAS SINTETICAS EN ROLLO SE SOLICITA DE 10CM X 4,6M",138.50 ,0,0,0,0,0.00,,
2-09-4713-01,JUEGO DE ROPA DESECHABLE PARA CAMA DE PACIENTE,3.39 ,30240,4280,17120,"51,640","175,059.60",,
2-09-4715-01,"APOSITO ELECTROESTATICO LAMINADO DE CARBON ACTIVADO DE BAJA ADHERENCIA SE SOLICITA TAMA•O: 10.5 CM X 10.5 CM (4 1/5"""" X 4 1/5"""")",47.00 ,11300,0,3500,"14,800","695,600.00",,
2-09-4725-01,"VENDA DE YESO DE POLIESTER SE SOLICITA 5""X4 YARDAS. ",6.23 ,43236,900,14610,"58,746","365,987.58",,
2-09-4726-01,BANDEJA PARA INSERCION DE SONDA VESICAL ,1.90 ,0,0,0,0,0.00,,
2-09-4790-01,BOLSA INFUSORA A PRESION. SE SOLICITA BOLSA DE 500cc DE CAPACIDAD,21.60 ,0,0,0,0,0.00,,
2-09-4843-01,"BANDEJA PARA CATETERIZACION VENOSO CENTRAL DOBLE LUMEN NEONATAL.  SE SOLICITA 4FR X 5CM, DE POLIURETANO",64.50 ,360,0,180,540,"34,830.00",,
2-09-4844-01,"BANDEJA PARA CATETERIZACION VENOSO CENTRAL DOBLE LUMEN NEONATAL.  SE SOLICITA 4FR X 8CM, DE POLIURETANO",64.50 ,0,0,0,0,0.00,,
2-09-4847-01,BANDEJA PARA CATETERIZACION VENOSO CENTRAL TRIPLE LUMEN PEDIATRICA. SE SOLICITA MATERIAL DE CATETER CON POLIURETANO DIAMETRO 5 FR X 8CM DE LONGITUD.,73.50 ,0,0,0,0,0.00,,
2-09-4848-01,BANDEJA PARA CATETERIZACION VENOSO CENTRAL TRIPLE LUMEN PEDIATRICA.   SE SOLICITA MATERIAL DE CATETER CON POLIURETANO DIAMETRO 5FR X 12CM DE LONGITUD,162.00 ,0,0,0,0,0.00,,
2-09-4853-01,"SUTURA: POLIPROPILENO MONOFILAMENTO, CALIBRE 5-0.(SE SOLICITA LONGITUD DE 75 CM) ",3.97 ,12,36,12,60,238.20,,
2-09-4854-01,PERILLA (BULBO) DE SUCCION - IRRIGACION DE 2 ONZAS ESTERIL,0.66 ,3900,200,1400,"5,500","3,602.50",,
2-09-4855-01,GUANTES QUIRURGICO DE LATEX ESTERIL . (SE SOLICITA TAMA•O 8 1/2),0.28 ,5000,19000,7900,"31,900","8,772.50",,
2-09-4859-01,BANDAS ELµSTICAS PARA FORTALECIMIENTO SE SOLICITA ULTRA SUAVE,103.91 ,158,47,128,333,"34,603.38",,
2-09-4860-01,BANDAS ELµSTICAS PARA FORTALECIMIENTO   (SE SOLICITA MEDIANA),102.39 ,0,0,0,0,0.00,,
2-09-4861-01,BANDAS ELµSTICAS PARA FORTALECIMIENTO                     (SE SOLICITA FUERTE) ,100.00 ,183,43,168,394,"39,400.00",,
2-09-4862-01,BANDAS ELµSTICAS PARA FORTALECIMIENTO                       (SE SOLICITA -EXTRA FUERTE),126.55 ,25,44,70,139,"17,590.43",,
2-09-4864-01,BANDAS ELµSTICAS PARA FORTALECIMIENTO                     (SE SOLICITA -SUPER FUERTE),100.00 ,0,7,28,35,"3,500.00",,
2-09-4868-01,"APOSITO ELECTROESTATICO LAMINADO DE CARBON ACTIVADO DE BAJA ADHERENCIA SE SOLICITA TAMA•O: 15 CM X 25 CM (6"""" X 10"""")",47.00 ,3800,0,0,"3,800","178,600.00",,
2-09-4899-01,"APOSITO ELECTROESTATICO LAMINADO DE CARBON ACTIVADO DE BAJA ADHERENCIA SE SOLICITA TAMA•O: 20 CM X 10 CM (8"" X 4"")",36.75 ,2420,50,250,"2,720","99,960.00",,
2-09-4935-01,BANDAS ELµSTICAS PARA FORTALECIMIENTO.                    (SE SOLICITA SUAVE),103.91 ,9,27,9,45,"4,676.13",,
2-09-4965-01,"APOSITO ELECTROESTµTICO DE TRIPLE ACCI‡N SE SOLICITA TAMA•O: 10 CM X 10 CM (4"" X 4"")",24.00 ,0,0,0,0,0.00,,
2-09-5180-01,"AP‡SITO HIDROCOLOIDE (Est†ndar, Regular o Extra Absorbente).  SE SOLICITA  CUADRADO 10CM X 10CM",2.98 ,1040,120,680,"1,840","5,474.00",,
2-09-5191-01,RECIPIENTE DESECHABLE PARA SISTEMA DE DRENAJE TORµCICO DIGITAL (Se solicita de 300cc polipropileno) ,16.75 ,660,0,220,880,"14,740.00",,
2-09-5216-01,"AGUJAS PARA LOCALIZACION Y BLOQUEO DE NERVIO PERIFERICO.  SE SOLICITA TAMA•O 22Ga X 3 1/4"" ",11.80 ,60,0,0,60,708.00,,
2-09-5408-01,HIALURONATO S‡DICO,25.89 ,0,0,0,0,0.00,,
2-09-5410-01,"FORRO PROTECTOR DE COLCHON SE SOLICITA TAMA•O 38"" X 80""",44.88 ,0,0,690,690,"30,967.20",,
2-09-5422-01,"SUTURA: ACIDO POLIGLIC‡LICO TRENZADO, CALIBRE 3-0, LONGITUD 67 A 75 CM.  AGUJA DE 15 A 17 MM., 1/2 CIRCULO, PUNTA REDONDA. SE SOLICITA LONGITUD DE 75CM Y AGUJA DE 15MM",1.34 ,1872,0,624,"2,496","3,332.16",,
2-09-5460-01,MASCARILLA RECTANGULAR DE 3 PLIEGUES CON SUJECION EN LA OREJA. ,0.31 ,98000,12800,63500,"174,300","54,033.00",,
2-09-5463-01,"BATA DESECHABLE, PARA USO GENERAL NO ESTERIL .AAMI     NIVEL 3.  SE SOLICITA TAMA•O REGULAR O UNIVERSAL (MEDIANO -GRANDE)",0.58 ,0,0,0,0,0.00,,
2-09-5464-01,"BATA DESECHABLE, PARA USO GENERAL NO ESTERIL .AAMI NIVEL 3.       (SE SOLICITA TAMA•O GRANDE)",3.64 ,0,0,0,0,0.00,,
2-09-5591-01,VENDAJE NEUROMUSCULAR. SE SOLICITA DE 5CM X 5MT,12.50 ,2430,0,0,"2,430","30,375.00",,
2-09-5592-01,"MU•EQUERA CON BARRA DE 6? U 8? DERECHA O IZQUIERA, CON CIERRE DE VELCRO. SE SOLICITA  TAMA•O CHICO",40.69 ,0,0,0,0,0.00,,
2-09-5594-01,"INMOVILIZADOR DE RODILLA UNIVERSAL. SE SOLICITA TAMA•O  16"" DE LONGITUD",44.78 ,0,0,0,0,0.00,,
2-09-5596-01,INMOVILIZADOR ELµSTICO DE HOMBRO                           (SE SOLICITA TAMA•O SMALL)    ,44.65 ,0,0,0,0,0.00,,
2-09-5597-01,"CALCETA TUBULAR.    SE SOLICITA  MEDIA TEJIDA DE ALGOD‡N 2"" X 25 YARDAS DE LONGITUD",12.11 ,518,0,166,684,"8,279.82",,
2-09-5598-01,"MU•EQUERA CON BARRA DE 6? U 8? DERECHA O IZQUIERA, CON CIERRE DE VELCRO. SE SOLICITA  TAMA•O MEDIANO",40.00 ,0,0,0,0,0.00,,
2-09-5599-01,"MU•EQUERA CON BARRA DE 6? U 8? DERECHA O IZQUIERA, CON CIERRE DE VELCRO, SE SOLICITA  TAMA•O GRANDE ",40.69 ,147,0,49,196,"7,975.24",,
2-09-5602-01,"INMOVILIZADOR DE RODILLA UNIVERSAL                                                SE SOLICITATAMA•O 20"" DE LONGITUD",44.54 ,0,0,113,113,"5,033.02",,
2-09-5603-01,"INMOVILIZADOR DE RODILLA UNIVERSAL   SE SOLICITA  Tama§os : 24"". de longitud",40.52 ,0,0,55,55,"2,228.60",,
2-09-5604-01,INMOVILIZADOR ELµSTICO DE HOMBRO SE SOLICITA TAMA•O MEDIANO,14.54 ,0,0,98,98,"1,424.92",,
2-09-5644-01,SUTURA POLIGLACTINA 910 RECUBIERTO DE POLIGLACTINA 370 Y TRICLOSAN (SUTURA ACTIVA).CALIBRE 1 .   (SE SOLICITA AGUJA 36.4MM Y LONGITUD DE 90CM)                                                                                                                                                                                                                 ,5.36 ,0,1908,6876,"8,784","47,082.24",,
2-09-5645-01,"SUTURA MONOFILAMENTO POLIDIOXANONA  CALIBRE 1                                                                                                                                                                                                                                                                                                                                                                                                                                                         DESCRIPCION: Recubierta de triclosan color violeta, longitud entre 70cm y 90cm, con aguja de 36.4mm, 40mm ¢ 48mm de 1/2 circulo, punta ahusada. (SE SOLICITA CALIBRE 1 CON AGUJA 40MM Y LONGITUD DE 90 CM)",18.37 ,24,72,24,120,"2,204.40",,
2-09-5652-01,BANDEJA PARA CATETERIZACION VENOSO CENTRAL TRIPLE LUMEN PEDIATRICA.    SE SOLICITA MATERIAL DE CATETER CON POLIURETANO DIAMETRO 5FR X 15CM DE LONGITUD.,165.00 ,0,0,0,0,0.00,,
2-09-5660-01,"RECIPIENTE DESECHABLE PARA SISTEMA DE DRENAJE TORµCICO DIGITAL (Se solicita recipiente de 2000, polipropileno) ",135.00 ,0,0,2,2,270.00,,
2-09-5661-01,TUBO PARA SISTEMA DE DRENAJE TORµXICO DIGITAL CONEXI‡N SIMPLE SE SOLICITA 1.5 M,27.00 ,808,540,416,"1,764","47,628.00",,
2-09-5668-01,AGUJA PARA LA LOCALIZACION DE LESIONES MAMARIAS . SOLICITA CALIBRE 20 G A Y 10 cm                                                                                                       ,10.95 ,0,0,0,0,0.00,,
2-09-5850-01,AP‡SITO CON MATRIZ DE COLAGENO CON PLATA,50.00 ,0,0,0,0,0.00,,
2-09-5903-01,TIJERA PARA BISTURI ARMONICO CON CONTROL MANUAL Y ALTA FRECUENCIA.  SE SOLICITA VASTAGO DE 45CM,897.50 ,0,0,0,0,0.00,,
2-09-6036-01,"RESPIRADORES CONTRA PARTICULAS DE ALTA FILTRACION N95 CON O SIN VALVULA DE EXALACION. SE SOLICITA TAMA•O GRANDE, CON VALVULA DE EXALACI‡N ",5.70 ,0,0,0,0,0.00,,
2-09-6110-01,"EMPAQUES O COMPRESA CALIENTE. (SE SOLICITA TAMA•O ESTµNDAR DE 25CM X 30CM 10""X12"")",24.49 ,0,0,110,110,"2,693.90",,
2-09-6663-01,ROPA DESECHABLE DE NEUROCIRUG÷A,54.95 ,144,432,144,720,"39,564.00",,
2-09-7262-01,"FIJACION CUTANEO CON ADHESIVO DE SILICONA Y DOBLE PROTECCION ANTIMICROBIANA DE CLORHEXIDINA Y PLATA CON VENTANA SE SOLICITA TAMA•O: 6cm x 7cm
",18.50 ,5600,1700,2050,"9,350","172,975.00",,
2-09-7263-01,"FIJACION CUTANEO CON ADHESIVO DE SILICONA Y DOBLE PROTECCION ANTIMICROBIANA DE CLORHEXIDINA Y PLATA CON VENTANA SE SOLICITA TAMA•O: 10cm x 12cm
",29.50 ,10850,2125,4325,"17,300","510,350.00",,
2-09-7312-01,"GEL VISCOSO DE ACIDO HIALURONICO Y YODO, SE SOLICITA 22G CON ESPIGA DISPENSADORA",60.00 ,600,90,360,"1,050","63,000.00",,
2-09-7702-01,GORRO PARA VARON.,0.05 ,304200,25200,252500,"581,900","26,185.50",,
2-09-7703-01,GORRO PARA MUJERES.,0.03 ,2421000,83000,166600,"2,670,600","66,765.00",,
2-09-8172-01,ROPA DESECHABLE PARA LAPARATOMIA,13.09 ,0,0,0,0,0.00,,
2-09-8192-01,MANGA DE COMPRESION NEUMATICA SECUENCIAL Y/O INTERMITENTE PARA  PANTORRILLA PARA LA PROFILAXIS DE LA TROMBOSIS VENOSA PROFUNDA. SE SOLICITA TAMA•O GRANDE.,33.10 ,0,0,0,0,0.00,,
2-09-8193-01,MANGA DE COMPRESION NEUMATICA SECUENCIAL Y/O INTERMITENTE PARA  PANTORRILLA PARA LA PROFILAXIS DE LA TROMBOSIS VENOSA PROFUNDA. SE SOLICITA TAMA•O  MEDIANO,33.25 ,3770,360,1910,"6,040","200,830.00",,
2-09-8210-01,SISTEMA INTEGRADO DE CIERRE DE PUERTOS (DUAL) PARA PROCEDIMIENTOS LAPAROSC‡PICOS,201.34 ,0,0,0,0,0.00,,
2-09-8330-01,JERINGUILLA DE 1cc (?-100) PARA INSULINA DE RETRACCION. SE SOLICITA 30G X 8MM,0.34 ,93000,0,42000,"135,000","45,900.00",,
2-09-8331-01,JERINGUILLA DE 0.5cc (›ﬁ-100) PARA INSULINA DE RETRACCION     (SE SOLICITA 30G X 8MM),0.33 ,0,0,0,0,0.00,,
2-09-8334-01,SET DE ROPA DESECHABLE PARA DILATACION Y CURETAJE,20.42 ,4380,576,2716,"7,672","156,662.24",,
2-09-8335-01,FERULAS SINTETICAS EN ROLLO SE SOLICITA DE 15CM X 4.6M,184.94 ,32,0,122,154,"28,480.76",,
2-09-8336-01,"CATETER INTRAVENOSO DE BIOSEGURIDAD   (SE SOLICITA CATETER DE POLIURETANO TAMA•O 18G X 1 1/4"")",0.87 ,8000,7200,0,"15,200","13,224.00",,
2-09-8337-01,"CATETER INTRAVENOSO DE BIOSEGURIDAD.  SE SOLICITA CATETER DE POLIURETANO TAMA•O 20G X 1""  A 1 3/4""",1.40 ,0,0,0,0,0.00,,
2-09-8338-01,"CATETER INTRAVENOSO DE BIOSEGURIDAD SE SOLICITA CATETER DE POLIURETANO TAMA•O 22G X 1 """,1.07 ,0,0,0,0,0.00,,
2-09-8339-01,CATETER INTRAVENOSO DE BIOSEGURIDAD 1. CatÇter con sistema de seguridad de retracci¢n autom†tica al extraer la gu°a o aguja ,0.83 ,86600,120800,51200,"258,600","214,638.00",,
2-09-8340-01,CANULA NASOFARINGEA  DE 20 FR A  26 FR.  (SE SOLOCITA TAMA•0 26FR) ,3.81 ,7360,0,2460,"9,820","37,414.20",,
2-09-8342-01,"FILTRO DE C02 DESECHABLE (Se Solicita Con filtros de CO2 desechables (50 unidades) con su tuber°a seg£n fabricante, o Con filtros de CO2 desechables (100 unidades) sin tuber°a seg£n fabricante)",10.00 ,0,0,0,0,0.00,,
2-09-8345-01,SISTEMA DE DOS PIEZAS PARA COLOSTOMIA /ILEOSTOMIA PARA ADULTO ABIERTO. SE SOLICITO DIAMETRO EXTERNO DE 50MM,4.55 ,103590,0,43020,"146,610","667,075.50",,
2-09-8346-01,SISTEMA DE DOS PIEZAS PARA COLOSTOMIA/ILEOSTONIA PARA ADULTO ABIERTA. (SE SOLICITA DIAMETRO EXTERNO 57MM A 60MM),3.80 ,10260,14680,34260,"59,200","224,960.00",,
2-09-8347-01,CANULA NASOFARINGEA  DE 32 FR A 36 FR.  (SE SOLOCITA TAMA•0 36FR)        ,3.69 ,5850,0,1950,"7,800","28,782.00",,
2-09-8348-01,ENVASE PARA DESECHOS PUNZOCORTANTE SE SOLICITA TAMA•O 7.6 LITROS,5.50 ,981,72,667,"1,720","9,460.00",,
2-09-8349-01,ENVASE PARA DESECHOS PUNZOCORTANTE SE SOLICITA TAMA•O 22.7 LITROS,8.58 ,0,0,0,0,0.00,,
2-09-8350-01,ENVASE PARA DESECHOS PUNZOCORTANTE SE SOLICITA TAMA•O 1.4 LITROS,5.58 ,0,0,0,0,0.00,,
2-09-8475-01,GUANTES DE NITRILO CON PU•O EXTENDIDO. SE (SOLICITA TAMA•O EXTRA GRANDE),1.65 ,71000,54500,58000,"183,500","302,775.00",,
2-09-8512-01,COBERTOR CµMARA DE VIDEO (Se solicita tama§o  17CM X 242CM),2.77 ,3356,120,2878,"6,354","17,600.58",,
2-09-8545-01,LAMINA PROTECTORA DE SUPERFICIES AISLANTE DE FLUIDOS CONTAMINANTES.                           ,18.50 ,0,0,0,0,0.00,,
2-09-8656-01,APOSITO CON MATRIZ DE COLAGENO (Se solicita 2 pulgadas x 2 pulgadas (5cm x 5cm),15.50 ,4030,7290,7500,"18,820","291,710.00",,
2-09-8657-01,APOSITO CON MATRIZ DE COLAGENO (Se solicita 4 pulgadas x 4 pulgadas (10cm x 10cm),51.66 ,3800,2000,0,"5,800","299,628.00",,
2-09-8658-01,APOSITO CON MATRIZ DE COLAGENO (Se solicita 7 pulgadas x 7 pulgadas (18cm x 18cm),160.00 ,850,550,0,"1,400","224,000.00",,
2-09-8683-01,TERMOMETRO TIMPANICO DIGITAL   ( SE SOLICITA FUNDA O CUBERTOR DESECHABLE) ,0.05 ,13525000,253600,4831400,"18,610,000","930,500.00",,
2-09-8707-01,"SOLUCI‡N DE GLUCONATO DE CLORHEXIDINA AL 2% Y ALCOHOL AL 70%, PARA LA ASEPSIA PRE QUIRÈRGICA DE LA PIEL Y PARA ACCESOS VASCULARES. SE SOLICITA TUBO APLICADOR CON ESPONJA DE 35ML  ENTINTADO",9.00 ,0,0,0,0,0.00,,
2-09-8708-01,CATETER DE SUCCION NASO-FARINGEA CALIBRE 14FR LONGITUD 60CM ,0.25 ,0,0,0,0,0.00,,
2-09-8709-01,CATETER DE SUCCION NASO-FARINGEA CALIBRE 16FR LONGITUD 60CM ,0.25 ,0,0,0,0,0.00,,
2-09-8710-01,CATETER DE SUCCION NASO-FARINGEA CALIBRE 18FR LONGITUD 60CM ,0.25 ,0,0,0,0,0.00,,
2-09-8712-01,TIJERA LAPAROSC‡PICA PARA BISTURI ARMINICO CON CONTROL MANUAL Y ALTA FRECUENCIA. SE SOLICITA VASTAGO DE 17 CM ,"1,090.00 ",0,0,0,0,0.00,,
2-09-8713-01,"SISTEMA DE CATERIZACION VENOSA CENTRAL DE DOBLE O TRIPLE LUMEN CON 2 ANTIBIOTICOS (MINOCICLINA Y RIFAMPICINA), NEONATAL O PEDIµTRICO  (SE SOLICITA DOBLE LUMEN 4FR X 5M, DE POLIURETANO)",205.00 ,0,0,0,0,0.00,,
2-09-8714-01,"SISTEMA DE CATERIZACION VENOSA CENTRAL DE DOBLE O TRIPLE LUMEN CON 2 ANTIBIOTICOS (MINOCICLINA Y RIFAMPICINA), NEONATAL O PEDIµTRICO. SE SOLICITA 5FR X 8CM, DE DOS LUMENS DE POLIURETANO",205.00 ,0,0,0,0,0.00,,
2-09-8715-01,"SISTEMA DE CATERIZACION VENOSA CENTRAL DE DOBLE O TRIPLE LUMEN CON 2 ANTIBIOTICOS (MINOCICLINA Y RIFAMPICINA), NEONATAL O PEDIµTRICO,  SE SOLICITA 5FR X 12CM, DE POLIURETANO DE DOS LUMEN.",205.00 ,0,0,0,0,0.00,,
2-09-8716-01,"SISTEMA DE CATERIZACION VENOSA CENTRAL DE DOBLE O TRIPLE LUMEN CON 2 ANTIBIOTICOS (MINOCICLINA Y RIFAMPICINA), NEONATAL O PEDIµTRICO. SE SOLICITA DE TRES LUMENES 5FR X 12CM, DE POLIURETANO",205.00 ,0,0,0,0,0.00,,
2-09-8717-01,"SISTEMA DE CATERIZACION VENOSA CENTRAL DE DOBLE O TRIPLE LUMEN CON 2 ANTIBIOTICOS (MINOCICLINA Y RIFAMPICINA), NEONATAL O PEDIµTRICO. (SE SOLICITA 5FR X 15M, TRIPLE LUMEN DE POLIURETANO)",205.00 ,0,0,0,0,0.00,,
2-09-8718-01,"SISTEMA DE CATERIZACION VENOSA CENTRAL DE DOBLE O TRIPLE LUMEN CON 2 ANTIBIOTICOS (MINOCICLINA Y RIFAMPICINA), NEONATAL
O PEDIµTRICO.   SE SOLICITA 5FR X 8CM, DE TRES LUMENS DE POLIURETANO",205.00 ,0,0,0,0,0.00,,
2-09-8719-01,SISTEMA DE CATERIZACION VENOSA CENTRAL DE DOBLE   LUMEN CON 2 ANTIBIOTICOS 4FR X 8CM,205.00 ,0,0,0,0,0.00,,
2-09-8720-01,"TUBO DE EXTENSI‡N DE VENOCLISIS. SE SOLICITA DE 25"" DE LONGITUD",0.60 ,2400,400,1800,"4,600","2,760.00",,
2-09-8844-01,"SISTEMA CERRADO (ESPIGA) UNIDIRECCIONAL PARA EXTRACCI‡N DE SOLUCION EN BOTELLA O BOLSA, CON O SIN FILTRO DE AIRE Y CONECTOR LIBRE DE AGUJA. SE SOLICITA CON FILTRO",2.41 ,3300,0,600,"3,900","9,399.00",,
2-09-9108-01,ESTIMULADOR NERVIO VAGO (PROTESIS) ,"25,783.33 ",0,0,0,0,0.00,,
2-09-9683-01,MICROESFERAS DE POLIESTIRENO CARGADAS NEGATIVAMENTE,27.28 ,0,0,0,0,0.00,,
2-09-9753-01,CEPILLO PLANO PARA LIMPIEZA DE 75MM X 20MM X 15MM (RIGIDO) ,25.00 ,20492,2150,8064,"30,706","767,650.00",,
2-09-9755-01,CEPILLO PARA LIMPIAR 75mm x 20mm x 15mm (FLEXIBLE),25.00 ,18415,2345,7415,"28,175","704,375.00",,
2-09-9757-01,ESPONJA TEREFTALATO DE POLIETILENO      (SE SOLICITA ESPONJA),0.90 ,0,0,0,0,0.00,,
2-09-9910-01,"PELICULA DE SILICONA, CON PROTECCI‡N DE CLORHEXIDINA Y PLATA SE SOLICITA TAMA•O: 10 cm X 12 cm.",35.95 ,10415,2075,2400,"14,890","535,295.50",,
2-09-9911-01,"PELICULA DE SILICONA, CON PROTECCI‡N DE CLORHEXIDINA Y PLATA SE SOLICITA TAMA•O: 6 cm X 20 cm.",29.50 ,7850,2250,4060,"14,160","417,720.00",,
2-09-9912-01,"APOSITO PROTECTOR, SE SOLICITA TAMA•O 15CM X 15CM",23.38 ,0,0,0,0,0.00,,
2-09-9913-01,"APOSITO PROTECTOR, SE SOLICITA TAMA•O 20CM X 20CM",37.08 ,0,0,0,0,0.00,,
2-09-9914-01,"APOSITO ESPUMA , SE SOLICITA Tama§os con borde, 12.5X 12.5 CM",33.00 ,0,0,0,0,0.00,,
2-09-9915-01,"APOSITO ESPUMA, se solicita Tama§os sin borde 10CM X 20CM",27.00 ,0,0,0,0,0.00,,
2-09-9918-01,"APOSITO ESPUMA , se solicita Tama§os con borde 20CMX 26CM PARA TALON.",58.60 ,0,0,0,0,0.00,,
2-09-9926-01,ESTABILIZADOR DE CATETER SUPRA PUBICO O URETERAL,22.00 ,0,0,0,0,0.00,,
,,,"66,940,315","3,755,174","25,196,438","95,891,927","69,514,286.83",,
,,,,,,,,,
,,,,,,,,,
