209003502;CONECTOR PARA BOMBA DE INFUSION CON FILTRO DE AIRE.;TRAMITE USUAL ;4.48;0;0;17,800;17,800;79,744.00
209003700;AGUJA PARA NEUMOPERITONEO  (TIPO VERESS) PARA LAPARASCOPIA (Se solicita 120mm);TRAMITE USUAL;10.17;849;0;0;849;8,630.09
209007502;DETERGENTE ANIONICO EN POLVO PRESENTACION: PAQ.DE 4 LIBRAS;TRAMITE USUAL;35.5;20,614;245;540;21,399;759,631.55
209008100;AGUJA HIPODÉRMICA,  (SE SOLICITA CALIBRE 18G X 1  1/2 PULGADAS, 38MM DE LONGITUD);TRAMITE USUAL ;0.01;0;9,500;102,600;112,100;993.21
209008400;AGUJA HIPODÉRMICA,   (SE SOLICITA CALIBRE 21G, 1 PULGADAS, 25MM DE LONGITUD.) ;TRAMITE USUAL;0.02;0;39,800;37,300;77,100;1,156.50
209008500;AGUJA HIPODÉRMICA,  SE SOLICITA CALIBRE 21G X 1 1/2 PULGADAS, 38MM DE LONGITUD;TRAMITE USUAL;0.01;481,600;17,400;100,400;599,400;4,927.07
209008600;AGUJA HIPODÉRMICA, SE SOLICITA CALIBRE 22G X 1 PULGADAS, 25MM DE LONGITUD;TRAMITE USUAL ;0.02;0;0;0;0;0
209008700;AGUJA HIPODÉRMICA    (SE SOLICITA CALIBRE 22G X 1 1/2 PULGADAS, 38MM DE LONGITUD);TRAMITE USUAL ;0.03;2,145,400;680,000;94,200;2,919,600;72,990.00
209008800;AGUJA HIPODÉRMICA, (SE SOLICITA CALIBRE 23G X 1 PULGADAS 25MM DE LONGITUD);TRAMITE USUAL ;0.01;0;0;0;0;0
209008900;AGUJA HIPODÉRMICA,   SE SOLICITA CALIBRE 24G X 1 PULGADAS 25MM DE LONGITUD;TRAMITE USUAL;0.02;68,400;0;35,100;103,500;1,552.50
209009000;"AGUJA HIPODÉRMICA DESECHABLE (Se solicita calibre 25G de 1"" de longitud) ";TRAMITE USUAL;0.02;0;0;0;0;0
209009002;AGUJA HIPODÉRMICA    (SE SOLICITA CALIBRE 25G X 1 1/2 PULGADAS, 38MM DE LONGITUD);TRAMITE USUAL ;0.02;923,100;58,000;47,000;1,028,100;20,562.00
209009301;"PAPEL SATINADO PARA CAMILLA Y MESA DE EXAMEN.    (SE SOLICITA TAMAÑO 18"" ANCHO X 300 PIES LARGO)";TRAMITE USUAL;3.42;0;0;0;0;0
209011222;BANDEJA PARA CATETERIZACION VENOSA CENTRAL TRIPLE LUMEN.  SE SOLICITA CATETER DE POLIURETANO;TRAMITE USUAL;60.5;0;0;0;0;0
209011226;BANDEJA PARA CATETERIZACION VENOSO CENTRAL TRIPLE LUMEN CON 2 ANTIBIOTICOS (MINOCICLINA Y RIFAMPICINA).                                                                      (SE SOLICITA CATETER DE POLIURETANO ADULTO);TRAMITE USUAL ;262.5;280;20;280;580;152,250.00
209013300;RECIPIENTE DESECHABLE PARA SISTEMA DE DRENAJE TORÁCICO DIGITAL (Se solicita de 800cc de capacidad);TRAMITE USUAL ;22.72;12,376;180;24;12,580;285,852.32
209013400;TUBO PARA SISTEMA DE DRENAJE TORÁCICO DIGITAL CONEXIÓN DOBLE (Se solicita longitud de 1.5 mts). DEBE SER COMPATIBLE CON EL EQUIPO EXISTENTE EN LA INSTITUCIÓN.;TRAMITE USUAL ;23.61;300;0;0;300;7,083.00
209016801;ESPONJA HEMOSTATICA DE GELATINA ABSORBIBLE.   SE SOLICITA TAMAÑO 7x5x1CM ( 70MMX50MMX10MM );TRAMITE USUAL;3.09;0;0;0;0;0
209017402;JALEA LUBRICANTE ESTÉRIL  (SE SOLICITA TUBO DE 113 GM);TRAMITE USUAL;3.15;0;0;0;0;0
209018401;TRAJE DE PROTECCION PERSONAL (TIPO OVEROL) TAMAÑO L;TRAMITE USUAL;10.76;1,420,514;16,320;0;1,436,834;15,460,333.84
209018501;TRAJE DE PROTECCION PERSONAL (TIPO OVEROL)TAMAÑO XL;TRAMITE USUAL;10.76;1,068,160;0;3,600;1,071,760;11,532,137.60
209018800;APLICADOR DE GRAPAS AUTOMÁTICO PARA LAPAROSCOPIA (Se solicita con grapa de 10mm, 20 grapas, mediano / grande);TRAMITE USUAL ;70;0;0;0;0;0
209018801;APLICADOR DE GRAPAS AUTOMÁTICO PARA LAPAROSCOPIA  (SE SOLICITA TAMAÑO DE 5MM, 20 GRAPAS, MEDIANO / GRANDE);TRAMITE USUAL;137.5;0;0;0;0;0
209019006;"VENDA DE GASA PRESATURADAS DE CLORURO DE SODIO AL 20%   (TAMAÑO 6"" (15 CM ) X 6 3/4"" (17 CM ).";TRAMITE USUAL;5.12;0;0;0;0;0
209019200;"APLICADOR DE MADERA CON ALGODÓN, ESTÉRIL  (SE SOLICITA DE 6"")";TRAMITE USUAL ;0.02;1,472,600;123,400;114,100;1,710,100;34,202.00
209019501;APÓSITO HIDROCOLOIDE (FINO O EXTRA DELGADO)          (SE SOLICITA CUADRADO 15CM X 15CM).;TRAMITE USUAL ;2.71;7,920;1,320;660;9,900;26,779.50
209019502;APÓSITO HIDROCOLOIDE (Estándar, Regular o Extra Absorbente)                (SE SOICITA CUADRADO/IMPERMEABLE 20CM X 20CM).;TRAMITE USUAL ;4.98;0;0;0;0;0
209019503;APÓSITO HIDROCOLOIDE (FINO O EXTRA DELGADO)             (SE SOLICITA CUADRADO 10CM X 10CM);TRAMITE USUAL;1.65;57,600;2,240;180;60,020;99,033.00
209019504;APÓSITO HIDROCOLOIDE (Estándar, Regular o Extra Absorbente).  SE SOLICITA,  CUADRADO 15CM X 15CM;TRAMITE USUAL;3.8;21,300;260;0;21,560;81,928.00
209019507;APOSITO TRANSPARENTE ESTERIL. SE SOLICITA  CON VENTANA DE 8-10CM X 10-12.5CM;TRAMITE USUAL ;0.19;275,250;166,150;5,600;447,000;84,930.00
209019508;APOSITO TRANSPARENTE ESTERIL. SE SOLICITA CON VENTANA TAMAÑO DE 5-6CM X 7-8CM;TRAMITE USUAL;0.1;14,600;42,000;16,300;72,900;7,290.00
209019600;APOSITO OCULAR ADULTO ESTERIL;TRAMITE USUAL;0.07;83,100;31,000;1,500;115,600;8,092.00
209019900;INSTRUMENTO DE ENGRAPADO PARA CIERRE DE PIEL DESECHABLE ;TRAMITE USUAL ;7.22;0;0;0;0;0
209019902;INSTRUMENTAL DE ENGRAPADO TORACO ABDOMINAL Y REGARGA, DESECHABLE (Se solicita carga de 60mm, 3.5mm de altura de grapa abierta y 1.5mm de altura de grapa cerrada. Y por cada dos (2) instrumentos con carga, debe entregar una recarga adicional) ;TRAMITE USUAL ;124.14;0;0;0;0;0
209019903;INSTRUMENTO DE ENGRAPADO TORACO ABDOMINAL Y RECARGA DESECHABLE (Se solicita carga de 30mm, 3.5mm de altura de grapa abierta y 1.5mm de altura de grapa cerrada. Por cada dos (2) instrumentos con carga, debe entregar una recarga adicional) ;TRAMITE USUAL;123.7;0;0;0;0;0
209019904;INSTRUMENTO DE ENGRAPADO Y CORTE LINEAL PARA CIRUGÍA ABIERTA, DESECHABLE ;TRAMITE USUAL;120.54;0;0;0;0;0
209019905;INSTRUMENTAL DE ENGRAPADO TORACO ABDOMINAL Y RECARGA DESECHABLE (Se solicita instrumento recto, carga de longitud  de 90mm, altura de grapa abierta 3.5mm y altura de grapa cerrada 1.5mm. Por cada dos (2) instrumentos con carga, debe entregar una carga adicional) ;TRAMITE USUAL;187.85;0;24;0;24;4,508.40
209019906;INSTRUMENTO DE ENGRAPADO MECANICO CIRCULAR,DESECHABLE.   SE SOLICITA INSTRUMENTO CURVO CON GRAPA DE 29MM CON GRAPAS DE ALTURA MINIMA DE 4.8 MM ABIERTA O INDICADOR DE ESCALA DE COMPRENSION DE 2 MM CERRADA;TRAMITE USUAL;400;0;0;20;20;8,000.00
209019907;ENGRAPADORA  CIRCULAR CORTANTE CON YUNQUE ARTICULABLE PARA ANASTOMOSIS DIGESTIVA (Se solicita de 31mm, con grapas de altura mínima de 4.8mm abierta);TRAMITE USUAL;425.45;0;0;0;0;0
209019910;INSTRUMENTO DE ENGRAPADO MECÁNICO PARA FIJAR  MALLAS EN  HERNIAS, DESECHABLE, CON 10 GRAPAS O MAS, DE TITANIUM  DE 4.8mm (Por cada instrumento con su carga, debe entregar una carga adicional) ;TRAMITE USUAL;123.86;0;0;0;0;0
209020000;"INSTRUMENTO DE ENGRAPADO Y CORTE LINEAL RECTA ENDOSCOPICA CON O SIN
REGARGA,DESECHABLE     (SE SOLICITA Estándar: vástago de 16cm o longitud total de 34cm, LONGITUD DE 60MM DE LARGO, ALTURA DE GRAPA ABIERTA 3.5 Y CERRADA 1.5MM)                                                                                                                                                                                                                                                                                                                                                                                         Instrumento de engrapado de corte lineal de 12mm de diámetro.
";TRAMITE USUAL ;200;20;40;0;60;12,000.00
209020002;INSTRUMENTO DE ENGRAPADO Y CORTE LINEAL RECTA ENDOSCOPICA CON O SIN REGARGA,DESECHABLE (SE SOLICITA Estándar: vástago de 16cm o longitud total de 34cm, LONGITUD DE 60MM DE LARGO, ALTURA DE GRAPA ABIERTA 2.5 Y CERRADA 1.0MM)                                                                                                                                                                                                                                                                                                                                                                                        ;TRAMITE USUAL;230.91;0;0;0;0;0
209020600;INSTRUMENTO PARA LIGAR VASOS, DE TITANIUM, DESECHABLE (Se solicita tamaño chico);TRAMITE USUAL;56.77;0;288;0;288;16,349.76
209020700;ENGRAPADORA CURVA CORTANTE PARA TEJIDO GRUESO (CIRUGIA COLON RECTAL). Instrumento de engrapado quirúrgico curvo cortante , que permita un mejor acceso y visualizacion en la pelvis baja, dos dobles linea de grapas  y corte entre la segunda y tercera linea de grapas para cirugía colon rectal.;TRAMITE USUAL;1,220.18;0;0;0;0;0
209020902;RECARGA DE CLIP DE POLÍMERO NO ABSORBIBLE    (SE SOLICITA DE 7MM A 16MM. LA EMPRESA ENTREGARÁ A LA UNIDAD LA PINZA PARA APLICAR EL MISMO);TRAMITE USUAL;99.39;0;0;0;0;0
209021204;"BANDEJA PRE OPERATORIA PARA LAVADO DE PIEL. SE SOLICITA CON TENAZA Y DOS APLICADORES DE 3 PULGADAS CON PUNTA DE ALGODÓN
";TRAMITE USUAL;4.39;160;0;0;160;701.6
209021205;"BANDEJA DE ANESTESIA RAQUIDEA DESEHABLE CON MEDICAMENTO SE SOLICITA (CON INTRODUCTOR, AGUJA PUNTA DE LAPIZ/SPROTE 25G LARGO 136MM CON AGUJA 22G x 1 1/2"", Epinefrina 1:1000, ampolla de 1ml y efedrina sulfato 50mg/ml, ampolla de 1ml, y CON BUPIVACAINA PESADA).";TRAMITE USUAL ;34;0;0;0;0;0
209021504;"BOLSA MIXTA TERMOSELLABLE PARA ESTERILIZAR, 12"" X 16"" A 18""(304.8 MM X 406.4MM A 457.2 MM)";TRAMITE USUAL ;0.12;0;0;23,400;23,400;2,691.00
209021506;"BOLSA MIXTA TERMOSELLABLE PARA ESTERILIZACION 18"" X 24"" (450 X 600MM)";TRAMITE USUAL ;0.25;0;0;0;0;0
209021507;"ROLLO SIN FUELLE TERMOSELLABLE PARA ESTERILIZACIÓN, DE 3"" DE ANCHO X 660 PIES (7.5CM Ó 75MM X 200 Mts)";TRAMITE USUAL;12.3;0;0;0;0;0
209021508;"ROLLO SIN FUELLE TERMOSELLABLE PARA ESTERILIZACION 4"" DE ANCHO x 660' (10cm Ó 100mm x 200mts)";TRAMITE USUAL;14.54;0;0;0;0;0
209021510;"BOLSA MIXTA TERMOSELLABLE PARA ESTERILIZAR, 3"" X 10"" a 10 1/2"" (75 X 255 a 265MM) ";TRAMITE USUAL ;0.04;0;0;0;0;0
209021515;"BOLSA MIXTA TERMOSELLABLE PARA ESTERILIZAR 5 1/4"" A 5 1/2´´ X 10 1/2"" A 11´´(130MM A 140MM X 260MM A 280MM). ";TRAMITE USUAL;0.05;0;0;0;0;0
209021516;"BOLSA MIXTA TERMOSELLABLE PARA ESTERILIZAR, 8"" X 12"" (200 X 300MM)";TRAMITE USUAL;0.07;0;0;0;0;0
209021600;"BOLSA HIDROSOLUBLE SE SOLICITA TAMAÑO 28"" X 39""";TRAMITE USUAL ;0.78;53,600;0;0;53,600;41,808.00
209021701;BOLSA DE 1 PIEZA PARA COLOSTOMÍA/ILEOSTOMÍA PARA ADULTO RECORTABLE. ABIERTA.  SE SOLICITA CON FILTRO DE CARBON INCORPORADO Y DIAMETRO DE 10mm o 12mm hasta 55mm;TRAMITE USUAL ;2.63;1,351,440;12,600;5,760;1,369,800;3,602,574.00
209021702;BOLSA DE 1 PIEZA PARA COLOSTOMÍA/ILEOSTOMÍA PARA ADULTO RECORTABLE ABIERTA.                                                                                                                                       (SE SOLICITA CON FILTRO DE CARBON INCORPORADO Y DIAMETRO DE 10mm o 12mm hasta 70mm);TRAMITE USUAL ;3.03;1,161,680;8,100;5,760;1,175,540;3,561,886.20
209021807;BOLSA DE 1 PIEZA PARA COLOSTOMIA / ILEOSTOMIA PEDIATRICA, ABIERTA (RECORTABLE).  SE SOLICITA DE 10MM A  35MM;TRAMITE USUAL;3.71;4,950;3,000;0;7,950;29,454.75
209021908;SISTEMA DE DOS PIEZAS PARA UROSTOMÌA DE ADULTO CON DIÀMETRO EXTERNO. SE SOLICITA DE  DE 50MM;TRAMITE USUAL;6.5;25,200;1,000;3,200;29,400;191,100.00
209022100;"BOLSA COLECTORA DE ORINA PARA ADULTO.
";TRAMITE USUAL ;1.4;17,560;22,420;2,400;42,380;59,332.00
209022300;BOLSA COLECTORA DE ORINA DE 30 A 35 ONZA DE CAPACIDAD     (900CC A 1050CC) DE PIERNA . ;TRAMITE USUAL;0.55;7,256;4,800;4,512;16,568;9,112.40
209022305;BOLSA BIODEGRADABLE COLECTORA DE VOMITO.;TRAMITE USUAL;1.5;0;0;0;0;0
209024800;CUBIERTA DE ZAPATO (Se solicita sin cinta);TRAMITE USUAL ;0.05;17,454,800;0;0;17,454,800;872,740.00
209025901;BRAZALETE DE IDENTIFICACIÓN PEDIATRICA. SE SOLICITA: 8 PULGADAS DE LONGITUD;TRAMITE USUAL ;0.04;1,940,000;43,400;29,600;2,013,000;73,474.50
209026003;BRAZALETE DE IDENTIFICACIÓN PARA ADULTOS.                (SE SOLICITA: 12 PULGADAS DE LONGITUD);TRAMITE USUAL ;0.04;6,325,800;28,000;30,600;6,384,400;236,222.80
209026600;"CALCETA TUBULAR. SE SOLICITA TAMAÑO :  3 "" X 25 YARDAS DE ALGODON";TRAMITE USUAL;8.33;0;1,540;0;1,540;12,828.20
209026601;MEDIA ANTIDESLIZANTE. SE SOLICITA MEDIANA  (LONGITUD: 35cms, ANCHO 8.5cm);TRAMITE USUAL ;0.98;575,520;2,360;450;578,330;564,450.08
209026602;MEDIA ANTIDESLIZANTE                (SE SOLICITA GRANDE (Longitud: 40cms, ancho 9cm).;TRAMITE USUAL ;0.99;736,504;780;450;737,734;733,307.60
209026700;" CALCETA TUBULAR. SE SOLICITA TAMAÑO: 4 "" X 25 YARDAS.  DE ALGODON";TRAMITE USUAL;10.06;1,672;30;23;1,725;17,361.21
209027200;"CANULA INTRAVENOSA SIN JERINGUILLA SE SOLICITA DE 18G  X  1  1/4""  A  1  1/2"" DE  POLIURETANO
";TRAMITE USUAL;0.16;0;0;0;0;0
209027401;"CANULA INTRAVENOSA SIN JERINGUILLA SE SOLICITA DE POLIURETANO  CALIBRE # 22 G X  DE 1"" A  1  1/4"" .
";TRAMITE USUAL;0.26;400;0;0;400;105.26
209027402;"CÁNULA INTRAVENOSA SIN JERINGUILLA  (SE SOLICITA DE POLIURETANO, CALIBRE # 24, DE 3/4"")";TRAMITE USUAL;0.18;0;0;0;0;0
209027618;CATETER DE HISTEROSONOGRAFIA, 5Fr O 7FR. SE SOLICITA TAMAÑO  5FR Y BALON DE 3CC;TRAMITE USUAL;18.12;880;140;0;1,020;18,482.40
209028310;LIMPIEZA DE SUBCLAVIA CON CLOREXIDINA Y ALCOHOL .    (SE SOLICITA CON UN (1) APLICADOR);TRAMITE USUAL ;3.89;0;0;0;0;0
209028600; SONDA FOLEY DE LATEX RECUBIERTA CON SILICON, 2 VIAS CON BALON DE 3CC/ML   SE SOLICITA CALIBRE 10FR;TRAMITE USUAL;0.64;380;0;20;400;256.4
209028700;SONDA FOLEY DE LATEX RECUBIERTA CON SILICON , 2 VÍAS CON BALÓN DE 5 CC/ML. SE  SOLICITA  CALIBRE 12FR;TRAMITE USUAL;0.53;120;220;220;560;296.24
209028701;SONDA FOLEY DE LATEX RECUBIERTA CON SILICON , 2 VÍAS CON BALÓN DE 5 CC/ML.   SE SOLICITA  CALIBRE 18FR;TRAMITE USUAL ;0.51;580;1,220;2,680;4,480;2,284.80
209028702;SONDA FOLEY DE LATEX RECUBIERTA CON SILICON , 2 VÍAS CON BALÓN DE 5 CC/ML.  (SE SOLICITA CALIBRE 20FR);TRAMITE USUAL;0.49;3,290;4,100;2,030;9,420;4,606.38
209028703;SONDA FOLEY DE LATEX RECUBIERTA CON SILICON , 2 VÍAS CON BALÓN DE 5 CC/ML.     SE SOLICITA CALIBRE  22FR ;TRAMITE USUAL;0.49;22,180;1,780;2,130;26,090;12,784.10
209028800;SONDA FOLEY DE LATEX RECUBIERTA CON SILICON , 2 VÍAS CON BALÓN DE 5 CC/ML.     SE SOLICITA CALIBRE 14FR;TRAMITE USUAL ;0.44;23,860;100;1,010;24,970;10,986.80
209028801;SONDA FOLEY DE LATEX RECUBIERTA CON SILICON , 2 VÍAS CON BALÓN DE 5 CC/ML.  SE  SOLICITA  CALIBRE 16FR;TRAMITE USUAL ;0.56;12,170;100;1,830;14,100;7,931.25
209029810;SONDA FOLEY DE LATEX RECUBIERTA CON SILICÒN, 3 VÌAS CON BALÒN DE 30 CC.  SE SOLICITA CALIBRE 24FR;TRAMITE USUAL ;0.89;340;160;2,740;3,240;2,883.60
209029912;TROCAR PARA CIRUGIA LAPAROSCOPICA DE 2MM A 15MM DE DIAMETRO, PUNTA CORTANTE DESECHABLESE.  (SE  SOLICITA TROCAR COMPLETO DE 5MM DE DIAMETRO Y DOS CAMISAS ADICIONALES);TRAMITE USUAL;78.96;0;0;0;0;0
209029914;TROCAR PARA CIRUGIA LAPAROSCOPICA, DE 2 A 15 MM DE DIAMETRO, PUNTA CORTANTE, DESECHABLE.,                                                                                                          (SE SOLICITA TROCAR COMPLETO DE 12MM DE DIAMETRO Y DOS CAMISAS ADICIONALES) ;TRAMITE USUAL;71.08;0;0;0;0;0
209030001;JUEGO PARA ACCESO VENOSO PERIFÉRICO (CANALIZACIÓN);TRAMITE USUAL ;0.81;0;0;0;0;0
209030702;CERA DE HUESO. SE SOLICITA EN BASTÓN;TRAMITE USUAL;2.06;0;0;0;0;0
209030904;CINTA DE HILADILLO ESTERIL DE ALGODÓN TRENZADO;TRAMITE USUAL;2.91;0;0;0;0;0
209031000;"CINTA INDICADORA PARA ESTERILIZACION A VAPOR.  SE SOLICITA TAMAÑO  DE  1/2"" X 60 O MAS YARDAS.";TRAMITE USUAL ;5.28;0;0;0;0;0
209031001;"CINTA INDICADORA PARA ESTERILIZACION A VAPOR. SE SOLICITATAMAÑO 3/4"" X 60 Ó MAS YARDAS.";TRAMITE USUAL ;2.02;0;0;0;0;0
209031002;"CINTA INDICADORA PARA ESTERILIZACION A VAPOR                SE SOLICITA TAMAÑO  1"" X 60 O MAS YARDAS.";TRAMITE USUAL ;2.8;0;0;0;0;0
209031100;COBERTOR PARA SILLETA (PALETA);TRAMITE USUAL;0.4;28,000;0;0;28,000;11,200.00
209032201;PROTECTOR PLÁSTICO PARA EL OJO;TRAMITE USUAL ;8;0;6,768;3,072;9,840;78,720.00
209032301;LAPIZ DE CAUTERIO, DESECHABLE CON CONTROL MANUAL DUAL.;TRAMITE USUAL ;4.36;0;0;0;0;0
209032601;GEL PARA ELECTRODOS. SE SOLICITA TUBO DE 140 GRAMOS;TRAMITE USUAL;76.9;0;0;0;0;0
209032700;"PROTECTOR DE COLCHÓN, DESECHABLE, ABSORBENTE, DE ALGODON O DE POLIETILENO POR UN LADO, (SE SOLICITA TAMAÑO 58.4 cm x 91.4 cm  (23""x36"")  ALGODÓN.";TRAMITE USUAL ;2.88;0;0;0;0;0
209033101;VENDA AUTOADHERIBLE DE PLASTICO RECTANGULAR O LARGAS.        (CURITAS RECTANGULAR);TRAMITE USUAL;0.01;2,748,000;174,900;69,100;2,992,000;28,364.16
209033200;VENDA ADHESIVA DE PLÁSTICO REDONDA;TRAMITE USUAL;0.01;0;0;0;0;0
209033201;GRAPA PARA LIGAR CORDON UMBILICAL;TRAMITE USUAL ;0.35;0;0;0;0;0
209033306;BATA DESECHABLE, PARA USO GENERAL NO ESTERIL .AAMI     NIVEL 3.  SE SOLICITA TAMAÑO MEDIANO;TRAMITE USUAL;1.12;0;0;0;0;0
209033311;BATA QUIRURGICA ESTERIL .AAMI NIVEL 3. SE SOLICITA TAMAÑO MEDIANO;TRAMITE USUAL;1.12;77,200;0;0;77,200;86,464.00
209033312;BATA QUIRURGICA ESTERIL .AAMI NIVEL 3. SE SOLICITA TAMAÑO GRANDE;TRAMITE USUAL ;22.84;0;0;0;0;0
209033314;BATA QUIRURGICA ESTERIL .AAMI NIVEL 4. SE SOLICITA TAMAÑO MEDIANO;TRAMITE USUAL ;1.18;0;0;0;0;0
209033315;BATA QUIRURGICA ESTERIL .AAMI NIVEL 4.    (SE SOLICITA TAMAÑO GRANDE).;TRAMITE USUAL ;1.39;0;0;0;0;0
209033316;BATA QUIRURGICA ESTERIL .AAMI NIVEL 4.  SE SOLICITA TAMAÑO EXTRA GRANDE;TRAMITE USUAL;0.19;0;0;0;0;0
209033400;DEPRESOR DE LENGUA, ESTÉRIL  ;TRAMITE USUAL;0.02;0;0;0;0;0
209033600;DISECTOR CURVO    (MARYLAND)      PARA CIRUGIA LAPAROSCÓPICA.;TRAMITE USUAL ;59.33;0;396;102;498;29,546.34
209034201;CONECTOR LIBRE DE AGUJA (ESPIGA UNIVERSAL) PARA SOLUCIONES PARENTERALES, UNIDIRECCIONAL O BIDIRECCIONAL.                                                                                     SE SOLICITA: CON VÁLVULA ANTIRREFLUJO UNIDIRECCIONAL;TRAMITE USUAL;2.21;199,200;10,000;1,700;210,900;466,089.00
209034510;ELECTRODO DE MICROPORE PARA MONITOREO DE ADULTO                                                                                                    ;TRAMITE USUAL;0.07;0;0;0;0;0
209034512;ELECTRODO PARA  EKG MODELO PESTAÑA.                          SE SOLICITA: TAMAÑO NIÑO (PEDIATRICO);TRAMITE USUAL ;0.06;0;0;0;0;0
209034700;"APOSITO ABDOMINAL 8"" X 10"" y 10"" x 12"" DE LONGITUD.  SE SOLICITA TAMAÑO: 8"" X 10"" DE LONGITUD. ";TRAMITE USUAL ;0.48;0;0;0;0;0
209034901;"ESPONJA DESECHABLE CON JABON NEUTRO. SE SOLICITA: TAMAÑO 20CM X 10CM X 1.0CM    
";TRAMITE USUAL ;0.3;70,200;0;0;70,200;21,060.00
209035001;"TOALLA SANITARIA MATERNAL; TOALLA SANITARIA TIPO PERINEAL,     (SE SOLICITA EXTRA GRANDE DE 11 A 12 PULGADAS. NO ESTERIL)";TRAMITE USUAL;0.1;0;0;0;0;0
209035201;"CINTA ADHESIVA DE TELA DE ALGODON (ESPARADRAPO).  SE SOLICITA TAMAÑO DE 2"" X 10 Yds";TRAMITE USUAL ;2.89;32,760;864;3,084;36,708;106,049.41
209035202;"CINTA ADHESIVA DE TELA DE ALGODON (ESPARADRAPO)  (SE SOLICITA TAMAÑO DE 3"" X 10 Yds).";TRAMITE USUAL ;4.78;5,507;1,824;5,688;13,019;62,165.73
209035203;"CINTA  ADHESIVA DE PLASTICO TRANSPARENTE. SE SOLICITA DE 2.5CM X 910CM                                                                                                                                                                                                                                 CINTA ADHESIVA DE PLASTICO TRANSPARENTE, HIPOALERGENICO, RESISTENTE A LA HUMEDAD (IMPERMEABLE),
TAMAÑO DE 1/2´´ A 3´´POR 10 YARDA O MAS DE LONGITUD.
LA INSTITUCION SOLICITARA EL TAMAÑO QUE REQUIERA.";TRAMITE USUAL;0.42;0;4,900;0;4,900;2,058.00
209035300;CINTA ADHESIVA DE TELA DE ALGODON (ESPARADRAPO) DE CORTE SURTIDO;TRAMITE USUAL;16.38;25,740;252;1,366;27,358;448,124.04
209035400;"CINTA ADHESIVA DE PAPEL MICROPOROSO. (SE SOLICITA DE 2"" DE ANCHO X 10 YARDAS DE LONGITUD).                                                                                                                                                                                                                                  
";TRAMITE USUAL ;1.95;30;0;0;30;58.5
209035401;"CINTA ADHESIVA DE PAPEL MICROPOROSO. (SE SOLICITA DE 3"" X 10 Yads)                                                                                                                                                                                                                                                                      ";TRAMITE USUAL;1.95;302;330;0;632;1,232.40
209036301;CONECTOR O EQUIPO PARA INFUSIÓN DE SOLUCIÓN PARENTERAL, CON DOS FILTRO .;TRAMITE USUAL;0.17;16,925,996;108,000;0;17,033,996;2,895,779.32
209036501;"GASA SIMPLE  TAMAÑO 3"" X 3"",12 DOBLECES NO ESTERIL.";TRAMITE USUAL ;0.01;202,600;235,000;115,000;552,600;5,526.00
209036503;"GASA SIMPLE 4"" X 4"" CON 16 DOBLECES, NO ESTERIL.";TRAMITE USUAL ;0.05;0;0;0;0;0
209036505;"GASA SIMPLE 8"" X 4"" CON 12 DOBLECES, NO ESTÉRIL.   ";TRAMITE USUAL ;0.07;0;0;0;0;0
209037800;GUANTES DE EXPLORACIÓN DE LÁTEX, NO ESTÉRIL (SE SOLICITA TAMAÑO CHICO).;TRAMITE USUAL;0.05;1,266,000;112,000;100,000;1,478,000;73,900.00
209037801;GUANTES DE EXPLORACIÓN DE LÁTEX, NO ESTÉRIL (SE SOLICITA TAMAÑO MEDIANO). ;TRAMITE USUAL;0.05;397,000;77,000;108,000;582,000;29,100.00
209037802;GUANTES DE EXPLORACIÓN DE LÁTEX, NO ESTÉRIL (Se solicita tamaño grande) ;TRAMITE USUAL ;0.09;0;0;0;0;0
209037900;"GUANTE QUIRURGICO DE LATEX ESTERIL.  SE SOLICITA TAMAÑO 6  1/2""  ";TRAMITE USUAL;0.24;1,200;0;0;1,200;282
209037901;"GUANTES QUIRURGICO DE LATEX ESTERI (SE SOLICITA TAMAÑO 7 "").";TRAMITE USUAL;0.25;0;0;0;0;0
209037902;"GUANTES QUIRURGICO DE LATEX ESTERIL   (SE SOLICITA TAMAÑO 7 1/2"")";TRAMITE USUAL ;0.16;0;0;0;0;0
209037903;"GUANTES QUIRURGICO DE LATEX ESTERIL  (SE SOLICITA TAMAÑO 8"").";TRAMITE USUAL ;1.03;0;0;0;0;0
209038100;"ALGODON COMPRIMIDO 100% (SE SOLICITA  3"" x 4 YARDAS)
";TRAMITE USUAL ;0.73;0;0;0;0;0
209038101;"VENDAJE DE 100% DE ALGODÓN COMPRIMIDO, NO ESTÉRIL (Se solicita tamaño 4""x 4) ";TRAMITE USUAL;1.4;584;0;1,200;1,784;2,488.68
209038102;"ALGODON COMPRIMIDO 100% - 6"" x 4 YARDAS  (SE SOLICITA TAMAÑO 6 x 4"")";TRAMITE USUAL ;1.06;0;0;0;0;0
209038200;HOJA, BISTURÍ, ACERO INOXIDABLE Nº10;TRAMITE USUAL;0.1;6,200;14,400;0;20,600;2,060.00
209038201;HOJA DE BISTURÍ  DE ACERO INOXIDABLE (SE SOLICITA TAMAÑO N° 11);TRAMITE USUAL ;1.04;0;0;0;0;0
209038203;HOJA DE BISTURÍ  DE ACERO INOXIDABLE (SE SOLICITA TAMAÑO N° 15);TRAMITE USUAL ;1.04;0;0;500;500;517.5
209038204;HOJA DE BISTURÍ  DE ACERO INOXIDABLE (SE SOLICITA TANAÑO N° 23) ;TRAMITE USUAL ;1.08;3,400;3,000;19,000;25,400;27,305.00
209038206;CUCHILLETE ESPATULADO ESTILO CRESCENT ;TRAMITE USUAL;15;76;66;120;262;3,930.00
209038207;CUCHILLA PARA FACOEMULSIFICACIÓN (Se solicita de 2.65mm);TRAMITE USUAL;15.23;4,944;0;0;4,944;75,272.40
209038208;CUCHILLA PARA FACOEMULSIFICACIÓN.                             (SE SOLICITA TAMAÑO  3.2MM);TRAMITE USUAL ;10.5;0;0;0;0;0
209039500;JERINGUILLA 2 ONZ. ( 60ML);TRAMITE USUAL;0.8;0;1,600;0;1,600;1,280.00
209039800;JERINGUILLA DE 2-3 ML DE CAPACIDAD CON AGUJA DE 21 G X 1½ PULGADAS.;TRAMITE USUAL;0.1;0;0;0;0;0
209039900;JERINGUILLA DE 5 -6 ML,     (SE SOLICITA CON AGUJA 21 G X 1½ PULGADAS);TRAMITE USUAL ;0.02;181,100;168,300;330,700;680,100;14,819.38
209040100;AGUJA METALICA CON PISTOLA AUTOMATICA PARA TOMA DE BIOPSIA.  (SE SOLICITA EL TAMAÑO 18G  X 10 A 25CM.);TRAMITE USUAL ;31.9;1,040;0;80;1,120;35,728.00
209040200;JERINGUILLA DE 10 -12 ML, CON AGUJA DE 21 G X 1½ PULGADAS.;TRAMITE USUAL ;0.03;95,000;43,800;180,300;319,100;10,294.17
209040500;CANULA PARA IRRIGACION, CAUTERIO Y SUCCION ENDOSCOPICA DE GANCHO DE 5MM.;TRAMITE USUAL;54.98;0;0;0;0;0
209040600;SISTEMA CERRADO PARA DRENAJE DE FLUIDOS CONTINUOS REDONDO.  SE SOLICITA DE 10mm CON RESERVORIO DE 100CC;TRAMITE USUAL;9.44;0;0;0;0;0
209040601;SISTEMA CERRADO PARA DRENAJE DE FLUIDOS CONTINUOS REDONDO.              (SE SOLICITARA DE 7mm CON RESERVORIO DE 100CC);TRAMITE USUAL ;3.93;0;0;0;0;0
209040900;JERINGUILLA 20-25 ML,       (SE SOLICITA PUNTA DE ROSCA SIN AGUJA);TRAMITE USUAL;0.04;6,083,320;21,400;155,600;6,260,320;277,206.97
209041200;JERINGUILLA 50-60ML. SE SOLICITA  50ml, PUNTA ROSCA S/AGUJA;TRAMITE USUAL;0.21;1,064,500;23,900;11,000;1,099,400;225,377.00
209041900;"JERINGUILLA DE TUBERCULINA CON AGUJA 25 G X 5/8"".";TRAMITE USUAL ;3.45;0;0;1,200;1,200;4,140.00
209041901;"JERINGUILLA DE TUBERCULINA     (SE SOLICITA CON AGUJA 26 G X 3/8"")";TRAMITE USUAL ;0.02;5,192,400;82,800;10,400;5,285,600;111,631.87
209042805;ROPA DESECHABLE PARA CIRUGIA ARTROSCOPICA;TRAMITE USUAL ;25.33;0;0;0;0;0
209043101;MASCARA DE TIENDA PARA OXIGENO DE ADULTO CON TUBO CORRUGADO;TRAMITE USUAL;2;0;400;200;600;1,200.00
209043200;RESPIRADORES CONTRA PARTICULAS DE ALTA FILTRACION N95 CON O SIN VALVULA DE EXALACION.        (SE SOLICITA TAMAÑO GRANDE , SIN VALVULA DE EXALACION).;TRAMITE USUAL ;0.92;0;0;0;0;0
209044100;LLAVE DE TRES VIAS CON DOS (2) CONECTORES,ESTÉRIL.;TRAMITE USUAL;0.38;324,400;500;8,100;333,000;124,875.00
209044300;"MALLA PARA REFORZAR PLANOS ANATOMICOS  SE SOLICITA DE 7.5 CM X 12.5CM                                                                                                                                                                                                                                                                                                                                        Para reparación tisular convencional y laparoscópica.
Especificaciones: 
1. Estéril.
2. Polipropileno monofilamentoso no absorbible.
3. Flexible.
4. Bordes lisos redondeados.
5. Autoexpandible.
6. Tamaños:
• 7.5cm a 30.4cm (3” a 12”) x 7.5cm a 35.5cm (3” a 14”).";TRAMITE USUAL;48;0;0;0;0;0
209044400;MALLA PARA REFORZAR PLANOS ANATOMICOS. SE SOLICITA TAMAÑO DE 15 CM X 15CM;TRAMITE USUAL ;19.6;0;0;0;0;0
209044401;"MALLA PARA REFORZAR PLANOS ANATOMICOS, 3"" A 10"" (7.5 A 25.4CM.) X 5"" A 14"" ( 12.5CM  A 35CM),  (SOLICITAMOS  22.9CM X 35CM.)";TRAMITE USUAL;65.67;0;0;0;0;0
209045000;MASCARILLA RECTANGULAR CON VISOR  (SE SOLICITA CON VISOR PARA ADULTO);TRAMITE USUAL;0.16;1,733,132;11,600;11,000;1,755,732;278,634.67
209045100;MASCARILLA PARA OXIGENO DE MEDIA CONCENTRACION  (SE SOLICITA TAMAÑO ADULTO ALARGADA SIN RESVORIO )                                                                                                                                                                                                                                                            ;TRAMITE USUAL ;1.66;0;0;0;0;0
209045200;MASCARILLA RECTANGULAR DESECHABLE CUATRO TIRAS , CON O SIN VISOR.                      (SE SOLICITA  SIN VISOR TAMAÑO ADULTO);TRAMITE USUAL;0.09;0;0;0;0;0
209045301;"CONECTOR PARA ADMINISTRACION DE SOLUCION INTRAVENOSA CON BURETA (MICROGOTERO) (SE SOLICITA SITIO DE INYECCION CON MENBRANA  Y SITIO EN""Y""  LIBRE DE AGUJA) (SOLICITAMOS LIBRE DE AGUJA.)
";TRAMITE USUAL;2.31;9,820;9,000;8,400;27,220;62,742.10
209045304;MICRONEBULIZADOR CON MASCARA           (SE SOLICITA TAMAÑO PEDIÁTRICO);TRAMITE USUAL ;0.4;56,500;1,800;12,000;70,300;28,376.60
209045306;MICRONEBULIZADOR CON MASCARA.          (SE SOLICITA TAMAÑO ADULTO);TRAMITE USUAL ;0.41;16,600;1,000;10,400;28,000;11,604.60
209045502;ALGODÓN EN MOTAS (Se solicita mota de 0.7gr) ;TRAMITE USUAL;0.01;22,680,800;600,000;1,406,000;24,686,800;123,434.00
209046111;"PAÑAL DESECHABLE PARA RECIEN NACIDO HASTA 5 LIBRAS (2.27Kg)                                                                                                                                                                                                                                                         
";TRAMITE USUAL;0.22;0;0;0;0;0
209046112;"PAÑAL DESECHABLE PARA ADULTO                 (SE SOLICITA TAMAÑO DE CINTURA 45"" A  58"" ( 114.3 CM A 147.32 CM)DE TELA NO TEJIDA)";TRAMITE USUAL;0.41;103,160;0;0;103,160;41,779.80
209046113;PAÑAL DESECHABLE PARA NIÑO.                                           (SE SOLICITA  PESO DE 6 LBS A 14 LBS);TRAMITE USUAL ;0.25;0;0;0;0;0
209046114;PAÑAL DESECHABLE PARA NIÑO  SE SOLICITA PESO DE 12 A 24 LBS.                                                                                                                                                                                                                                                      ;TRAMITE USUAL;0.28;0;0;0;0;0
209046700;"PAPEL PARA ESTERILIZAR GRADO MÉDICO (MINIMO DE 60 GRAMOS POR METRO CUADRADO),                  (SE SOLICITA DE 8"" X 8"" (20 CMS X 20 CMS).";TRAMITE USUAL;0.03;0;0;0;0;0
209046701;"PAPEL PARA ESTERILIZAR GRADO MÉDICO (MINIMO DE 60 GRAMOS POR METRO CUADRADO) SE SOLICITA DE 12"" X  12"" (30 CMS X 30 CMS)";TRAMITE USUAL ;0.06;114,500;40,000;28,000;182,500;10,037.50
209046704;"PAPEL PARA ESTERILIZAR GRADO MÉDICO (MINIMO 60 GRAMOS POR METRO CUADRADO), SE SOLICITA DE 16"" X  16"" (40 CMS X 40 CMS)";TRAMITE USUAL ;0.04;0;0;0;0;0
209046705;"PAPEL PARA ESTERILIZAR GRADO MÉDICO (MINIMO 60 GRAMOS POR METRO CUADRADO),  SE SOLICITA 18"" X 18"" (46 CMS. X 46 CMS.)";TRAMITE USUAL ;0.08;0;0;0;0;0
209046707;"PAPEL PARA ESTERILIZAR GRADO MÉDICO (MINIMO DE 60 GRAMOS POR METRO CUADRADO),             (SE SOLICITA DE 24"" X 24"" 60 CMS. X 60 CMS.)";TRAMITE USUAL;0.12;0;0;0;0;0
209046709;"PAPEL PARA ESTERILIZAR GRADO MÉDICO (MÍNIMO 60 GRAMOS POR METRO CUADRADO),  SOLICITAMOS 30"" X 30"" (75 CMS. 75 CMS).";TRAMITE USUAL ;0.22;0;0;0;0;0
209047500;PINZA DE AGARRE LAPAROSCOPICA CON DIENTE, 5MM DESECHABLE;TRAMITE USUAL;60.54;0;0;0;0;0
209047501;INSTRUMENTO PARA LIGAR VASOS DE TITANIUM, DESECHABLE  (SE SOLICITA TAMAÑO GRANDE);TRAMITE USUAL ;82.14;0;216;80;296;24,313.44
209047502;INSTRUMENTO PARA LIGAR VASOS DE TITANIUM, DESECHABLE  (SE SOLICITA TAMAÑO MEDIANO);TRAMITE USUAL ;60.89;0;0;0;0;0
209047600;PLACA PARA IMPRESIÓN PLANTAR;TRAMITE USUAL ;1.15;0;0;0;0;0
209048600;SISTEMA CERRADO PARA DRENAJE DE FLUIDOS CONTINUOS. SE SOLICITA DE 19FR.(7MM), 1/4 Y DE SILICONA RESERVORIO 400CC A 450CC;TRAMITE USUAL;33.69;0;0;0;0;0
209048901; SISTEMA PARA ASPIRACION DE MUESTRA DE MUCOSIDADES (TRAMPA);TRAMITE USUAL;1.05;14,400;0;3,000;17,400;18,297.84
209049500;JUEGO DE BOLSA DESECHABLE PARA CADÁVER;TRAMITE USUAL ;6.93;37,382;300;1,300;38,982;270,145.26
209049600;CONECTOR LIBRE DE AGUJAS PARA ACCESOS VASCULARES VENOSOS;TRAMITE USUAL;0.47;0;0;0;0;0
209049700;SET DESECHABLE PARA REMOVER PUNTOS DE SUTURAS. SE SOLICITA PINZA DE METAL;TRAMITE USUAL;1.77;0;0;0;0;0
209049704;SISTEMA DE CATÉTER URETERAL DOBLE J, PARA ADULTO.                    (SE SOLICITA DIAMETRO DE 6FR);TRAMITE USUAL ;70.93;0;0;0;0;0
209049800;"BANDEJA PARA PREPARACIÓN Y RASURADO DE LA PIEL
DESECHABLE PARA LA PREPARACION Y RASURADO DE LA PIEL, COMPUESTO POR: 1- BANDEJA PLÀSTICA CON COMPARTIMIENTOS. 2- UNA MAQUINA DE RASURAR CON SU HOJA. 3- GASA 4"" X 4"". 4- CON SOLUCION JABONOSA DE BETHADINE. 5- DOS (2) APLICADORES DE 3"" CON PUNTA DE ALGODÒN. 6- DOS (2)TOALLAS PARA LA LIMPIEZA.BANDEJA PARA PREPARACION Y RASURADO DE LA PIEL.";TRAMITE USUAL ;1.29;0;0;0;0;0
209049802;RECIPIENTE PARA SUCCION  SE SOLICITA Con válvulas de cierre;TRAMITE USUAL;1.67;1,170;200;1,150;2,520;4,205.88
209049803;RECIPIENTE PARA SUCCION      SE SOLICITA Con válvulas de cierre -Capacidad De  2000 A 3000 cc DEBE ENTREGAR LOS EQUIPOS Y CONECTORES NECESARIOS PARA SU UTILIZACION, MINIMO 300 UNIDADES O SER COMPATIBLE CON EQUIPO EN LA INSTITUCION ADJUDICACION GLOBAL CON EL RENGLON 367;TRAMITE USUAL;1.67;4,644;0;0;4,644;7,750.84
209050104;SISTEMA DE SUCCION E IRRIGACION LAPAROSCOPICA CON ESPATULA;TRAMITE USUAL;54.97;9,848;90;40;9,978;548,460.73
209051000;SONDA LISA DE CAUCHO BLANDO ROJO PARA CATETERISMO URETRAL. SE SOLICITA TAMAÑO 8 FR;TRAMITE USUAL ;0.4;0;80;160;240;95.23
209051001;SONDA LISA DE CAUCHO BLANDO ROJO PARA CATETERISMO URETRAL. (SE SOLICITA TAMAÑO 10 FR);TRAMITE USUAL;0.4;0;2,200;2,160;4,360;1,730.05
209051002;SONDA LISA DE CAUCHO BLANDO ROJO PARA CATETERISMO URETRAL. (SE SOLICITA TAMAÑO 12 FR);TRAMITE USUAL;0.44;0;4,200;260;4,460;1,940.10
209051003;SONDA LISA DE CAUCHO BLANDO ROJO PARA CATETERISMO URETRAL. (SE SOLICITA TAMAÑO 14 FR);TRAMITE USUAL ;0.39;1,220;2,400;670;4,290;1,661.09
209051004;SONDA LISA DE CAUCHO BLANDO ROJO PARA CATETERISMO URETRAL. SE SOLICITA  TAMAÑO 16FR;TRAMITE USUAL ;0.64;41,220;900;600;42,720;27,127.20
209051005;SONDA LISA DE CAUCHO BLANDO ROJO PARA CATETERISMO URETRAL. (SE SOLICITA TAMAÑO 18 FR);TRAMITE USUAL ;0.42;0;0;0;0;0
209051201;"CATETER DE SUCCION NASO-FARINGEA . SE SOLICITA, CALIBRE 8FR DE 35CM DE LONGITD, CON GRADUACION Y PRESENTACION LONGITUDINAL.
";TRAMITE USUAL;0.99;0;0;0;0;0
209051300;"CATETER DE SUCCION NASO-FARINGEA . SE SOLICITA, CALIBRE 10FR DE 45CM DE LONGITD, CON GRADUACION Y PRESENTACION LONGITUDINAL.

";TRAMITE USUAL ;0.72;0;0;0;0;0
209051301;CATETER DE SUCCION NASO-FARINGEA. (SE SOICITA, CALIIBRE 12FR DE 45CM DE LONGITD, CON GRADUACION Y PRESENTACION LONGITUDINAL.);TRAMITE USUAL ;0.45;0;0;0;0;0
209051302;"CATETER DE SUCCION NASO-FARINGEA . SE SOLICITA, CALIBRE 14FR DE 45CM DE LONGITUD, CON GRADUACION Y PRESENTACION LONGITUDINAL.

";TRAMITE USUAL;0.59;0;0;0;0;0
209051303;CATETER DE SUCCION NASO-FARINGEA. (SE SOLICITA, CALIBRE 16FR DE 45CM DE LONGITD, CON GRADUACION Y PRESENTACION LONGITUDINAL.);TRAMITE USUAL;0.59;0;0;0;0;0
209051304;"CATETER DE SUCCION NASO-FARINGEA SE SOLICITA CALIBRE 18Fr,45cm DE LONGITUD CON GRADUACION Y PRESENTACION LONGITUDINAL
";TRAMITE USUAL ;0.74;0;0;0;0;0
209051901;"MALLA HEMOSTATICA  (SE SOLICITA TIPO MALLA 2"" X 14"", 5CM X 35CM)                                                                                                                                                                                                                                                                                                                            ";TRAMITE USUAL;21.5;0;0;0;0;0
209051902;"MALLA HEMOSTATICA       SE SOLICITA  TIPO MALLA 4"" X 8"", 10CM X 20CM";TRAMITE USUAL;31.94;0;0;0;0;0
209051903;MALLA HEMOSTATICA (SE SOLICITA TIPO TELA DE 7.6 CM X 10.2CM DE LARGO).;TRAMITE USUAL ;72.17;0;0;0;0;0
209051906;MALLA QUIRURGICA TRIDIMENSIONAL PARA REFORZAR PLANOS ANATOMICOS  SE SOLICITA  4.5CM X 7.5CM                                                                                                                                                                                                                      ;TRAMITE USUAL ;194.12;0;0;0;0;0
209051907;MALLA QUIRURGICA TRIDIMENSIONAL PARA REFORZAR PLANOS ANATOMICOS  (SE SOLICITA 4.5CMS X 10CM  (BASE DE 10CMS TAMAÑO GRANDE)                                                                                                                                                                                                                      ;TRAMITE USUAL ;206.11;0;0;0;0;0
209052001;MALLA EXPANDIBLE TUBULAR            (SE SOLICITA TAMAÑO 1);TRAMITE USUAL;3.62;0;344;76;420;1,521.46
209052002; MALLA EXPANDIBLE TUBULAR. SE SOLICITA  TAMAÑO 2 CON CODIFICACIÓN DE COLORES. ;TRAMITE USUAL;3.13;0;170;0;170;532.1
209052004; MALLA EXPANDIBLE TUBULAR.  SE SOLICITA TAMAÑO 4;TRAMITE USUAL;4.28;0;812;27;839;3,592.43
209052005;MALLA EXPANDIBLE TUBULAR.           (SE SOLICITA TAMAÑO 5);TRAMITE USUAL;6.89;0;0;0;0;0
209052006; MALLA EXPANDIBLE TUBULAR.  SE SOLICITA TAMAÑO 6;TRAMITE USUAL;6.99;0;0;0;0;0
209052007;MALLA EXPANDIBLE TUBULAR.  SE SOLICITA TAMAÑO 7;TRAMITE USUAL ;8.68;0;0;0;0;0
209052008;MALLA EXPANDIBLE TUBULAR.   (SE SOLICITA TAMAÑO 8 SIN CODIFICADOR DE COLORES);TRAMITE USUAL ;9.28;26,824;1,130;95;28,049;260,298.09
209052009;MALLA EXPANDIBLE TUBULAR. SE SOLICITA TAMAÑO 9 SIN CODIFICADOR DE COLORES.;TRAMITE USUAL ;16.23;972;1,163;189;2,324;37,706.90
209052102;"FÉRULA CERVICAL PARA CUELLO DE DOS PIEZAS, TIPO PHILADELPHIA CIRCUNFERENCIA: PEQUEÑO DE 10"" A 13"". ALTURA: DE 2¼ A 3¼";TRAMITE USUAL;10.82;252;0;0;252;2,727.69
209052103;"FÉRULA CERVICAL PARA CUELLO DE DOS PIEZAS, TIPO PHILADELPHIA, CIRCUNFERENCIA: MEDIANO DE 13"" A 16"". ALTURA: DE 2¼ A 4¼";TRAMITE USUAL ;11.3;0;0;0;0;0
209052104;"FÉRULA CERVICAL PARA CUELLO DE DOS PIEZAS, TIPO PHILADELPHIA (Se solicita circunferencia grande de  16"" a 19"", altura de 1½"" a 5¼"")                                                                                                   ";TRAMITE USUAL;14.11;708;20;6;734;10,356.74
209052502;TAPÓN ESTÉRIL HEPARINIZADO  PARA CIERRE TEMPORAL DE CÁNULA  INTRAVENOSA Y ADMINISTRACIÓN DE MEDICAMENTOS A INTERVALOS REGULARES, CON MEMBRANA RESISTENTE A MÚLTIPLES PUNCIONES. CON CONEXIÓN DE ROSCA (LUER LOCK).   ;TRAMITE USUAL ;0.16;0;0;0;0;0
209052801;"TIJERA CURVA PARA CIRUGIA LAPAROSCÓPICA.   Utilizada para la ralización de procedimientos laparóscopicas
Especificaciones:
1. De 5 mm de diámetro. 
2. Vástago de 29 a 44cm de largo y debe rotar 360°.
3. Recubierto con plástico aislante contra quemaduras.
4. Con conexión de electrocauterio unipolar.
5. Eje de 31 mm. de largo.
6. Hoja cortante de 16mm. de largo cobertura máxima de 8 mm.
7. Estéril.
8. Desechable.";TRAMITE USUAL;34.22;958;0;0;958;32,782.76
209053500;TUBO UNIVERSAL DE PLASTICO.  SE SOLICITA DE 6 MM. (1/4 DE PULGADA) DE LONGITUD DE 30 MT. (100PIES);TRAMITE USUAL;9.93;480;0;0;480;4,764.00
209054600;"TUBO NASOGASTRICA TIPO LEVIN .SOLICITAMOS TAMAÑO 8 FR, LONG 120CM.
";TRAMITE USUAL ;1.12;0;0;0;0;0
209054601;"TUBO NASOGASTRICA TIPO LEVIN. SOLICITAMOS TAMAÑO 10FR, LONG 120CM
";TRAMITE USUAL;0.62;1,744;0;531;2,275;1,399.13
209054602;"TUBO NASOGASTRICA TIPO LEVIN. SOLICITAMOS TAMAÑO 12 FR, LONG 120CM
";TRAMITE USUAL;0.98;1,050;340;585;1,975;1,925.63
209054603;TUBO NASOGASTRICA TIPO LEVIN (SOLICITAMOS TAMAÑO 14FR, LONG 120CM);TRAMITE USUAL ;0.92;7,600;40;100;7,740;7,120.80
209054700;TUBO NASOGASTRICA TIPO LEVIN. SOLICITAMOS TAMAÑO 18 FR, LONG 120CM;TRAMITE USUAL ;1.05;12,550;88;200;12,838;13,415.71
209054800;"TUBO NASOGÁSTRICO TIPO LEVIN (Se solicita de 16 FR, longitud 120cm)  
";TRAMITE USUAL ;0.96;10,710;50;100;10,860;10,371.30
209055601;TUBO ENDOTRAQUEAL CON BALON            (SE SOLICITA TAMAÑO DE 7MM);TRAMITE USUAL;0.51;99,366;1,540;970;101,876;52,262.39
209055602;TUBO ENDOTRAQUEAL CON BALON.      SE SOLICITA TAMAÑO DE 7.5MM;TRAMITE USUAL;0.51;137,820;440;970;139,230;71,424.99
209055603;TUBO ENDOTRAQUEAL CON BALON             (SE SOLICITA TAMAÑO DE 8MM);TRAMITE USUAL ;0.51;96,688;670;840;98,198;50,375.57
209055604;TUBO ENDOTRAQUEAL CON BALON.                                      (SE SOLICITA TAMAÑO DE 8.5MM);TRAMITE USUAL;0.51;0;840;0;840;430.92
209055901;CANÚLA DE TRAQUEOSTOMÍA. SE SOLICITA TAMAÑO N° 8;TRAMITE USUAL;46.25;525;0;152;677;31,311.25
209055904;CANÚLA DE TRAQUEOSTOMÍA.                      (SE SOLICITA TAMAÑO N° 6);TRAMITE USUAL ;39.99;136;272;24;432;17,275.68
209056301;CÁNULA OROFARINGEA TIPO BERMAN (SE SOLICITA DE 90MM ADULTO).;TRAMITE USUAL ;232;21,800;3,000;400;25,200;5,846,400.00
209056302;CANULA OROFARINGEA TIPO BERMAN.  SE SOLICITA DE 100MM ADULTO;TRAMITE USUAL ;0.53;0;0;0;0;0
209056400;"SONDA O TUBO PARA ALIMENTACIÓN ENTERAL DE 5 FR A 20FR (Se solicita calibre 5FR y 38cm de longitud) 
";TRAMITE USUAL;1.72;0;0;0;0;0
209056500;SONDA O TUBO PARA ALIMENTACION ENTERAL DE 5 FR A 20FR.        (SE SOLICITA CALIBRE 8 FR Y 38CM DE LONGITUD);TRAMITE USUAL ;0.55;57,000;550;200;57,750;31,762.50
209056700;"TUBOS DE DRENAJE TIPO PENROSE.    SE SOLICITA 1/4"" 6.35MM x 45.7 CM";TRAMITE USUAL;0.97;1,600;30;0;1,630;1,577.84
209056702;"TUBO DE DRENAJE TIPO PEMROSE. SE SOLICITA DE:  1/2"" (12.70MM)  X 12"" (30.5CM)  DE LONGITUD";TRAMITE USUAL;0.97;0;0;0;0;0
209056800;CANULA NASAL PARA ADMINISTRAR OXIGENO (SE SOLICITA TAMAÑO ADULTO);TRAMITE USUAL;0.86;0;0;0;0;0
209056801;CANULA NASAL PARA ADMINISTRAR OXIGENO. SE SOLICITA: TAMAÑO PEDIATRICO;TRAMITE USUAL;0.18;0;0;0;0;0
209057600;VASO PLÁSTICO DESECHABLE  PARA MEDICAMENTO          (SE SOLICITA SIN TAPA);TRAMITE USUAL ;0.01;2,633,800;23,300;203,000;2,860,100;28,601.00
209057702;"VENDA ABDOMINAL QUIRÚRGICA . SE SOLICITA  TAMAÑO 18 X 18"" PULGADAS.                                                                                                                                                                                                                          
Venda abdominal de gasa prelavada, Estéril De 8¨ a 18"" x 18""a 36¨ Malla de 20 a 24 x 28 hilos, Cuatro a seis(4-6) dobleces. Con elemento radio-opaco. LA INSTITUCION SOLICITARA EL TAMAÑO REQUERIDO.";TRAMITE USUAL;0.4;0;0;0;0;0
209057800;"VENDA AJUSTABLE DE GASA ABSORBENTE DE 1 A 2 DOBLECES (Se solicita de 1"") ";TRAMITE USUAL;0.16;0;0;0;0;0
209057801;"VENDA AJUSTABLE DE GASA ABSORBENTE DE 1 A 2 DOBLECES. SE SOLICITA TAMAÑO DE  2""";TRAMITE USUAL;0.08;0;0;0;0;0
209057802;"VENDA AJUSTABLE DE GASA ABSORBENTE DE 1 A 2 DOBLECES. SE  SOLICITA  TAMAÑO DE  3""";TRAMITE USUAL;0.12;0;0;0;0;0
209057803;"VENDA AJUSTABLE DE GASA ABSORBENTE DE 1 A 2 DOBLECES. SE  SOLICITA TAMAÑO DE  4""";TRAMITE USUAL;0.14;0;0;0;0;0
209058002;"VENDA DE GASA SIMPLE 1 A 4"" DE ANCHO                                                                                                                                                                                                              ";TRAMITE USUAL;0.24;0;0;0;0;0
209058003;"VENDA DE GASA SIMPLE  (Se solicita de 4"" de ancho y 10yds de longitud). ";TRAMITE USUAL;0.6;0;0;0;0;0
209058100;"VENDA ELASTICA  SE SOLICITA 2"" DE ANCHO X 5"" YARDAS DE LONGITUD                                                                                                                                                                                                                                                                            ";TRAMITE USUAL ;0.65;0;0;0;0;0
209058101;"VENDA ELASTICA  SE SOLICITA 3"" DE ANCHO X 5"" YARDAS DE LONGITUD                                                                                                                                                                                                                                                                               ";TRAMITE USUAL;0.26;0;0;0;0;0
209058102;"VENDA ELASTICA  SE SOLICITA 4"" DE ANCHO X 5"" YARDAS DE LONGITUD                                                                                                                                                                                                                                                                               ";TRAMITE USUAL;1.34;0;0;0;0;0
209058103;"VENDA ELASTICA  SE SOLICITA 6"" DE ANCHO X 5"" YARDAS DE LONGITUD                                                                                                                                                                                                                                                                               ";TRAMITE USUAL;0.69;0;0;0;0;0
209058300;"VENDA DE YESO     (SE SOLICITA DE FRAGUADO RÁPIDO DE 3"" X 3 YARDAS, DE MAXIMO DE 5 MINUTOS)";TRAMITE USUAL ;1.11;5,864;1,344;864;8,072;8,959.92
209058301;"VENDA DE YESO . SE SOLICITA DE FRAGUADO RÁPIDO MAXIMO DE 5 MINUTOS DE 4"" X 3 YARDAS";TRAMITE USUAL;2.02;0;0;0;0;0
209058302;"VENDA DE YESO         SE SOLICITA DE FRAGUADO RÁPIDO MAXIMO DE 5 MINUTOS DE  4"" X 5 YARDAS";TRAMITE USUAL;2.42;216;0;0;216;522.72
209058303;"VENDA DE YESO  SE SOLICITA DE FRAGUADO RÁPIDO MAXIMO DE 5 MINUTOS DE 5"" X 5 YARDAS";TRAMITE USUAL ;2.45;0;8,144;0;8,144;19,952.80
209058304;"VENDA DE YESO    SE SOLICITA DE FRAGUADO RÁPIDO MAXIMO DE 5 MINUTOS DE 6"" X 5 YARDAS";TRAMITE USUAL;2.85;10,272;0;2,064;12,336;35,157.60
209058306;"VENDA DE YESO   SE SOLICITA DE FRAGUADO RÁPIDO MAXIMO DE  5 MINUTOS DE  8"" X 5 YARDAS";TRAMITE USUAL;3.71;0;1,648;1,344;2,992;11,100.32
209058400;VENDA DE GASA ABSORBENTE AJUSTABLE,  6 DOBLECES;TRAMITE USUAL;0.39;0;0;0;0;0
209058900;SUTURA CATGUT CRÓMICO, CALIBRE 0, LONGITUD 67 A 75 CM.  AGUJA DE 35 A 37MM, DELGADA, ½ ÍIRCULO, PUNTA REDONDA. ;TRAMITE USUAL;1.14;78,792;1,368;576;80,736;91,635.36
209059200;SUTURA: CATGUT CRÓMICO, CALIBRE 1;TRAMITE USUAL;0.75;0;0;0;0;0
209059300;SUTURA: CATGUT CRÓMICO, (SE SOLICITA CALIBRE 1);TRAMITE USUAL ;0.82;0;0;0;0;0
209059400;SUTURA: CATGUT CRÓMICO, CALIBRE 1, LONGITUD 75 CM,  AGUJA DE  37 MM, GRUESA, ½ CÍRCULO, PUNTA REDONDA GRUESA. ;TRAMITE USUAL;1.21;10,080;372;432;10,884;13,169.64
209059700;SUTURA: CATGUT CRÓMICO, CALIBRE 2-0;TRAMITE USUAL;1.4;0;0;0;0;0
209059800;SUTURA: CATGUT CRÓMICO CALIBRE  2-0,  SE SOLICITA DE LONGITUD DE 75 CM CON AGUJA DE 37 MM PUNTA REDONDA DELGADA;TRAMITE USUAL ;0.95;972;720;0;1,692;1,607.40
209059901;SUTURA: CATGUT SIMPLE, CALIBRE 2-0, LONGITUD 67 A 75cm, AGUJA DE 20 A 22mm, ½ CÍRCULO, PUNTA REDONDA ESTÉRIL ;TRAMITE USUAL ;1.39;0;912;0;912;1,267.68
209060000;SUTURA: CATGUT CRÓMICO, CALIBRE 3-0;TRAMITE USUAL;1.7;0;0;0;0;0
209060300;SUTURA: CATGUT CROMICO, CALIBRE 4-0;TRAMITE USUAL;0.73;0;0;0;0;0
209060500;SUTURA: CATGUT CRÓMICO, CALIBRE  5-0, LONGITUD 45 CM. AGUJA DE 12 o 13 MM., ? CÍRCULO, PUNTA CORTANTE ESTÉRIL. ;TRAMITE USUAL;1.12;7,632;672;1,020;9,324;10,442.88
209062502;SUTURA: POLIPROPILENO MONOFILAMENTO AZUL, CALIBRE 0;TRAMITE USUAL ;0.87;0;0;0;0;0
209062504;SUTURA: POLIPROPILENO MONOFILAMENTO AZUL, CALIBRE 2-0, AGUJA REDONDA LONGITUD 75 A 90 CM. AGUJA DOBLE DE 25 A 26 MM., ½ CÍRCULO, PUNTA REDONDA ESTÉRIL. ;TRAMITE USUAL;1.18;0;0;48;48;56.64
209062506;SUTURA DE POLIPROPILENO MONOFILAMENTO AZUL,CALIBRE1;TRAMITE USUAL;0.93;0;5,280;2,208;7,488;6,975.22
209062602;SUTURA: NYLON MONOFILAMENTO, CALIBRE 3-0;TRAMITE USUAL ;0.51;0;0;0;0;0
209062701;"SUTURA NYLON MONOFILAMENTO, CALIBRE 3-0
Con longitud 75 cm. con aguja de 24 mm., 3/8 circulo, punta cortantes reverso estéril.";TRAMITE USUAL ;0.47;0;0;0;0;0
209062704;SUTURA: NYLON MONOFILAMENTO, CALIBRE 4-0;TRAMITE USUAL ;0.5;0;0;0;0;0
209062902;SUTURA: NYLON MONOFILAMENTO, CALIBRE 10-0, LONGITUD 30CM, DOBLE AGUJA DE ;TRAMITE USUAL;3.6;0;0;0;0;0
209063300;SUTURA: NYLON MONOFILAMENTO,          (SE SOLICITA CALIBRE 6-0);TRAMITE USUAL ;1.25;0;0;0;0;0
209063306;SUTURA: NYLON MONOFILAMENTO, CALIBRE 5-0, LONGITUD 45 CM., AGUJA DE 19 MA 20 MM., ? CÍRCULO, PUNTA CORTANTE. ;TRAMITE USUAL;0.61;0;0;0;0;0
209063308;SUTURA: POLIPROPILENO MONOFILAMENTO, CALIBRE 7-0;TRAMITE USUAL;2.65;0;1,344;0;1,344;3,555.89
209063313;SUTURA MONOFILAMENTO POLIDIOXANONA CALIBRE 4-0 Descripción del producto: Sutura Monofilamento de Polidioxanona recubierta de triclosan ,incolora,    (SE SOLICITA: calibre 4-0,longitud 45cm, aguja de 19mm,3/8 circulo,punta cortante.);TRAMITE USUAL;7.2;0;0;0;0;0
209063317;SUTURA MONOFILAMENTO POLIDIOXANONA  CALIBRE 1 SE SOLICITA CON AGUJA 36.4MM Y LONGITUD DE 70 CM                                                                                                                                                                                                                                                                                                                                                                                                                                                          ;TRAMITE USUAL;17.78;0;0;0;0;0
209063318;"SOLUCION ADHESIVA TOPICA PARA LA SUTURA DE LA PIEL  (SE SOLICITA DE 0.5ML
ESTERIL DE USO UNICO, EN ENVASE BURBUJA CON PUNTA, APLICADOR, DE FORMULACION MONOMETRICA DE (2
OCTIL CIANOACRILATO) Y CON BARRERA MICROBIAL DE 0.25ML,0.50ML,0.75ML DE LIQUIDO ADHESIVO.)";TRAMITE USUAL ;42.63;0;0;0;0;0
209063402;SUTURA: ÁCIDO POLIGLICÓLICO TRENZADO, CALIBRE  0, SE SOLICITA AGUJA DE 26 MM LONGITUD 75CM;TRAMITE USUAL;0.82;0;0;0;0;0
209063404;SUTURA: ACIDO POLIGLICOLICO TRENZADO, CALIBRE 0, LONGITUD 70 CM. AGUJA DE 37 MM. GRUESA 1/2 CIRCULO, PUNTA REDONDA ESTERIL. ;TRAMITE USUAL;0.9;0;144;0;144;129.6
209063406;SUTURA: ACIDO POLIGLICOLICO TRENZADO, CALIBRE 1,   SE SOLICITA AGUJA DE 35 MM. LONGITUD 70CM;TRAMITE USUAL ;1;0;0;0;0;0
209063500;SUTURA: ÁCIDO POLIGLICÓLICO TRENZADA, CALIBRE 2-0;TRAMITE USUAL;1.59;0;864;0;864;1,373.76
209063504;SUTURA: ÁCIDO POLIGLICÓLICO TRENZADO, CALIBRE 1 LONGITUD 67 A 75 CM. AGUJA DE 35 A 37 MM., 1/2 CÍRCULO, PUNTA REDONDA GRUESA.                                                                                              SOLICITAMOS: AGUJA CALIBRE 36MM LONG 70CM ;TRAMITE USUAL ;0.96;2,460;384;888;3,732;3,582.72
209063509;SUTURA ACIDO POLIGLICOLICO TRENZADO, CALIBRE 4-0, SE SOLICITA AGUJA 19MM, 3/8 CIRCULO PUNTA CORTANTE ESTERIL, LONGITUD 45CM;TRAMITE USUAL;2.76;0;0;0;0;0
209063510;SUTURA: ACIDO POLIGLICÓLICO TRENZADO, CALIBRE 4-0;TRAMITE USUAL;0.87;0;0;0;0;0
209063513;SUTURA: ÁCIDO POLIGLICÓLICO TRENZADO, CALIBRE 3-0 ;TRAMITE USUAL;1.58;6,216;0;432;6,648;10,503.84
209063802;SUTURA ACIDO POLIGLICOLICO TRENZADO, (SE SOLICITA CALIBRE 6-0);TRAMITE USUAL;6.67;0;0;0;0;0
209064000;SUTURA: SEDA NEGRA TRENZADA SILICONIZADA CALIBRE 0;TRAMITE USUAL;0.47;0;0;0;0;0
209064200;SUTURA: SEDA NEGRA TRENZADA SILICONIZADA CALIBRE 1.;TRAMITE USUAL ;0.87;0;0;0;0;0
209064201;SUTURA: SEDA NEGRA TRENZADA SILICONIZADA, CALIBRE 1,  SE SOLICITA   LONGITUD 75CM.,  10 HEBRAS;TRAMITE USUAL ;1.59;0;0;0;0;0
209064400;SUTURA: SEDA NEGRA TRENZADA SILICÓN IZADA CALIBRE 2.0    SE SOLICITA LONGITUD 75CM, 10 HEBRAS;TRAMITE USUAL ;0.91;0;0;0;0;0
209064500;SUTURA: SEDA NEGRA TRENZADA SILICONIZADA CALIBRE 2.0                  (SE SOLICITA DE LONGITUD 75CM);TRAMITE USUAL;0.81;0;0;0;0;0
209064600;SUTURA: SEDA NEGRA TRENZADA SILICÓNIZADA, CALIBRE 3-0;TRAMITE USUAL ;1.08;0;0;0;0;0
209064701;SUTURA: SEDA NEGRA TRENZADA SILICONIZADA, CALIBRE 3-0;TRAMITE USUAL;0.5;0;0;0;0;0
209064800;SUTURA: SEDA NEGRA TRENZADA SILICONIZADA CALIBRE 3.0   SE SOLICITA AGUJA DE 22 MM;TRAMITE USUAL;0.49;0;0;0;0;0
209065300;SUTURA: SEDA NEGRA TRENZADA SILICONIZADA, CALIBRE 4-0, LONGITUD 45cm, AGUJA DE 12 A 13mm, ? CÍRCULO, PUNTA CORTANTE, ESTÉRIL;TRAMITE USUAL;0.72;0;0;0;0;0
209065500;SUTURA: SEDA NEGRA TRENZADA  SILICONIZADA, CALIBRE 6-0. SE SOLICITA LONGITUD 45 CM.  AGUJA DE 11 A 12 MM., 3/8 CIRCULO, PUNTA CORTANTE;TRAMITE USUAL ;1.63;2,880;576;576;4,032;6,572.16
209066101;SUTURA: POLIPROPILENO MONOFILAMENTO CALIBRE 3-0, DE LONGITUD 90CM, DOBLE AGUJA DE 25 - 26MM, 1/2 CÍRCULO PUNTA REDONDA ESTÉRIL;TRAMITE USUAL;1.36;3,480;192;1,008;4,680;6,363.96
209069700;PLANCHA DE CAUTERIO DESECHABLE;TRAMITE USUAL;3.29;900;0;0;900;2,956.50
209076301;APOSITO PROTECTOR, SE SOLICITA TAMAÑO 10CM X 10CM;TRAMITE USUAL ;16.81;14,000;0;0;14,000;235,270.00
209076401;APOSITO DE ESPUMA, se solicita Tamaños con borde 15 CM X 20 CM;TRAMITE USUAL;38.7;5,000;0;0;5,000;193,500.00
209076501;APOSITO DE ESPUMA, se solicita Tamaños sin borde 12.5CM X 12.5CM;TRAMITE USUAL;26.5;3,600;0;0;3,600;95,400.00
209076601;APOSITO DE ESPUMA, se solicita Tamaños SIN BORDEN 20CM X 20CM;TRAMITE USUAL;47.8;4,200;0;0;4,200;200,760.00
209076701;CAPA POROSA O BIOMATRIZ, SE SOLICITA TAMAÑO 10 cm x 10 cm, con 420 agujeros de 1600 micrones.;TRAMITE USUAL;60;0;4,060;500;4,560;273,600.00
209077401;SOLUCIÓN PARA LAVADO, IRRIGACIÓN Y DESBRIDAMIENTO DE HERIDAS, se solicita Botella con tapa rosca 500ml;TRAMITE USUAL ;25;0;790;0;790;19,750.00
209077501;SOLUCIÓN PARA LAVADO, IRRIGACIÓN Y DESBRIDAMIENTO DE HERIDAS, se solicita, Dispensador en aerosol con tapa atomizador 250 ml;TRAMITE USUAL;20.25;0;668;0;668;13,527.00
209077601;SOLUCIÓN PARA LAVADO, IRRIGACIÓN Y DESBRIDAMIENTO DE HERIDAS, se solicita tamaño en bolsas con puerto de irrigación de 1000 ml.;TRAMITE USUAL;62.41;360;796;204;1,360;84,870.80
209077701;SOLUCIÓN PARA LAVADO, IRRIGACIÓN Y DESBRIDAMIENTO DE HERIDAS, SE SOLICITA EL TAMAÑO Compresa presaturada Empaque individual de gasa de 8 capas de 10 cm x 10 cm.;TRAMITE USUAL ;6.91;0;260;0;260;1,795.30
209077801;SOLUCIÓN PARA LAVADO, IRRIGACIÓN Y DESBRIDAMIENTO DE HERIDAS SE SOLICITA, Gel Dispensador en spray aerosol 100 g.;TRAMITE USUAL ;47.51;0;0;0;0;0
209091701;"ESPUMA DE POLIURETANO (PU) CON SISTEMA DE CONTROL DE CARGA DE TRANSPIRACIÓN CONTINUA, se solicita 4"" x 5"" (10.2 cm x 12.7 cm)";TRAMITE USUAL ;28.9;0;0;0;0;0
209091801;"ESPUMA DE POLIURETANO (PU) CON SISTEMA DE CONTROL DE CARGA DE TRANSPIRACIÓN CONTINUA, se solicita ""8x8""(20.3 cm x 20.3 cm)";TRAMITE USUAL;73.42;0;0;0;0;0
209091901;"ESPUMA DE POLIURETANO CON SISTEMA DE CONTROL DE CARGA IMPERMEABLE, se solicita ""4 x 5"" (10.2cm x 12.7 cm)";TRAMITE USUAL ;27.8;0;140;0;140;3,892.00
209092001;"ESPUMA DE POLIURETANO CON SISTEMA DE CONTROL DE CARGA IMPERMEABLE, se solicita ""8x8""(20.3 cm x 20.3 cm)";TRAMITE USUAL ;73.42;0;1,180;0;1,180;86,635.60
209092101;ESPUMA DE ALCOHOL POLIVINILICO CON SISTEMA DE CONTROL DE CARGA,    (SE SOLICITA ,EXUDADO MODERADO SIN PELÍCULA DE RETENCIÓN DE HUMEDAD 15.2 cm x 15.2 cm (6” x 6”).;TRAMITE USUAL ;14.61;870;1,660;500;3,030;44,268.30
209092201;ESPUMA DE ALCOHOL POLIVINILICO CON SISTEMA DE CONTROL DE CARGA,      (SE SOLICITA PARA TUNELIZACION DE 9 mm (1.2g);TRAMITE USUAL;14.61;0;2,260;0;2,260;33,018.60
209092301;ESPUMA DE ALCOHOL POLIVINILICO CON SISTEMA DE CONTROL DE CARGA,     (SE SOLICITA, EXUDADO MODERADO SIN PELÍCULA DE RETENCIÓN DE HUMEDAD, TAMAÑO 10.2 cm x 10.2 cm (4” x 4”).;TRAMITE USUAL;56.25;0;2,360;0;2,360;132,750.00
209092401;"ESPUMA DE ALCOHOL POLIVINILICO CON SISTEMA DE CONTROL DE CARGA,    ( SE SOLICITA , EXUDADO ABUNDANTE SIN PELÍCULA DE RETENCIÓN DE HUMEDAD TAMAÑO De forma isla adherente de 10.2 cm x 12 cm (4"" x 4.75"") y espuma de 5 cm x 7 cm (2"" x 2.75"").";TRAMITE USUAL ;34.98;0;0;0;0;0
209094100;CUCHILLA PARA PODADORA DE VELLOS Y CABELLOS CON SISTEMA OSCILANTE (Ofrecer Nueva Tecnologia) SE SOLICITAN UN MINIMO DE 100;TRAMITE USUAL;3.11;46,400;800;2,000;49,200;152,766.00
209100700;ESPECULO VAGINAL   SE SOLICITA TAMAÑO CHICO;TRAMITE USUAL;0.22;0;0;0;0;0
209100701;ESPECULO VAGINAL    SE SOLICITA TAMAÑO MEDIANO;TRAMITE USUAL ;1.24;264,600;1,400;3,100;269,100;332,338.50
209100702;ESPECULO VAGINAL    SE SOLICITA TAMAÑO GRANDE  ;TRAMITE USUAL ;1.23;123,200;3,100;5,800;132,100;162,483.00
209111100;SUTURA ÁCIDO POLIGLICOLICO TENZADO            (SE SOLICITA CALIBRE 3-0).;TRAMITE USUAL ;0.94;64,916;0;576;65,492;61,491.09
209111200;SUTURA DE ÁCIDO POLIGLICÓLICO CALIBRE 0 DE 60-75CM DE LONGITUD.;TRAMITE USUAL;1.74;0;0;0;0;0
209111300;MATRIZ EXTRACELULAR TRIDIMENSIONAL (SE SOLICITA 7 x 20CM, MALLA)   ;TRAMITE USUAL;263.14;0;0;0;0;0
209111600;MATRIZ DE CELULOSA OXIDADA REGENERADA Y COLÀGENO   SE SOLICITA TAMAÑO 123 CENTIMETROS CUADRADOS.                                                                                                                                                                                                                                                                      ;TRAMITE USUAL;47.87;0;0;0;0;0
209112500;INSTRUMENTO O PINZA CURVA PARA FUSION DE TEJIDOS PARA ELECTROCAUTERIO MULTIMODAL O BIPOLAR AVANZADO (CIRUGIA ABIERTA) DESECHABLE;TRAMITE USUAL;625;0;0;0;0;0
209112600;"PINZA LAPARASCOPICA DE 10 MM CON CORTE INCORPORADO PARA SELLADO DE VASOS SANGUINEOS MEDIANTE PRESION.                                                                                                                                                         
Pinza de 10 mm. para Ligadura y Sellado de Vasos Sanguíneos, con Corte Incorporado, Desechable, de 37 cm. de largo,
mandíbulas Rectas, Rotación 359 grados, con electrodo incorporado, ancho de 6 mm., largo de 22 mm., Superficie Lisa con
Protuberancias de cerámicas, con Dispersión térmica de 2 mm., activada por pedal.
Estéril.";TRAMITE USUAL;404.75;28;48;0;76;30,761.00
209112700;LAPIZ PARA ELECTROCAUTERIO MULTIMODAL (CORTE,DISECCION Y COAGULACION)                                                                                                                                                                                                                                                             ;TRAMITE USUAL ;42.98;0;0;0;0;0
209112800;PINZA PARA FUSION DE TEJIDOS Y DISECCION MONOPOLAR DE 5MM LAPARASCOPICA PARA ELECTROCAUTERIO MULTIMODAL. (Se Solicita de 37 Long, mandibula curva). ;TRAMITE USUAL;846.54;0;0;0;0;0
209112900;PINZA LAPARASCOPICA DE 5 MM CON CORTE INCORPORADO PARA SELLADO DE VASOS SANGUINEOS MEDIANTE PRESION.                                                                                                                              ;TRAMITE USUAL;598.01;40;144;0;184;110,033.84
209113300;TROCAR PARA CIRUGIA LAPAROSCOPICA DE 2MM A 15MM DE DIAMETRO, PUNTA CORTANTE DESECHABLE CON PROTECCION ACTIVA Y REDUCTOR INCORPORADO;TRAMITE USUAL;64.62;3,008;0;24;3,032;195,927.84
209113400;INSTRUMENTO PARA PROLAPSO RECTAL Y HEMORROIDES;TRAMITE USUAL;199.5;188;36;0;224;44,688.00
209113500;TROCAR PARA CIRUGIA LAPAROSCOPICA  DE 5MM A 12MM DE DIAMETRO CON SISTEMA DE ANCLAJE (TIPO HASSAN O TÉCNICA ABIERTA) PUNTA ROMA DESECHABLE.                                             ;TRAMITE USUAL;68.35;898;144;0;1,042;71,215.49
209113600;"MALLA TRI-LAMINADA DELGADA.  (SE SOLICITA TAMAÑO 8"" X 12"" (20 X 30cm))";TRAMITE USUAL ;1,651.43;0;0;0;0;0
209113700;HEMOSTATICO ABSORVIBLE DE TEXTURA ALGODONOSA            (SE SOLICITA: TAMAÑO: 2.5 X 5CM);TRAMITE USUAL;110;0;0;0;0;0
209119500;SUTURA MONOFILAMENTO POLIDIOXANONA  CALIBRE 1  (SE SOLICITA AGUJA  70MM );TRAMITE USUAL;20;0;0;0;0;0
209119600;SUTURA MONOFILAMENTO SINTETICO ABSORBIBLE,                 (SE SOLICITA CALIBRE 5-0) .;TRAMITE USUAL ;1.56;54,912;912;0;55,824;87,051.39
209119700;SUTURA: MONOFILAMENTO SINTETICO ABSORBIBLE, CALIBRE 4-0 ;TRAMITE USUAL;1.37;11,136;576;288;12,000;16,410.84
209119900;"CANULA DE ASPIRACION TIPO YANKEUER. SE SOLICITA TIPO RIGIDA DE ADULTO de 12"" y tuberia de 72"" o MAS";TRAMITE USUAL;1.14;0;0;0;0;0
209125001;SISTEMA DE ENGRAPADO O LIGADURA, PARA CLIP DE POLIMERO NO ABSORBIBLE;TRAMITE USUAL ;89.59;0;0;0;0;0
209155001;GUANTES QUIRÚRGICOS LIBRES DE LATEX Y POLVO, ESTÉRIL  SE SOLICITA TAMAÑO 6 1/2;TRAMITE USUAL ;1.31;0;0;0;0;0
209155101;GUANTES QUIRÚRGICOS LIBRES DE LATEX Y POLVO, ESTÉRIL                      (SE SOLICITA TAMAÑO 7);TRAMITE USUAL ;1.64;0;0;0;0;0
209155201;GUANTES QUIRÚRGICOS LIBRES DE LATEX Y POLVO, ESTÉRIL . SE SOLICITA TAMAÑO 7.5;TRAMITE USUAL;1.64;0;0;0;0;0
209158201;GLUCONATO DE CLORHEXIDINA AL 4% EN ESPUMA PARA ANTISEPSIA DE MANO.                                                                                                                                                            ( LA EMPRESA QUE SE LE ADJUDIQUE DEBE PROPORCIONAR ELSISTEMA DE DISPENSACION POR BOMBA DE PIE) ;TRAMITE USUAL;24.88;0;0;0;0;0
209158301;GUANTES DE NITRILO PARA EXAMEN SIN POLVO, NO ESTÉRIL.       (SE SOLICITA TAMAÑO MEDIANO);TRAMITE USUAL ;0.04;0;0;0;0;0
209158401;GUANTES DE NITRILO PARA EXAMEN SIN POLVO, NO ESTÉRIL.     (SE SOLICITA TAMAÑO GRANDE);TRAMITE USUAL;0.03;0;0;0;0;0
209160401;SOLUCION QUIRURGICA ANTISEPTICO PARA LA PIEL .  SE SOLICITA VOLUMEN DE 26ML;TRAMITE USUAL;11.31;0;200;0;200;2,262.00
209163501;SUTURA: POLIPROPILENO MONOFILAMENTO, CALIBRE 6-0  ( 1/2 de circulo);TRAMITE USUAL ;4.46;0;0;0;0;0
209163901;INJERTO VASCULAR CONICO CON ANILLOS INTEGRADOS AL PTFE.                                                                                                                                                                                     (SE SOLICITA: CON HEPARINA BIOACTIVA, CAN ANILLO INTEGRAD, INJERTO VASCULAR CÓNICO Entre 4MM y 6MM ,Longitud 45CM).;TRAMITE USUAL ;1,483.01;0;292;0;292;433,038.92
209168001;INJERTO VASCULAR CONICO CON ANILLOS INTEGRADOS AL PTFE.   SE SOLICITA:  CON HEPARINA BIOACTIVA, CAN ANILLO INTEGRAD, INJERTO VASCULAR CÓNICO ENTRE 4MM y  7MM , LONGITUD 45CM;TRAMITE USUAL;1,494.01;300;0;0;300;448,203.00
209170601;"ESPIROMETRO INCENTIVO PARA REALIZAR EJERCICIOS DE RESPIRACION PROFUNDA.
(DESECHABLE):";TRAMITE USUAL;19.95;47,320;0;720;48,040;958,190.95
209171801;LENTE INTRAOCULAR PLEGABLE DE ACRILICO HIDROFOBICO DE +10.00 A +30.00 DIOPTRIAS.;TRAMITE USUAL ;39.9;560;4;0;564;22,503.60
209175902;CEPILLO PARA LAVADO QUIRURGICO DESECHABLE CON CLOREXIDINA AL 4%,ESTERIL;TRAMITE USUAL;0.68;0;0;0;0;0
209193700;DELANTAL PROTECTOR DE FLUIDOS               (JUMSUIT) ;TRAMITE USUAL;15.28;439,200;16,300;7,800;463,300;7,079,224.00
209196401;Cuchillete con Mango de 15º hasta 45º  (se solicita de 15°) Desechable, esteril, con hoja en forma de lanceta de una sola pieza de 3 a 5mm.;TRAMITE USUAL;6.88;228;0;0;228;1,568.64
209203101;GLUCONATO DE CLORHEXIDINA AL 2% EN ESPUMA PARA ANTISEPSIA DE MANO. ( LA EMPRESA QUE SE LE ADJUDIQUE DEBE PROPORCIONAR EL SISTEMA DE DISPENSACION POR BOMBA DE PIE)  ;TRAMITE USUAL;20.03;8,000;0;0;8,000;160,208.00
209214901;CANULA NASOFARINGEA DE 32 FR A 36 FR.                 (SE SOLOCITA TAMAÑ0 32FR) ;TRAMITE USUAL;3.69;10,800;400;0;11,200;41,368.32
209215001;CANULA NASOFARINGEA  DE 32 FR A 36 FR.                        (SE SOLOCITA TAMAÑ0 34FR);TRAMITE USUAL;3.69;2,920;400;0;3,320;12,239.51
209215101;CANULA NASOFARINGEA  DE 28 FR A 30 FR. SE SOLOCITA TAMAÑ0 30FR      ;TRAMITE USUAL;3.69;0;840;0;840;3,102.46
209215201;CANULA NASOFARINGEA  DE 28 FR A 30 FR. SE SOLOCITA TAMAÑ0 28FR   ;TRAMITE USUAL;3.65;360;400;0;760;2,777.04
209223001;"CAL SODADA SIN PRODUCCION DEL COMPUESTO A. SE SOLICITA BOLSA DE 1KG• Indicador de violeta de etilo <1%• Hidróxido de calcio de porcentaje de peso >75%.• En caso que contenga catalizador: Cloruro de litio de % de peso entre 0% y 3% ó Hidróxido de Sodio entre 0% y 2%
";TRAMITE USUAL ;110.17;0;0;0;0;0
209235401;"GASA 2"" X 2"" X 16 DOBLECES, ESTÉRIL";TRAMITE USUAL;0.01;0;0;0;0;0
209235501;"GASA 2"" X 2"" X 16 DOBLECES CON ELEMENTO RADIOPACO, ESTERIL";TRAMITE USUAL;0.03;0;0;0;0;0
209235601;"GASA 3"" X 3"" X 16 DOBLECES, ESTERIL";TRAMITE USUAL;0.07;0;0;0;0;0
209235801;"GASA 8"" X 4"" X 16 DOBLECES, ESTÉRIL";TRAMITE USUAL;0.07;0;0;0;0;0
209235901;"GASA 8"" X 4"" X 16 DOBLECES CON ELEMENTOS RADIOPACO, ESTÉRIL";TRAMITE USUAL;0.26;0;0;0;0;0
209236101;"GASA SIMPLE 4"" X 4"" X 16 ESTÉRIL";TRAMITE USUAL;0.21;0;0;0;0;0
209244001;"AGUJAS PARA LOCALIZACION Y BLOQUEO DE NERVIO PERIFERICO.                             (SE SOLICITA TAMAÑO 22Ga X 2"").";TRAMITE USUAL ;11.8;2,940;120;0;3,060;36,108.00
209268501;"CIRCUITO DESECHABLE DE VENTILADOR INTEGRADO DE HUMIDIFICACIÓN PASIVA Y
FILTRACIÓN DE 72 HORAS DE USO";TRAMITE USUAL ;79;10,960;2,110;120;13,190;1,042,010.00
209269601;GUANTES DE NITRILO PARA EXAMEN SIN POLVO, NO ESTÉRIL. SE SOLICITA TAMAÑO CHICO;TRAMITE USUAL;0.03;0;0;0;0;0
209270001;"SET DE ROPA
";TRAMITE USUAL;12.34;71,688;0;480;72,168;890,553.12
209286501;"CINTURON SEGURIDAD PARA MARCHA DE ADULTO                    (SE SOLICITA TAMAÑO PEQUEÑA DE 34""-30"")";TRAMITE USUAL ;82.72;280;0;0;280;23,162.54
209286601;"CINTURON SEGURIDAD PARA MARCHA ADULTO.  (SE SOLICITA MEDIANO 30""-44"")";TRAMITE USUAL ;82.72;492;0;0;492;40,699.89
209286701;"CINTURON SEGURIDAD PARA MARCHA DE ADULTO.         (SE SOLICITA GRANDE 44""-60"")";TRAMITE USUAL;82.72;416;152;0;568;46,986.89
209292901;BOLSA PARA OBTENCIÓN DE MUESTRAS EN CIRUGÍA LAPAROSCÓPICA (Se solicita de 6.4cm x 15cm);TRAMITE USUAL;78.34;0;0;0;0;0
209296301;TIJERA PARA CORTE Y LIGADURA DE CORDÓN UMBILICAL CON BISTURÍ. ;TRAMITE USUAL ;183.75;0;0;0;0;0
209298301;SET DE ROPA DESECHABLE PARA CIRUGIA OFTALMOLOGICA;TRAMITE USUAL;39.99;12,352;0;560;12,912;516,350.88
209313501;CUCHILLETE     (SE SOLICITA  2,2mm);TRAMITE USUAL;11.98;0;0;720;720;8,622.00
209321101;SISTEMA DE DRENAJE TORACICO DE TRES CAMARAS. SE SOLICITA DRENAJE CERRADO DE 1 TUBO;TRAMITE USUAL;26.7;0;0;0;0;0
209330401;RESPIRADORES CONTRA PARTICULAS DE ALTA FILTRACION N95 CON O SIN VALVULA DE EXALACION.                                                                                                   (SOLICITAMOS TAMAÑO MEDIANO ,SIN VALVULA DE EXALACION);TRAMITE USUAL ;0.97;0;0;0;0;0
209332801;BANDEJA DE ANESTESIA EPIDURAL CONTINUA DESECHABLE CON MEDICAMENTO. SE SOLICITA AGUJA TUOHY/HUBER DE 17G X 88 a 90mm SIN ALAS;TRAMITE USUAL;30;0;0;400;400;12,000.00
209338801;"EMPAQUES O COMPRESA CALIENTE (SE SOLICITA CONTORNO PARA CUELLO 61X15 CM 24"" X 6"")";TRAMITE USUAL;36.64;360;0;0;360;13,190.72
209355401;"BOLSA MIXTA TERMOSELLABLE PARA ESTERILIZAR, 6"" X 12"" (150 X 300MM)";TRAMITE USUAL;0.11;769,480;300;900;770,680;84,774.80
209375401;JUEGO COMPLETO PARA CATETERIZACIÓN VESICAL CON SONDA FOLEY SE SOLICITA 16Fr DE SILICONA, CAPACIDAD DE BOLSA DE 2000cc, Solución para limpieza de Clorexidina acuosa al 1% CON Jeringuilla prellenada con agua bidestilada de  10cc CON UN PAR DE GUANTES DE NITRILO O VINILO;TRAMITE USUAL;15.91;35,405;2,600;800;38,805;617,387.55
209375601;JUEGO COMPLETO PARA CATETERIZACIÓN VESICAL CON SONDA FOLEY SE SOLICITA 18Fr DE SILICONA, CAPACIDAD DE BOLSA DE 2000cc, Solución para limpieza de Clorexidina acuosa al 1% CON Jeringuilla prellenada con agua bidestilada de  10cc CON UN PAR DE GUANTES DE NITRILO O VINILO;TRAMITE USUAL;13;30,096;0;360;30,456;395,928.00
209377501;GUANTES QUIRÚRGICOS LIBRES DE LATEX Y POLVO, ESTÉRIL  SE SOLICITA TAMAÑO 6;TRAMITE USUAL;1.29;0;0;0;0;0
209393201;APOSITO DE ESPUMA 3D CON PLATA IONICA SE SOLICITA APOSITO NO ADHESIVO TAMAÑO 10X 10CM ;TRAMITE USUAL ;21;33,480;130;480;34,090;715,890.00
209416401;JUEGO COMPLETO PARA SUCCIÓN DE VÍAS RESPIRATORIAD, PEDIATRICO Y ADULTO. SE SOLICITA TAMAÑO 6FR;TRAMITE USUAL ;1.37;10,050;200;0;10,250;14,042.50
209419501;DETERGENTE LIQUIDO CON ENZIMAS (SE SOLICITA DE 4 ENZIMA);TRAMITE USUAL ;46.5;9,924;512;248;10,684;496,806.00
209419601;TORRE DE HISTEROSCOPIA DE FLUJO CONTINUO PARA GINECOLOGIA:   SE SOLICITA ACCESORIO  JUEGOS DE TUBOS DE SILICON REUSABLE;TRAMITE USUAL;55.36;80;0;0;80;4,428.80
209422201;"MULTICAPA DE TRIPLEACCION A BASE DE OCTENIDINA Y ACIDO HIALURONICO TAMAÑO: 10CM X 10CM (3.9"" X 3.9"")";TRAMITE USUAL ;0.11;800;1,540;0;2,340;257.4
209423401;CATETER DE ARTERIA RADIAL PARA MONITORIZACION DE PRESION Y TOMA DE MUESTRAS SE SOLICITA CON ALETAS DE 3Fr Y 5cms DE LONGITUD DE POLIURETANO CON PUNTA RECTA;TRAMITE USUAL;76;49;0;0;49;3,724.00
209434101;TIJERA PARA BISTURI ARMONICO CON CONTROL MANUAL Y ALTA FRECUENCIA.  (SE SOLICITA VASTAGO DE 9CM);TRAMITE USUAL ;1,090.00;0;0;0;0;0
209443301;GUANTES QUIRÚRGICOS DE LÁTEX, ESTÉRIL (Se solicita tamaño 6)   SE RECIBIRA POR LA 911                                                                                                                                                                                                                                                           ;TRAMITE USUAL;0.16;0;0;0;0;0
209454501;BOLSA INFUSORA A PRESION .SE SOLICITA BOLSA DE 1000cc DE CAPACIDAD;TRAMITE USUAL;21.6;0;340;0;340;7,344.00
209458401;MATRIZ EXTRACELULAR TEJIDO FIBROSO (Se solicita de 5 x 5cm) ;TRAMITE USUAL ;70.07;0;0;0;0;0
209459201;SET DE ROPA PARA CITOSCOPÍA;TRAMITE USUAL;25.98;40,688;432;2,016;43,136;1,120,673.28
209462801;FERULAS SINTETICAS EN ROLLO SE SOLICITA DE 7.5CM X 4.6M;TRAMITE USUAL;112.06;262;70;24;356;39,893.36
209462901;FERULA SINTETICAS EN ROLLO SE SOLICITA DE 12.5CM X 4.6M;TRAMITE USUAL;163.88;832;20;32;884;144,869.92
209464201;FERULAS SINTETICAS EN ROLLO SE SOLICITA DE 5CM X 4.6M;TRAMITE USUAL ;92.04;19;416;8;443;40,773.72
209464301;FERULAS SINTETICAS EN ROLLO SE SOLICITA DE 10CM X 4,6M;TRAMITE USUAL;134.26;152;20;48;220;29,537.20
209471301;JUEGO DE ROPA DESECHABLE PARA CAMA DE PACIENTE;TRAMITE USUAL;3.39;129,750;800;5,500;136,050;461,209.50
209472501;"VENDA DE YESO DE POLIESTER SE SOLICITA 5""X4 YARDAS. ";TRAMITE USUAL;7.78;54,156;0;0;54,156;421,333.68
209472601;BANDEJA PARA INSERCION DE SONDA VESICAL ;TRAMITE USUAL ;1.9;1,840;0;0;1,840;3,496.00
209479001;BOLSA INFUSORA A PRESION. SE SOLICITA BOLSA DE 500cc DE CAPACIDAD;TRAMITE USUAL;21.6;0;0;0;0;0
209484301;BANDEJA PARA CATETERIZACION VENOSO CENTRAL DOBLE LUMEN NEONATAL.  SE SOLICITA 4FR X 5CM, DE POLIURETANO;TRAMITE USUAL;64.5;400;0;0;400;25,800.00
209484401;BANDEJA PARA CATETERIZACION VENOSO CENTRAL DOBLE LUMEN NEONATAL.  SE SOLICITA 4FR X 8CM, DE POLIURETANO;TRAMITE USUAL ;64.5;50;0;0;50;3,225.00
209484701;BANDEJA PARA CATETERIZACION VENOSO CENTRAL TRIPLE LUMEN PEDIATRICA. SE SOLICITA MATERIAL DE CATETER CON POLIURETANO DIAMETRO 5 FR X 8CM DE LONGITUD.;TRAMITE USUAL;73.5;360;0;0;360;26,460.00
209484801;BANDEJA PARA CATETERIZACION VENOSO CENTRAL TRIPLE LUMEN PEDIATRICA.   SE SOLICITA MATERIAL DE CATETER CON POLIURETANO DIAMETRO 5FR X 12CM DE LONGITUD;TRAMITE USUAL ;162;440;0;0;440;71,280.00
209485301;SUTURA: POLIPROPILENO MONOFILAMENTO, CALIBRE 5-0.(SE SOLICITA LONGITUD DE 75 CM) ;TRAMITE USUAL;3.97;25,904;384;0;26,288;104,363.36
209485401;PERILLA (BULBO) DE SUCCION - IRRIGACION DE 2 ONZAS ESTERIL;TRAMITE USUAL;0.66;17,004;200;0;17,204;11,268.62
209485501;GUANTES QUIRURGICO DE LATEX ESTERIL                                                               (SE SOLICITA TAMAÑO 8 1/2);TRAMITE USUAL;0.16;0;0;0;0;0
209485901;BANDAS ELÁSTICAS PARA FORTALECIMIENTO SE SOLICITA ULTRA SUAVE;TRAMITE USUAL;103.91;424;30;44;498;51,749.20
209486001;BANDAS ELÁSTICAS PARA FORTALECIMIENTO   (SE SOLICITA MEDIANA);TRAMITE USUAL;102.39;87;0;32;119;12,183.94
209486101;BANDAS ELÁSTICAS PARA FORTALECIMIENTO                     (SE SOLICITA FUERTE) ;TRAMITE USUAL ;100;505;48;54;607;60,700.00
209486201;BANDAS ELÁSTICAS PARA FORTALECIMIENTO                       (SE SOLICITA -EXTRA FUERTE);TRAMITE USUAL;126.55;84;48;52;184;23,285.18
209486401;BANDAS ELÁSTICAS PARA FORTALECIMIENTO                     (SE SOLICITA -SUPER FUERTE);TRAMITE USUAL;100;63;12;58;133;13,300.00
209489901;"APOSITO ELECTROESTATICO LAMINADO DE CARBON ACTIVADO DE BAJA ADHERENCIA SE SOLICITA TAMAÑO: 20 CM X 10 CM (8"" X 4"")";TRAMITE USUAL ;24;0;0;0;0;0
209493501;BANDAS ELÁSTICAS PARA FORTALECIMIENTO.                    (SE SOLICITA SUAVE);TRAMITE USUAL ;103.91;34;48;52;134;13,924.48
209496501;"APOSITO ELECTROESTÁTICO DE TRIPLE ACCIÓN SE SOLICITA TAMAÑO: 10 CM X 10 CM (4"" X 4"")";TRAMITE USUAL ;24;5,200;2,000;0;7,200;172,800.00
209518001;APÓSITO HIDROCOLOIDE (Estándar, Regular o Extra Absorbente).  SE SOLICITA  CUADRADO 10CM X 10CM;TRAMITE USUAL;2.98;7,880;2,370;0;10,250;30,493.75
209519101;RECIPIENTE DESECHABLE PARA SISTEMA DE DRENAJE TORÁCICO DIGITAL (Se solicita de 300cc polipropileno) ;TRAMITE USUAL;16.75;0;0;0;0;0
209521601;"AGUJAS PARA LOCALIZACION Y BLOQUEO DE NERVIO PERIFERICO.  SE SOLICITA TAMAÑO 22Ga X 3 1/4"" ";TRAMITE USUAL;11.8;296;0;0;296;3,492.80
209540801;HIALURONATO SÓDICO;TRAMITE USUAL;25.89;5,335;268;568;6,171;159,767.19
209541001;"FORRO PROTECTOR DE COLCHON SE SOLICITA TAMAÑO 38"" X 80""";TRAMITE USUAL;44.88;25,300;1,800;900;28,000;1,256,640.00
209542201;SUTURA: ACIDO POLIGLICÓLICO TRENZADO, CALIBRE 3-0, LONGITUD 67 A 75 CM.  AGUJA DE 15 A 17 MM., 1/2 CIRCULO, PUNTA REDONDA. SE SOLICITA LONGITUD DE 75CM Y AGUJA DE 15MM;TRAMITE USUAL ;1.34;40,718;0;0;40,718;54,358.53
209546001;MASCARILLA RECTANGULAR DE 3 PLIEGUES CON SUJECION EN LA OREJA. ;TRAMITE USUAL ;0.31;0;0;0;0;0
209546301;BATA DESECHABLE, PARA USO GENERAL NO ESTERIL .AAMI     NIVEL 3.  SE SOLICITA TAMAÑO REGULAR O UNIVERSAL (MEDIANO -GRANDE);TRAMITE USUAL;0.58;0;0;0;0;0
209546401;BATA DESECHABLE, PARA USO GENERAL NO ESTERIL .AAMI NIVEL 3.       (SE SOLICITA TAMAÑO GRANDE);TRAMITE USUAL;0.6;0;0;0;0;0
209559101;VENDAJE NEUROMUSCULAR. SE SOLICITA DE 5CM X 5MT;TRAMITE USUAL ;99;0;0;0;0;0
209559201;MUÑEQUERA CON BARRA DE 6” U 8” DERECHA O IZQUIERA, CON CIERRE DE VELCRO    ( SE SOLICITA  TAMAÑO CHICO);TRAMITE USUAL ;40.69;1,508;0;0;1,508;61,362.63
209559401;"INMOVILIZADOR DE RODILLA UNIVERSAL. SE SOLICITA TAMAÑO  16"" DE LONGITUD";TRAMITE USUAL;44.78;0;0;0;0;0
209559601;INMOVILIZADOR ELÁSTICO DE HOMBRO                           (SE SOLICITA TAMAÑO SMALL)    ;TRAMITE USUAL;44.65;1,002;0;0;1,002;44,739.30
209559701;"CALCETA TUBULAR.    SE SOLICITA  MEDIA TEJIDA DE ALGODÓN 2"" X 25 YARDAS DE LONGITUD";TRAMITE USUAL ;12.11;840;0;0;840;10,168.20
209559801;MUÑEQUERA CON BARRA DE 6” U 8” DERECHA O IZQUIERA, CON CIERRE DE VELCRO  (SE SOLICITA  TAMAÑO MEDIANO);TRAMITE USUAL;40;508;0;0;508;20,320.00
209559901;MUÑEQUERA CON BARRA DE 6” U 8” DERECHA O IZQUIERA, CON CIERRE DE VELCRO               SE SOLICITA  TAMAÑO GRANDE ;TRAMITE USUAL;40.69;814;0;0;814;33,122.80
209560201;"INMOVILIZADOR DE RODILLA UNIVERSAL                                                SE SOLICITATAMAÑO 20"" DE LONGITUD";TRAMITE USUAL ;44.54;582;0;0;582;25,922.28
209560301;"INMOVILIZADOR DE RODILLA UNIVERSAL   SE SOLICITA  Tamaños : 24"". de longitud";TRAMITE USUAL ;40.52;538;0;0;538;21,799.76
209560401;INMOVILIZADOR ELÁSTICO DE HOMBRO SE SOLICITA TAMAÑO MEDIANO;TRAMITE USUAL ;14.54;2,534;0;0;2,534;36,844.36
209560501;INMOVILIZADOR ELÁSTICO DE HOMBRO (SE SOLICITA TAMAÑO LARGO);TRAMITE USUAL;13.89;1,138;0;0;1,138;15,804.54
209564401;SUTURA POLIGLACTINA 910 RECUBIERTO DE POLIGLACTINA 370 Y TRICLOSAN (SUTURA ACTIVA).CALIBRE 1 .   (SE SOLICITA AGUJA 36.4MM Y LONGITUD DE 90CM)                                                                                                                                                                                                                 ;TRAMITE USUAL;5.36;14,040;1,152;1,728;16,920;90,691.20
209564501;SUTURA MONOFILAMENTO POLIDIOXANONA  CALIBRE 1                                                                                                                                                                                                                                                                                                                                                                                                                                                         DESCRIPCION: Recubierta de triclosan color violeta, longitud entre 70cm y 90cm, con aguja de 36.4mm, 40mm ó 48mm de 1/2 circulo, punta ahusada. (SE SOLICITA CALIBRE 1 CON AGUJA 40MM Y LONGITUD DE 90 CM);TRAMITE USUAL;18.37;1,920;0;0;1,920;35,270.40
209565201;BANDEJA PARA CATETERIZACION VENOSO CENTRAL TRIPLE LUMEN PEDIATRICA.    SE SOLICITA MATERIAL DE CATETER CON POLIURETANO DIAMETRO 5FR X 15CM DE LONGITUD.;TRAMITE USUAL;165;1,200;0;0;1,200;198,000.00
209566001;RECIPIENTE DESECHABLE PARA SISTEMA DE DRENAJE TORÁCICO DIGITAL (Se solicita recipiente de 2000, polipropileno) ;TRAMITE USUAL;135;544;0;0;544;73,440.00
209566101;TUBO PARA SISTEMA DE DRENAJE TORÁXICO DIGITAL CONEXIÓN SIMPLE SE SOLICITA 1.5 M;TRAMITE USUAL ;27;328;720;0;1,048;28,296.00
209566801;AGUJA PARA LA LOCALIZACION DE LESIONES MAMARIAS . SOLICITA CALIBRE 20 G A Y 10 cm                                                                                                       ;TRAMITE USUAL ;10.95;0;0;0;0;0
209585001;APÓSITO CON MATRIZ DE COLAGENO CON PLATA;TRAMITE USUAL ;50;0;3,180;0;3,180;159,000.00
209590301;TIJERA PARA BISTURI ARMONICO CON CONTROL MANUAL Y ALTA FRECUENCIA.  SE SOLICITA VASTAGO DE 45CM;TRAMITE USUAL;881.49;0;0;0;0;0
209603601;RESPIRADORES CONTRA PARTICULAS DE ALTA FILTRACION N95 CON O SIN VALVULA DE EXALACION. SE SOLICITA TAMAÑO GRANDE, CON VALVULA DE EXALACIÓN ;TRAMITE USUAL ;5.7;0;0;0;0;0
209611001;"EMPAQUES O COMPRESA CALIENTE. (SE SOLICITA TAMAÑO ESTÁNDAR DE 25CM X 30CM 10""X12"")";TRAMITE USUAL;37.64;0;0;0;0;0
209666301;ROPA DESECHABLE DE NEUROCIRUGÍA;TRAMITE USUAL;54.95;1,014;640;104;1,758;96,602.10
209726201;"FIJACION CUTANEO CON ADHESIVO DE SILICONA Y DOBLE PROTECCION ANTIMICROBIANA DE CLORHEXIDINA Y PLATA CON VENTANA SE SOLICITA TAMAÑO: 6cm x 7cm
";TRAMITE USUAL ;18.5;0;0;0;0;0
209726301;"FIJACION CUTANEO CON ADHESIVO DE SILICONA Y DOBLE PROTECCION ANTIMICROBIANA DE CLORHEXIDINA Y PLATA CON VENTANA SE SOLICITA TAMAÑO: 10cm x 12cm
";TRAMITE USUAL;29.5;0;0;0;0;0
209770201;GORRO PARA VARON.;TRAMITE USUAL;0.03;2,352,000;100,000;240,000;2,692,000;88,028.40
209770301;GORRO PARA MUJERES.;TRAMITE USUAL ;0.03;2,051,000;368,000;137,900;2,556,900;63,922.50
209817201;ROPA DESECHABLE PARA LAPARATOMIA;TRAMITE USUAL;18.62;0;344;70;414;7,708.68
209819201;MANGA DE COMPRESION NEUMATICA SECUENCIAL Y/O INTERMITENTE PARA  PANTORRILLA PARA LA PROFILAXIS DE LA TROMBOSIS VENOSA PROFUNDA. SE SOLICITA TAMAÑO GRANDE.;TRAMITE USUAL;33.1;5,896;1,200;480;7,576;250,765.60
209819301;MANGA DE COMPRESION NEUMATICA SECUENCIAL Y/O INTERMITENTE PARA  PANTORRILLA PARA LA PROFILAXIS DE LA TROMBOSIS VENOSA PROFUNDA.    SE SOLICITA TAMAÑO  MEDIANO;TRAMITE USUAL ;33.25;12,080;1,120;480;13,680;454,860.00
209821001;SISTEMA INTEGRADO DE CIERRE DE PUERTOS (DUAL) PARA PROCEDIMIENTOS LAPAROSCÓPICOS;TRAMITE USUAL ;201.34;0;0;0;0;0
209833001;JERINGUILLA DE 1cc (?-100) PARA INSULINA DE RETRACCION. SE SOLICITA 30G X 8MM;TRAMITE USUAL ;0.38;4,044,000;304,000;196,000;4,544,000;1,726,720.00
209833101;JERINGUILLA DE 0.5cc (¦Ì-100) PARA INSULINA DE RETRACCION     (SE SOLICITA 30G X 8MM);TRAMITE USUAL;0.33;60,000;454,400;160,000;674,400;222,552.00
209833401;SET DE ROPA DESECHABLE PARA DILATACION Y CURETAJE;TRAMITE USUAL;20.42;44,400;1,344;480;46,224;943,894.08
209833501;FERULAS SINTETICAS EN ROLLO SE SOLICITA DE 15CM X 4.6M;TRAMITE USUAL;184.94;584;112;0;696;128,718.24
209833601;"CATETER INTRAVENOSO DE BIOSEGURIDAD   (SE SOLICITA CATETER DE POLIURETANO TAMAÑO 18G X 1 1/4"")";TRAMITE USUAL;0.87;499,200;1,200;44,400;544,800;473,976.00
209833701;"CATETER INTRAVENOSO DE BIOSEGURIDAD.  SE SOLICITA CATETER DE POLIURETANO TAMAÑO 20G X 1""  A 1 3/4""";TRAMITE USUAL;0.83;0;0;0;0;0
209833801;"CATETER INTRAVENOSO DE BIOSEGURIDAD SE SOLICITA CATETER DE POLIURETANO TAMAÑO 22G X 1 """;TRAMITE USUAL ;1.07;384,000;23,200;0;407,200;433,668.00
209833901;CATETER INTRAVENOSO DE BIOSEGURIDAD 1. Catéter con sistema de seguridad de retracción automática al extraer la guía o aguja ;TRAMITE USUAL;0.83;522,000;43,600;34,200;599,800;497,834.00
209834001;CANULA NASOFARINGEA  DE 20 FR A  26 FR.  (SE SOLOCITA TAMAÑ0 26FR) ;TRAMITE USUAL ;3.81;12,680;0;0;12,680;48,310.80
209834201;FILTRO DE C02 DESECHABLE SIN TUBERIA ;TRAMITE USUAL;10;0;0;0;0;0
209834501;SISTEMA DE DOS PIEZAS PARA COLOSTOMIA /ILEOSTOMIA PARA ADULTO ABIERTO.  (SE SOLICITO DIAMETRO EXTERNO DE 50MM);TRAMITE USUAL ;4.55;0;1,440;0;1,440;6,552.00
209834601;SISTEMA DE DOS PIEZAS PARA COLOSTOMIA/ILEOSTONIA PARA ADULTO ABIERTA SE SOLICITA DIAMETRO EXTERNO 57MM A 60MM;TRAMITE USUAL;3.8;0;9,360;10,800;20,160;76,608.00
209834701;CANULA NASOFARINGEA  DE 32 FR A 36 FR.  (SE SOLOCITA TAMAÑ0 36FR)        ;TRAMITE USUAL;3.69;7,800;0;0;7,800;28,782.00
209834801;ENVASE PARA DESECHOS PUNZOCORTANTE SE SOLICITA TAMAÑO 7.6 LITROS;TRAMITE USUAL;5.5;0;0;0;0;0
209834901;ENVASE PARA DESECHOS PUNZOCORTANTE SE SOLICITA TAMAÑO 22.7 LITROS;TRAMITE USUAL ;9.5;0;0;0;0;0
209835001;ENVASE PARA DESECHOS PUNZOCORTANTE SE SOLICITA TAMAÑO 1.4 LITROS;TRAMITE USUAL;3.9;180;780;600;1,560;6,084.00
209847501;GUANTES DE NITRILO CON PUÑO EXTENDIDO. SE (SOLICITA TAMAÑO EXTRA GRANDE);TRAMITE USUAL;165;0;0;0;0;0
209851201;COBERTOR CÁMARA DE VIDEO (Se solicita tamaño  17CM X 242CM);TRAMITE USUAL;2.77;3,960;3,120;120;7,200;19,944.00
209854501;LAMINA PROTECTORA DE SUPERFICIES AISLANTE DE FLUIDOS CONTAMINANTES.                           ;TRAMITE USUAL ;18.5;275,240;1,400;7,650;284,290;5,259,365.00
209865701;APOSITO CON MATRIZ DE COLAGENO (Se solicita 4 pulgadas x 4 pulgadas (10cm x 10cm);TRAMITE USUAL ;51.66;1,620;0;400;2,020;104,353.20
209868301;TERMOMETRO TIMPANICO DIGITAL   ( SE SOLICITA FUNDA O CUBERTOR DESECHABLE) ;TRAMITE USUAL;0.05;19,940,000;195,000;334,000;20,469,000;1,023,450.00
209870701;SOLUCIÓN DE GLUCONATO DE CLORHEXIDINA AL 2% Y ALCOHOL AL 70%, PARA LA ASEPSIA PRE QUIRÚRGICA DE LA PIEL Y PARA ACCESOS VASCULARES    SE SOLICITA TUBO APLICADOR CON ESPONJA DE 35ML  ENTINTADO;TRAMITE USUAL;9;0;0;0;0;0
209870801;CATETER DE SUCCION NASO-FARINGEA CALIBRE 14FR LONGITUD 60CM ;TRAMITE USUAL ;0.25;71,700;0;0;71,700;17,925.00
209870901;CATETER DE SUCCION NASO-FARINGEA CALIBRE 16FR LONGITUD 60CM ;TRAMITE USUAL;0.25;152,000;0;0;152,000;38,000.00
209871001;CATETER DE SUCCION NASO-FARINGEA CALIBRE 18FR LONGITUD 60CM ;TRAMITE USUAL;0.25;89,600;0;0;89,600;22,400.00
209871201;TIJERA LAPAROSCÓPICA PARA BISTURI ARMINICO CON CONTROL MANUAL Y ALTA FRECUENCIA. SE SOLICITA VASTAGO DE 17 CM ;TRAMITE USUAL ;1,090.00;0;0;0;0;0
209871301;"SISTEMA DE CATERIZACION VENOSA CENTRAL DE DOBLE O TRIPLE
LUMEN CON 2 ANTIBIOTICOS (MINOCICLINA Y RIFAMPICINA), NEONATAL
O PEDIÁTRICO  (SE SOLICITA DOBLE LUMEN 4FR X 5M, DE POLIURETANO)";TRAMITE USUAL ;205;0;0;0;0;0
209871401;"SISTEMA DE CATERIZACION VENOSA CENTRAL DE DOBLE O TRIPLE
LUMEN CON 2 ANTIBIOTICOS (MINOCICLINA Y RIFAMPICINA), NEONATAL
O PEDIÁTRICO.                                                                        SE SOLICITA 5FR X 8CM, DE DOS LUMENS DE POLIURETANO";TRAMITE USUAL;205;800;0;0;800;164,000.00
209871501;SISTEMA DE CATERIZACION VENOSA CENTRAL DE DOBLE O TRIPLE LUMEN CON 2 ANTIBIOTICOS (MINOCICLINA Y RIFAMPICINA), NEONATAL O PEDIÁTRICO,  SE SOLICITA 5FR X 12CM, DE POLIURETANO DE DOS LUMEN.;TRAMITE USUAL;205;5,246;0;0;5,246;1,075,430.00
209871601;SISTEMA DE CATERIZACION VENOSA CENTRAL DE DOBLE O TRIPLE LUMEN CON 2 ANTIBIOTICOS (MINOCICLINA Y RIFAMPICINA), NEONATAL O PEDIÁTRICO.   SE SOLICITA DE TRES LUMENES 5FR X 12CM, DE POLIURETANO;TRAMITE USUAL ;205;3,900;0;0;3,900;799,500.00
209871701;SISTEMA DE CATERIZACION VENOSA CENTRAL DE DOBLE O TRIPLE LUMEN CON 2 ANTIBIOTICOS (MINOCICLINA Y RIFAMPICINA), NEONATAL O PEDIÁTRICO                                                                                                                                  (SE SOLICITA 5FR X 15M, TRIPLE LUMEN DE POLIURETANO);TRAMITE USUAL ;205;3,100;0;0;3,100;635,500.00
209871801;"SISTEMA DE CATERIZACION VENOSA CENTRAL DE DOBLE O TRIPLE LUMEN CON 2 ANTIBIOTICOS (MINOCICLINA Y RIFAMPICINA), NEONATAL
O PEDIÁTRICO.   SE SOLICITA 5FR X 8CM, DE TRES LUMENS DE POLIURETANO";TRAMITE USUAL;205;0;0;0;0;0
209871901;SISTEMA DE CATERIZACION VENOSA CENTRAL DE DOBLE   LUMEN CON 2 ANTIBIOTICOS 4FR X 8CM;TRAMITE USUAL;205;604;0;0;604;123,820.00
209872001;"TUBO DE EXTENSIÓN DE VENOCLISIS. SE SOLICITA DE 25"" DE LONGITUD";TRAMITE USUAL ;0.6;139,096;1,800;4,200;145,096;87,057.60
209884401;SISTEMA CERRADO (ESPIGA) UNIDIRECCIONAL PARA EXTRACCIÓN DE SOLUCION EN BOTELLA O BOLSA, CON O SIN FILTRO DE AIRE Y CONECTOR LIBRE DE AGUJA. SE SOLICITA CON FILTRO;TRAMITE USUAL;2.52;2,800;0;0;2,800;7,057.85
209910801;ESTIMULADOR NERVIO VAGO (PROTESIS) ;TRAMITE USUAL;25,783.33;0;0;0;0;0
209968301;MICROESFERAS DE POLIESTIRENO CARGADAS NEGATIVAMENTE;TRAMITE USUAL ;27.28;2,024;112;0;2,136;58,270.08
209975301;CEPILLO PLANO PARA LIMPIEZA DE 75MM X 20MM X 15MM (RIGIDO) ;TRAMITE USUAL ;25;30,056;1,400;600;32,056;801,400.00
209975501;CEPILLO PARA LIMPIAR 75mm x 20mm x 15mm (FLEXIBLE);TRAMITE USUAL ;25;26,060;2,000;600;28,660;716,500.00
209975701;ESPONJA TEREFTALATO DE POLIETILENO      (SE SOLICITA ESPONJA);TRAMITE USUAL;0.9;360;10,120;7,360;17,840;16,056.00
209991001;PELICULA DE SILICONA, CON PROTECCIÓN DE CLORHEXIDINA Y PLATA SE SOLICITA TAMAÑO: 10 cm X 12 cm.;TRAMITE USUAL;35.95;0;2,000;0;2,000;71,900.00
209991101;PELICULA DE SILICONA, CON PROTECCIÓN DE CLORHEXIDINA Y PLATA SE SOLICITA TAMAÑO: 6 cm X 20 cm.;TRAMITE USUAL ;29.5;600;2,000;0;2,600;76,700.00
209991201;APOSITO PROTECTOR, SE SOLICITA TAMAÑO 15CM X 15CM;TRAMITE USUAL;23.38;2,300;3,300;0;5,600;130,900.00
209991301;APOSITO PROTECTOR, SE SOLICITA TAMAÑO 20CM X 20CM;TRAMITE USUAL;37.08;0;0;0;0;0
209991401;APOSITO ESPUMA , SE SOLICITA Tamaños con borde, 12.5X 12.5 CM;TRAMITE USUAL;33;3,400;0;0;3,400;112,200.00
209991501;APOSITO ESPUMA, se solicita Tamaños sin borde 10CM X 20CM;TRAMITE USUAL;27;2,800;0;0;2,800;75,600.00
209991801;APOSITO ESPUMA , se solicita Tamaños con borde 20CMX 26CM PARA TALON.;TRAMITE USUAL;58.6;2,800;0;0;2,800;164,080.00
209992601;ESTABILIZADOR DE CATETER SUPRA PUBICO O URETERAL;TRAMITE USUAL;22;10;345;310;665;14,630.00
;Total general;;**************;134,035,852;4,744,715;4,745,126;143,525,693;91,525,067
