Id producto,Nombre,Precio,Cantidad actual,Unidad medida,Marca,Descripcion,Peso promedio,Stock critico,Error max permitido
209003502,CONECTOR PARA BOMBA DE INFUSION CON FILTRO DE AIRE,4.238,26400,C,Sin Marca,Sin descripcion,0,100,0
209003700,AGUJA PARA NEUMOPERITONEO  (TIPO VERESS) PARA LAPARASCOPIA (Se solicita 120mm),10.165,0,C,Sin Marca,Sin descripcion,0,100,0
209007502,DETERGENTE ANIONICO EN POLVO PRESENTACION: (SE SOLICITA PAQUETE DE 4 LIBRAS),50.0,1942,C,Sin Marca,Sin descripcion,0,100,0
209008100,"AGUJA HIPODÉRMICA,  (SE SOLICITA CALIBRE 18G X 1  1/2 PULGADAS, 38MM DE LONGITUD)",0.02,0,C,Sin Marca,Sin descripcion,0,100,0
209008400,"AGUJA HIPODÉRMICA,   (SE SOLICITA CALIBRE 21G, 1 PULGADAS, 25MM DE LONGITUD.) ",0.015,31000,C,Sin Marca,Sin descripcion,0,100,0
209008500,"AGUJA HIPODÉRMICA,  SE SOLICITA CALIBRE 21G X 1 1/2 PULGADAS, 38MM DE LONGITUD",0.00822,0,C,Sin Marca,Sin descripcion,0,100,0
209008600,"AGUJA HIPODÉRMICA, (SE SOLICITA CALIBRE 22G X 1 PULGADAS). ",0.02,2301600,C,Sin Marca,Sin descripcion,0,100,0
209008700,"AGUJA HIPODÉRMICA    (SE SOLICITA CALIBRE 22G X 1 1/2 PULGADAS, 38MM DE LONGITUD)",0.025,8229000,C,Sin Marca,Sin descripcion,0,100,0
209008800,"AGUJA HIPODÉRMICA, (SE SOLICITA CALIBRE 23G X 1 PULGADAS 25MM DE LONGITUD)",0.00822,0,C,Sin Marca,Sin descripcion,0,100,0
209008900,"AGUJA HIPODÉRMICA,   SE SOLICITA CALIBRE 24G X 1 PULGADAS 25MM DE LONGITUD",0.0124,10100,C,Sin Marca,Sin descripcion,0,100,0
209009000,"AGUJA HIPODÉRMICA DESECHABLE (Se solicita calibre 25G de 1"" de longitud) ",0.02,150600,C,Sin Marca,Sin descripcion,0,100,0
209009002,"AGUJA HIPODÉRMICA    (SE SOLICITA CALIBRE 25G X 1 1/2 PULGADAS, 38MM DE LONGITUD)",0.02,4088400,C,Sin Marca,Sin descripcion,0,100,0
209009301,"PAPEL SATINADO PARA CAMILLA Y MESA DE EXAMEN. (TAMAÑO: DE entre 17"" y  18"" de ancho X 225 y 300 pie de largo)",2.56,0,C,Sin Marca,Sin descripcion,0,100,0
209011222,BANDEJA PARA CATETERIZACION VENOSA CENTRAL TRIPLE LUMEN.  SE SOLICITA CATETER DE POLIURETANO,60.5,0,C,Sin Marca,Sin descripcion,0,100,0
209011226,BANDEJA PARA CATETERIZACION VENOSO CENTRAL TRIPLE LUMEN CON 2 ANTIBIOTICOS (MINOCICLINA Y RIFAMPICINA). (Se Solicita Tamaño De 7fr x 20cms (CATETER DE POLIURETANO ADULTO).,268.0,70,C,Sin Marca,Sin descripcion,0,100,0
209013300,"RECIPIENTE DESECHABLE PARA SISTEMA DE DRENAJE TORÁCICO DIGITAL  (Recipiente desechable: - Con capacidad de 800 cc vertical material polipropileno, protección antidesbordamiento, filtro antibacterianas, valvula de liberación de presión. - Material de polipropileno ó polimetilmetacrilato (PMMA) - El recipiente debe ser compatible con el equipo existente en la institución solicitante O SE DEBE ENTREGAR UN MINIMO DE 250 EQUIPOS COMPATIBLES CON LOS INSUMOS OFERTADO.) ",21.5,764,C,Sin Marca,Sin descripcion,0,100,0
209013400,TUBO PARA SISTEMA DE DRENAJE TORÁCICO DIGITAL CONEXIÓN DOBLE (Se solicita longitud de 1.5 mts). DEBE SER COMPATIBLE CON EL EQUIPO EXISTENTE EN LA INSTITUCIÓN.,23.61,0,C,Sin Marca,Sin descripcion,0,100,0
209016801,ESPONJA HEMOSTATICA DE GELATINA ABSORBIBLE.   SE SOLICITA TAMAÑO 7CMx5CMx1CM ( 70MMX50MMX10MM),3.09,0,C,Sin Marca,Sin descripcion,0,100,0
209017402,JALEA LUBRICANTE ESTÉRIL  (SE SOLICITA TUBO DE 113 GM),3.15,0,C,Sin Marca,Sin descripcion,0,100,0
209018401,TRAJE DE PROTECCION PERSONAL (TIPO OVEROL) TAMAÑO L,10.76,818870,C,Sin Marca,Sin descripcion,0,100,0
209018501,TRAJE DE PROTECCION PERSONAL (TIPO OVEROL)TAMAÑO XL,10.76,682910,C,Sin Marca,Sin descripcion,0,100,0
209018800,"APLICADOR DE GRAPAS AUTOMÁTICO PARA LAPAROSCOPIA ( TAMAÑO: 10MM, DESECHABLE CON 20 MAS GRAPAS DE TITANIUM TAMAÑO MEDIANO / GRANDE )",44.1,144,C,Sin Marca,Sin descripcion,0,100,0
209018801,"APLICADOR DE GRAPAS AUTOMÁTICO PARA LAPAROSCOPIA  (Tamaño: 5MM, DESECHABLE CON 20 MAS GRAPAS DE TITANIUM TAMAÑO MEDIANO / GRANDE )",88.37,0,C,Sin Marca,Sin descripcion,0,100,0
209019006,"VENDA DE GASA PRESATURADAS DE CLORURO DE SODIO AL 20%   (TAMAÑO 6"" (15 CM ) X 6 3/4"" (17 CM ).",5.12366,0,C,Sin Marca,Sin descripcion,0,100,0
209019200,"APLICADOR DE MADERA CON ALGODÓN, ESTÉRIL  (SE SOLICITA DE 6"")",0.03,0,C,Sin Marca,Sin descripcion,0,100,0
209019501,APÓSITO HIDROCOLOIDE (FINO O EXTRA DELGADO)          (SE SOLICITA CUADRADO 15CM X 15CM).,2.705,0,C,Sin Marca,Sin descripcion,0,100,0
209019502,"APÓSITO HIDROCOLOIDE (Estándar, Regular o Extra Absorbente)                (SE SOICITA CUADRADO/IMPERMEABLE 20CM X 20CM).",4.1992,735,C,Sin Marca,Sin descripcion,0,100,0
209019503,APÓSITO HIDROCOLOIDE (FINO O EXTRA DELGADO)             (SE SOLICITA CUADRADO 10CM X 10CM),1.65,2580,C,Sin Marca,Sin descripcion,0,100,0
209019504,"APÓSITO HIDROCOLOIDE (Estándar, Regular o Extra Absorbente).  SE SOLICITA,  CUADRADO 15CM X 15CM",3.8,1560,C,Sin Marca,Sin descripcion,0,100,0
209019507,APOSITO TRANSPARENTE ESTERIL. (SE SOLICITA  CON VENTANA DE 8-10CM X 10-12.5CM),0.168,0,C,Sin Marca,Sin descripcion,0,100,0
209019508,APOSITO TRANSPARENTE ESTERIL. SE SOLICITA CON VENTANA TAMAÑO DE 5-6CM X 7-8CM,0.0898,0,C,Sin Marca,Sin descripcion,0,100,0
209019600,APOSITO OCULAR ADULTO ESTERIL,0.07,4800,C,Sin Marca,Sin descripcion,0,100,0
209019900,INSTRUMENTO DE ENGRAPADO PARA CIERRE DE PIEL DESECHABLE ,3.49,0,C,Sin Marca,Sin descripcion,0,100,0
209019902,"INSTRUMENTAL DE ENGRAPADO TORACO ABDOMINAL Y REGARGA, DESECHABLE (Se solicita carga de 60mm, 3.5mm de altura de grapa abierta y 1.5mm de altura de grapa cerrada. Y por cada dos (2) instrumentos con carga, debe entregar una recarga adicional) ",124.14,276,C,Sin Marca,Sin descripcion,0,100,0
209019903,"INSTRUMENTO DE ENGRAPADO TORACO ABDOMINAL Y RECARGA DESECHABLE (Se solicita carga de 30mm, 3.5mm de altura de grapa abierta y 1.5mm de altura de grapa cerrada. Por cada dos (2) instrumentos con carga, debe entregar una recarga adicional) ",123.7,0,C,Sin Marca,Sin descripcion,0,100,0
209019904,"INSTRUMENTO DE ENGRAPADO Y CORTE LINEAL PARA CIRUGIA ABIERTA, DESECHABLE. SE SOLICITA CARGA DE 60MM DE LARGO, ALTURA DE GRAPA ABIERTA 3.8MM Y ALTURA DE GRAPA CERRADA DE 1.5MM POR CADA INSTRUMENTO CON CARGA DEBE ENTREGAR (3) RECARGAS ADICIONALES.",79.06,0,C,Sin Marca,Sin descripcion,0,100,0
209019905,"INSTRUMENTAL DE ENGRAPADO TORACO ABDOMINAL Y RECARGA DESECHABLE (Se solicita instrumento recto, carga de longitud  de 90mm, altura de grapa abierta 3.5mm y altura de grapa cerrada 1.5mm. Por cada dos (2) instrumentos con carga, debe entregar una carga adicional) ",187.85,56,C,Sin Marca,Sin descripcion,0,100,0
209019906,"INSTRUMENTO DE ENGRAPADO MECANICO CIRCULAR,DESECHABLE.   SE SOLICITA INSTRUMENTO CURVO CON GRAPA DE 29MM CON GRAPAS DE ALTURA MINIMA DE 4.8 MM ABIERTA O INDICADOR DE ESCALA DE COMPRENSION DE 2 MM CERRADA",275.0,162,C,Sin Marca,Sin descripcion,0,100,0
209019907,"ENGRAPADORA  CIRCULAR CORTANTE CON YUNQUE ARTICULABLE PARA ANASTOMOSIS DIGESTIVA (Se solicita de 31mm, con grapas de altura mínima de 4.8mm abierta)",425.0,0,C,Sin Marca,Sin descripcion,0,100,0
209019910,"INSTRUMENTO DE ENGRAPADO MECÁNICO PARA FIJAR  MALLAS EN  HERNIAS, DESECHABLE, CON 10 GRAPAS O MAS, DE TITANIUM  DE 4.8mm (Por cada instrumento con su carga, debe entregar una carga adicional) ",123.855,0,C,Sin Marca,Sin descripcion,0,100,0
209020000,"INSTRUMENTO DE ENGRAPADO Y CORTE LINEAL RECTA ENDOSCOPICA CON O SIN
REGARGA,DESECHABLE     (SE SOLICITA Estándar: vástago de 16cm o longitud total de 34cm, LONGITUD DE 60MM DE LARGO, ALTURA DE GRAPA ABIERTA 3.5 Y CERRADA 1.5MM)                                                                                                                                                                                                                                                                                                                                                                                         Instrumento de engrapado de corte lineal de 12mm de diámetro.
",200.0,0,C,Sin Marca,Sin descripcion,0,100,0
209020002,"INSTRUMENTO DE ENGRAPADO Y CORTE LINEAL RECTA ENDOSCOPICA CON O SIN REGARGA,DESECHABLE (SE SOLICITA Estándar: vástago de 16cm o longitud total de 34cm, LONGITUD DE 60MM DE LARGO, ALTURA DE GRAPA ABIERTA 2.5 Y CERRADA 1.0MM)                                                                                                                                                                                                                                                                                                                                                                                        ",148.82,0,C,Sin Marca,Sin descripcion,0,100,0
209020600,"INSTRUMENTO PARA LIGAR VASOS, DE TITANIUM, DESECHABLE (Se solicita tamaño chico)",57.645,0,C,Sin Marca,Sin descripcion,0,100,0
209020700,ENGRAPADORA CURVA CORTANTE PARA TEJIDO GRUESO (CIRUGIA COLON RECTAL).,942.8,0,C,Sin Marca,Sin descripcion,0,100,0
209021204,"BANDEJA PRE OPERATORIA PARA LAVADO DE PIEL. (SE SOLICITA CON TENAZA Y DOS APLICADORES DE 3 PULGADAS CON PUNTA DE ALGODÓN).
",4.385,0,C,Sin Marca,Sin descripcion,0,100,0
209021205,"BANDEJA DE ANESTESIA RAQUIDEA DESEHABLE CON MEDICAMENTO SE SOLICITA (CON INTRODUCTOR, AGUJA PUNTA DE LAPIZ/SPROTE 25G LARGO 136MM CON AGUJA 22G x 1 1/2"", Epinefrina 1:1000, ampolla de 1ml y efedrina sulfato 50mg/ml, ampolla de 1ml, y CON BUPIVACAINA PESADA).",34.0,0,C,Sin Marca,Sin descripcion,0,100,0
209021504,"BOLSA MIXTA TERMOSELLABLE PARA ESTERILIZAR, 12"" X 16"" A 18""(304.8 mm  X  406.4 mm a 457.2 mm)",0.1,85800,C,Sin Marca,Sin descripcion,0,100,0
209021506,"BOLSA MIXTA TERMOSELLABLE PARA ESTERILIZACION 18""  X  24"" (450  X  600MM)",0.25,0,C,Sin Marca,Sin descripcion,0,100,0
209021507,"ROLLO SIN FUELLE TERMOSELLABLE PARA ESTERILIZACIÓN, DE 3"" DE ANCHO X 660 PIES (7.5CM Ó 75MM X 200 Mts)",12.3,0,C,Sin Marca,Sin descripcion,0,100,0
209021508,"ROLLO SIN FUELLE TERMOSELLABLE PARA ESTERILIZACION 4"" DE ANCHO x 660' (10cm Ó 100mm x 200mts)",14.535,316,C,Sin Marca,Sin descripcion,0,100,0
209021510,"BOLSA MIXTA TERMOSELLABLE PARA ESTERILIZAR, 3""  X  10"" a  10  1/2"" (75  X  255 a 265MM)",0.03,32000,C,Sin Marca,Sin descripcion,0,100,0
209021515,"BOLSA MIXTA TERMOSELLABLE PARA ESTERILIZAR 5 1/4"" A 5 1/2´´ X 10 1/2"" A 11´´ (130MM A 140MM X 260MM A 280MM) ",0.05,73900,C,Sin Marca,Sin descripcion,0,100,0
209021516,"BOLSA MIXTA TERMOSELLABLE PARA ESTERILIZAR, 8""  X  12""  (200  X  300MM)",0.07,18400,C,Sin Marca,Sin descripcion,0,100,0
209021600,"BOLSA HIDROSOLUBLE SE SOLICITA TAMAÑO 28"" X 39""",0.78,0,C,Sin Marca,Sin descripcion,0,100,0
209021701,"BOLSA DE 1 PIEZA PARA COLOSTOMIA / ILEOSTOMIA RECORTABLE, ABIERTA, PARA ADULTO .  (SE SOLICITA CON FILTRO DE CARBON INCORPORADO Y DIAMETRO DE 10mm o 12mm hasta 55mm)",2.63,567780,C,Sin Marca,Sin descripcion,0,100,0
209021702,"BOLSA DE 1 PIEZA PARA COLOSTOMIA / ILEOSTOMIA RECORTABLE, ABIERTA, PARA ADULTO . (SE SOLICITA CON FILTRO DE CARBON INCORPORADO Y DIAMETRO DE 10mm o 12mm hasta 70mm)",3.0,341370,C,Sin Marca,Sin descripcion,0,100,0
209021807,"BOLSA DE 1 PIEZA PARA COLOSTOMIA / ILEOSTOMIA PEDIATRICA, ABIERTA (RECORTABLE).  (SE SOLICITA DE 10MM A  35MM)",3.71,3300,C,Sin Marca,Sin descripcion,0,100,0
209021908,SISTEMA DE DOS PIEZAS PARA UROSTOMÌA DE ADULTO CON DIÀMETRO EXTERNO DE 50MM. OPACA (POR CADA DOS BOLSAS SE DEBERA ENTREGAR UN ARO),6.76,19800,C,Sin Marca,Sin descripcion,0,100,0
209022100,"BOLSA COLECTORA DE ORINA PARA ADULTO.
",0.77,0,C,Sin Marca,Sin descripcion,0,100,0
209022300,BOLSA COLECTORA DE ORINA DE 30 A 35 ONZA DE CAPACIDAD     (900CC A 1050CC) DE PIERNA . ,0.55,84624,C,Sin Marca,Sin descripcion,0,100,0
209022305,BOLSA BIODEGRADABLE COLECTORA DE VOMITO.,1.95,71304,C,Sin Marca,Sin descripcion,0,100,0
209024800,CUBIERTA DE ZAPATO (Se solicita sin cinta),0.055,0,C,Sin Marca,Sin descripcion,0,100,0
209025901,BRAZALETE DE IDENTIFICACIÓN PEDIATRICA. SE SOLICITA: 8 PULGADAS DE LONGITUD,0.0365,1196300,C,Sin Marca,Sin descripcion,0,100,0
209026003,BRAZALETE DE IDENTIFICACIÓN PARA ADULTOS.                (SE SOLICITA: 12 PULGADAS DE LONGITUD),0.037,3961244,C,Sin Marca,Sin descripcion,0,100,0
209026600,"CALCETA TUBULAR. SE SOLICITA TAMAÑO :  3 "" X 25 YARDAS DE ALGODON",8.33,0,C,Sin Marca,Sin descripcion,0,100,0
209026601,"MEDIA ANTIDESLIZANTE. SE SOLICITA MEDIANA (LONGITUD: 35cms, ANCHO 8.5cm)",0.976,37440,C,Sin Marca,Sin descripcion,0,100,0
209026602,"MEDIA ANTIDESLIZANTE (SE SOLICITA GRANDE Longitud: 40cms, ancho 9cm).",0.994,544558,C,Sin Marca,Sin descripcion,0,100,0
209026700,"CALCETA TUBULAR. SE SOLICITA TAMAÑO: 4 "" X 25 YARDAS.  DE ALGODON",25.0,2928,C,Sin Marca,Sin descripcion,0,100,0
209027200,"CANULA INTRAVENOSA SIN JERINGUILLA SE SOLICITA DE 18G  X  1  1/4""  A  1  1/2"" DE  POLIURETANO
",0.175,0,C,Sin Marca,Sin descripcion,0,100,0
209027401,"CANULA INTRAVENOSA SIN JERINGUILLA SE SOLICITA DE POLIURETANO  CALIBRE # 22 G X  DE 1"" A  1  1/4"" .
",0.27,0,C,Sin Marca,Sin descripcion,0,100,0
209027402,"CÁNULA INTRAVENOSA SIN JERINGUILLA  (SE SOLICITA DE POLIURETANO, CALIBRE # 24)",0.18005,0,C,Sin Marca,Sin descripcion,0,100,0
209027618,"CATETER DE HISTEROSONOGRAFIA, 5Fr O 7FR. SE SOLICITA TAMAÑO  5FR Y BALON DE 3CC",18.12,490,C,Sin Marca,Sin descripcion,0,100,0
209028600,"SONDA FOLEY DE LATEX RECUBIERTA CON SILICON, 2 VIAS CON BALON DE 3 CC/ML. SE SOLICITA CALIBRE 10FR",0.64,0,C,Sin Marca,Sin descripcion,0,100,0
209028700,"SONDA FOLEY DE LATEX RECUBIERTA CON SILICON, 2 VÍAS CON BALÓN DE 5 CC/ML. SE  SOLICITA  CALIBRE 12FR",0.529,0,C,Sin Marca,Sin descripcion,0,100,0
209028701,"SONDA FOLEY DE LATEX RECUBIERTA CON SILICON, 2 VÍAS CON BALÓN DE 5 CC/ML. SE SOLICITA  CALIBRE 18FR",0.51,0,C,Sin Marca,Sin descripcion,0,100,0
209028702,"SONDA FOLEY DE LATEX RECUBIERTA CON SILICON, 2 VÍAS CON BALÓN DE 5 CC/ML. SE SOLICITA CALIBRE 20FR",0.49,0,C,Sin Marca,Sin descripcion,0,100,0
209028703,"SONDA FOLEY DE LATEX RECUBIERTA CON SILICON, 2 VÍAS CON BALÓN DE 5 CC/ML. SE SOLICITA CALIBRE  22FR ",0.49,0,C,Sin Marca,Sin descripcion,0,100,0
209028800,"SONDA FOLEY DE LATEX RECUBIERTA CON SILICON, 2 VÍAS CON BALÓN DE 5 CC/ML. SE SOLICITA CALIBRE 14FR",0.44,0,C,Sin Marca,Sin descripcion,0,100,0
209028801,"SONDA FOLEY DE LATEX RECUBIERTA CON SILICON, 2 VÍAS CON BALÓN DE 5 CC/ML.  SE SOLICITA  CALIBRE 16FR",0.56,0,C,Sin Marca,Sin descripcion,0,100,0
209029810,"SONDA FOLEY DE LATEX RECUBIERTA CON SILICÒN, 3 VÌAS CON BALÒN DE 30 CC.  SE SOLICITA CALIBRE 24FR",0.89,0,C,Sin Marca,Sin descripcion,0,100,0
209029912,"TROCAR PARA CIRUGIA LAPAROSCOPICA DE 2MM A 15MM DE DIAMETRO, PUNTA CORTANTE DESECHABLESE.  (SE  SOLICITA TROCAR COMPLETO DE 5MM DE DIAMETRO Y DOS CAMISAS ADICIONALES)",18.888,0,C,Sin Marca,Sin descripcion,0,100,0
209029914,"TROCAR PARA CIRUGIA LAPAROSCOPICA, DE 2 A 15 MM DE DIAMETRO, PUNTA CORTANTE, DESECHABLE.,                                                                                                          (SE SOLICITA TROCAR COMPLETO DE 12MM DE DIAMETRO Y DOS CAMISAS ADICIONALES) ",20.57,0,C,Sin Marca,Sin descripcion,0,100,0
209030001,JUEGO PARA ACCESO VENOSO PERIFÉRICO (CANALIZACIÓN),0.493,0,C,Sin Marca,Sin descripcion,0,100,0
209030702,CERA DE HUESO. SE SOLICITA EN BASTÓN,2.49,0,C,Sin Marca,Sin descripcion,0,100,0
209030904,CINTA DE HILADILLO ESTERIL DE ALGODÓN TRENZADO,5.27875,0,C,Sin Marca,Sin descripcion,0,100,0
209031000,"CINTA INDICADORA PARA ESTERILIZACION A VAPOR.  SE SOLICITA TAMAÑO  DE  1/2"" X 60 O MAS YARDAS.",4.625,808,C,Sin Marca,Sin descripcion,0,100,0
209031001,"CINTA INDICADORA PARA ESTERILIZACION A VAPOR. SE SOLICITATAMAÑO 3/4"" X 60 Ó MAS YARDAS.",2.797,11735,C,Sin Marca,Sin descripcion,0,100,0
209031002,"CINTA INDICADORA PARA ESTERILIZACION A VAPOR                SE SOLICITA TAMAÑO  1"" X 60 O MAS YARDAS.",0.4,0,C,Sin Marca,Sin descripcion,0,100,0
209031100,COBERTOR PARA SILLETA (PALETA),2.21,19950,C,Sin Marca,Sin descripcion,0,100,0
209032201,PROTECTOR PLÁSTICO PARA EL OJO,8.675,1728,C,Sin Marca,Sin descripcion,0,100,0
209032301,"LAPIZ DE CAUTERIO, DESECHABLE CON CONTROL MANUAL DUAL.",1.238,0,C,Sin Marca,Sin descripcion,0,100,0
209032601,GEL PARA ELECTRODOS. SE SOLICITA TUBO DE 140 GRAMOS,76.9,1120,C,Sin Marca,Sin descripcion,0,100,0
209032700,"PROTECTOR DE COLCHÓN, DESECHABLE, ABSORBENTE, DE ALGODON O DE POLIETILENO POR UN LADO, (SE SOLICITA TAMAÑO 58.4 cm x 91.4 cm  (23""x36"")  ALGODÓN.",0.112,0,C,Sin Marca,Sin descripcion,0,100,0
209033101,VENDA AUTOADHERIBLE DE PLASTICO RECTANGULAR O LARGAS.        (CURITAS RECTANGULAR),0.00948,1042500,C,Sin Marca,Sin descripcion,0,100,0
209033200,VENDA ADHESIVA DE PLÁSTICO REDONDA,0.0085,269900,C,Sin Marca,Sin descripcion,0,100,0
209033201,GRAPA PARA LIGAR CORDON UMBILICAL,0.35,0,C,Sin Marca,Sin descripcion,0,100,0
209033306,"BATA DESECHABLE, PARA USO GENERAL NO ESTERIL .AAMI  NIVEL 3.  (SE SOLICITA TAMAÑO MEDIANO).",0.56,0,C,Sin Marca,Sin descripcion,0,100,0
209033311,BATA QUIRURGICA ESTERIL .AAMI NIVEL 3. (SE SOLICITA TAMAÑO MEDIANO):,0.98,0,C,Sin Marca,Sin descripcion,0,100,0
209033312,BATA QUIRURGICA ESTERIL .AAMI NIVEL 3. (SE SOLICITA TAMAÑO GRANDE).,0.97,0,C,Sin Marca,Sin descripcion,0,100,0
209033314,BATA QUIRURGICA ESTERIL .AAMI NIVEL 4. (SE SOLICITA TAMAÑO MEDIANO).,1.11,0,C,Sin Marca,Sin descripcion,0,100,0
209033315,BATA QUIRURGICA ESTERIL .AAMI NIVEL 4.    (SE SOLICITA TAMAÑO GRANDE).,1.14,0,C,Sin Marca,Sin descripcion,0,100,0
209033316,BATA QUIRURGICA ESTERIL .AAMI NIVEL 4.  (SE SOLICITA TAMAÑO EXTRA GRANDE).,1.12,3200,C,Sin Marca,Sin descripcion,0,100,0
209033400,"DEPRESOR DE LENGUA, ESTÉRIL  ",0.045,0,C,Sin Marca,Sin descripcion,0,100,0
209033600,DISECTOR CURVO (MARYLAND) PARA CIRUGIA LAPAROSCÓPICA (Se Solicita con DIAMETRO 5MM Y LONGITUD DE 29CM A 35CM CON ROTACION DEL EJE DE 360º),31.9,2676,C,Sin Marca,Sin descripcion,0,100,0
209034201,"CONECTOR LIBRE DE AGUJA (ESPIGA UNIVERSAL) PARA SOLUCIONES PARENTERALES, UNIDIRECCIONAL O BIDIRECCIONAL.                                                                                     SE SOLICITA: CON VÁLVULA ANTIRREFLUJO UNIDIRECCIONAL",2.889,0,C,Sin Marca,Sin descripcion,0,100,0
209034510,ELECTRODO DE MICROPORE PARA MONITOREO DE ADULTO                                                                                                    ,0.07,1457200,C,Sin Marca,Sin descripcion,0,100,0
209034512,ELECTRODO PARA  EKG MODELO PESTAÑA. SE SOLICITA: TAMAÑO NIÑO (PEDIATRICO),0.1,0,C,Sin Marca,Sin descripcion,0,100,0
209034700,"APOSITO ABDOMINAL 8"" X 10"" y 10"" x 12"" DE LONGITUD.  SE SOLICITA TAMAÑO: 8"" X 10"" DE LONGITUD. ",0.48,28212,C,Sin Marca,Sin descripcion,0,100,0
209034901,"ESPONJA DESECHABLE CON JABON NEUTRO. SE SOLICITA: TAMAÑO 20CM X 10CM X 1.0CM    
",0.4,0,C,Sin Marca,Sin descripcion,0,100,0
209035001,"TOALLA SANITARIA MATERNAL; TOALLA SANITARIA TIPO PERINEAL,     (SE SOLICITA EXTRA GRANDE DE 11 A 12 PULGADAS. NO ESTERIL)",0.11,0,C,Sin Marca,Sin descripcion,0,100,0
209035201,"CINTA ADHESIVA DE TELA DE ALGODON (ESPARADRAPO).  SE SOLICITA TAMAÑO DE 2"" X 10 Yds",6.77,0,C,Sin Marca,Sin descripcion,0,100,0
209035202,"CINTA ADHESIVA DE TELA DE ALGODON (ESPARADRAPO)  (SE SOLICITA TAMAÑO DE 3"" X 10 Yds).",0.63,6600,C,Sin Marca,Sin descripcion,0,100,0
209035203,"CINTA  ADHESIVA DE PLASTICO TRANSPARENTE. SE SOLICITA DE 1"" X 10 YARDAS                                                                                                                                                                                                                                 CINTA ADHESIVA DE PLASTICO TRANSPARENTE, HIPOALERGENICO, RESISTENTE A LA HUMEDAD (IMPERMEABLE),
TAMAÑO DE 1/2´´ A 3´´POR 10 YARDA O MAS DE LONGITUD.
LA INSTITUCION SOLICITARA EL TAMAÑO QUE REQUIERA.",16.38,0,C,Sin Marca,Sin descripcion,0,100,0
209035300,CINTA ADHESIVA DE TELA DE ALGODON (ESPARADRAPO) DE CORTE SURTIDO,6.13,0,C,Sin Marca,Sin descripcion,0,100,0
209035400,"CINTA ADHESIVA DE PAPEL MICROPOROSO. (SE SOLICITA DE 2"" DE ANCHO X 10 YARDAS DE LONGITUD).                                                                                                                                                                                                                                  
",0.81,0,C,Sin Marca,Sin descripcion,0,100,0
209035401,"CINTA ADHESIVA DE PAPEL MICROPOROSO. (SE SOLICITA DE 3"" X 10 Yads)                                                                                                                                                                                                                                                                      ",0.17,16854,C,Sin Marca,Sin descripcion,0,100,0
209036301,"CONECTOR O EQUIPO PARA INFUSIÓN DE SOLUCIÓN PARENTERAL, CON DOS FILTRO .",0.285,21030,C,Sin Marca,Sin descripcion,0,100,0
209036501,"GASA SIMPLE  TAMAÑO 3"" X 3"",12 DOBLECES NO ESTERIL.",0.06,0,C,Sin Marca,Sin descripcion,0,100,0
209036503,"GASA SIMPLE 4"" X 4"" CON 16 DOBLECES, NO ESTERIL.",0.02,4072000,C,Sin Marca,Sin descripcion,0,100,0
209036505,"GASA SIMPLE 8"" X 4"" CON 12 DOBLECES, NO ESTÉRIL.   ",0.03,2756400,C,Sin Marca,Sin descripcion,0,100,0
209037800,"GUANTES DE EXPLORACIÓN DE LÁTEX, NO ESTÉRIL (SE SOLICITA TAMAÑO CHICO).",0.019,774000,C,Sin Marca,Sin descripcion,0,100,0
209037801,"GUANTES DE EXPLORACIÓN DE LÁTEX, NO ESTÉRIL (SE SOLICITA TAMAÑO MEDIANO). ",0.019,0,C,Sin Marca,Sin descripcion,0,100,0
209037802,"GUANTES DE EXPLORACIÓN DE LÁTEX, NO ESTÉRIL (Se solicita tamaño grande) ",0.0239,2000,C,Sin Marca,Sin descripcion,0,100,0
209037900,"GUANTE QUIRURGICO DE LATEX ESTERIL.  SE SOLICITA TAMAÑO 6  1/2""  ",0.133,355800,C,Sin Marca,Sin descripcion,0,100,0
209037901,"GUANTES QUIRURGICO DE LATEX ESTERI (SE SOLICITA TAMAÑO 7 "").",0.133,0,C,Sin Marca,Sin descripcion,0,100,0
209037902,"GUANTES QUIRURGICO DE LATEX ESTERIL   (SE SOLICITA TAMAÑO 7 1/2"")",0.128,311600,C,Sin Marca,Sin descripcion,0,100,0
209037903,"GUANTES QUIRURGICO DE LATEX ESTERIL  (SE SOLICITA TAMAÑO 8"").",0.128,133400,C,Sin Marca,Sin descripcion,0,100,0
209038100,"ALGODON COMPRIMIDO 100% (SE SOLICITA  3"" x 4 YARDAS)
",0.73,0,C,Sin Marca,Sin descripcion,0,100,0
209038101,"VENDAJE DE 100% DE ALGODÓN COMPRIMIDO, NO ESTÉRIL (Se solicita tamaño 4""x 4 yardas) ",0.57,5940,C,Sin Marca,Sin descripcion,0,100,0
209038102,"ALGODON COMPRIMIDO 100% - 6"" x 4 YARDAS  (SE SOLICITA TAMAÑO 6 x 4"")",0.57,10488,C,Sin Marca,Sin descripcion,0,100,0
209038200,"HOJA, BISTURÍ, ACERO INOXIDABLE Nº10",0.16,0,C,Sin Marca,Sin descripcion,0,100,0
209038201,HOJA DE BISTURÍ  DE ACERO INOXIDABLE (SE SOLICITA TAMAÑO N° 11),0.17,0,C,Sin Marca,Sin descripcion,0,100,0
209038203,HOJA DE BISTURÍ  DE ACERO INOXIDABLE (SE SOLICITA TAMAÑO N° 15),1.075,0,C,Sin Marca,Sin descripcion,0,100,0
209038204,HOJA DE BISTURÍ  DE ACERO INOXIDABLE (SE SOLICITA TANAÑO N° 23) ,100.0,73600,C,Sin Marca,Sin descripcion,0,100,0
209038206,CUCHILLETE ESPATULADO ESTILO CRESCENT ,15.0,120,C,Sin Marca,Sin descripcion,0,100,0
209038207,CUCHILLA PARA FACOEMULSIFICACIÓN (Se solicita de 2.65mm),15.225,0,C,Sin Marca,Sin descripcion,0,100,0
209038208,CUCHILLA PARA FACOEMULSIFICACIÓN.  (SE SOLICITA TAMAÑO  3.2MM),10.5,0,C,Sin Marca,Sin descripcion,0,100,0
209039500,JERINGUILLA IRRIGACION 2ONZ  (60ML),0.8,400,C,Sin Marca,Sin descripcion,0,100,0
209039800,"JERINGUILLA DE 2-3 ML CON AGUJA DE 21 G X 1½ O 23 G X 1"". SE SOLICITA AGUJA DE 21 G X 1½.",0.019,0,C,Sin Marca,Sin descripcion,0,100,0
209039900,"JERINGUILLA DE 5 -6 ML,     (SE SOLICITA CON AGUJA 21 G X 1½ PULGADAS)",0.026,17900,C,Sin Marca,Sin descripcion,0,100,0
209040100,AGUJA METALICA CON PISTOLA AUTOMATICA PARA TOMA DE BIOPSIA.  (SE SOLICITA EL TAMAÑO 18G  X 10 A 25CM.),31.9,0,C,Sin Marca,Sin descripcion,0,100,0
209040200,"JERINGUILLA DE 10 -12 ML, CON AGUJA DE 21 G X 1½ PULGADAS.",0.039,11900,C,Sin Marca,Sin descripcion,0,100,0
209040500,"CANULA PARA IRRIGACION, CAUTERIO Y SUCCION ENDOSCOPICA DE GANCHO DE 5MM.",66.27,0,C,Sin Marca,Sin descripcion,0,100,0
209040600,SISTEMA CERRADO PARA DRENAJE DE FLUIDOS CONTINUOS REDONDO.  SE SOLICITA DE 10mm CON RESERVORIO DE 100CC,13.44,0,C,Sin Marca,Sin descripcion,0,100,0
209040601,SISTEMA CERRADO PARA DRENAJE DE FLUIDOS CONTINUOS REDONDO. SE SOLICITA DE 7mm CON RESERVORIO DE 100C1C,17.17,0,C,Sin Marca,Sin descripcion,0,100,0
209040900,"JERINGUILLA 20-25 ML,       (SE SOLICITA PUNTA DE ROSCA SIN AGUJA)",0.04428,0,C,Sin Marca,Sin descripcion,0,100,0
209041200,"JERINGUILLA 50-60ML. SE SOLICITA  50ml, PUNTA ROSCA S/AGUJA",0.205,130900,C,Sin Marca,Sin descripcion,0,100,0
209041900,"JERINGUILLA DE TUBERCULINA CON AGUJA 25 G X 5/8"".",3.45,0,C,Sin Marca,Sin descripcion,0,100,0
209041901,"JERINGUILLA DE TUBERCULINA     (SE SOLICITA CON AGUJA 26 G X 3/8"")",0.0307,5180800,C,Sin Marca,Sin descripcion,0,100,0
209042805,ROPA DESECHABLE PARA CIRUGIA ARTROSCOPICA,8.784,0,C,Sin Marca,Sin descripcion,0,100,0
209043101,"MASCARA DE TIENDA PARA OXIGENO DE ADULTO CON TUBO CORRUGADO  (MÁSCARA DE TIENDA, PARA ADULTO, DESECHABLE, DE VINIL TRANSPARENTE, MUY SUAVE, MOLDEADO PARA LA BARBILLA, TUBO CORRUGADO DE 6PIES ( 72 PULGADAS ), BANDA DE ELÁSTICO PARA LA CABEZA.)",2.0,0,C,Sin Marca,Sin descripcion,0,100,0
209043200,"RESPIRADORES CONTRA PARTICULAS DE ALTA FILTRACION N95 CON O SIN VALVULA DE EXALACION.        (SE SOLICITA TAMAÑO GRANDE , SIN VALVULA DE EXALACION).",0.9234,0,C,Sin Marca,Sin descripcion,0,100,0
209044100,"LLAVE DE TRES VIAS CON DOS (2) CONECTORES,ESTÉRIL.",0.375,85000,C,Sin Marca,Sin descripcion,0,100,0
209044300,"MALLA PARA REFORZAR PLANOS ANATOMICOS  SE SOLICITA DE 7.5 CM X 12.5CM                                                                                                                                                                                                                                                                                                                                        Para reparación tisular convencional y laparoscópica.
Especificaciones: 
1. Estéril.
2. Polipropileno monofilamentoso no absorbible.
3. Flexible.
4. Bordes lisos redondeados.
5. Autoexpandible.
6. Tamaños:
• 7.5cm a 30.4cm (3” a 12”) x 7.5cm a 35.5cm (3” a 14”).",48.0,280,C,Sin Marca,Sin descripcion,0,100,0
209044400,MALLA PARA REFORZAR PLANOS ANATOMICOS. SE SOLICITA TAMAÑO DE 15 CM X 15CM,39.5,0,C,Sin Marca,Sin descripcion,0,100,0
209044401,"MALLA PARA REFORZAR PLANOS ANATOMICOS, 3"" A 10"" (7.5 A 25.4CM.) X 5"" A 14"" ( 12.5CM  A 35CM),  (SOLICITAMOS  22.9CM X 35CM.)",131.5,0,C,Sin Marca,Sin descripcion,0,100,0
209045000,"MASCARILLA RECTANGULAR CON VISOR, SE SOLICITA CON VISOR PARA ADULTO",0.1587,0,C,Sin Marca,Sin descripcion,0,100,0
209045100,MASCARILLA PARA OXIGENO DE MEDIA CONCENTRACION. SE SOLICITA TAMAÑO ADULTO ALARGADA SIN RESVORIO                                                                                                                                                                                                                                    ,0.57,30600,C,Sin Marca,Sin descripcion,0,100,0
209045200,"MASCARILLA RECTANGULAR DESECHABLE CUATRO TIRAS , CON O SIN VISOR. SE SOLICITA  SIN VISOR TAMAÑO ADULTO",0.08,0,C,Sin Marca,Sin descripcion,0,100,0
209045301,"CONECTOR PARA ADMINISTRACION DE SOLUCION INTRAVENOSA CON BURETA (MICROGOTERO) (SE SOLICITA SITIO DE INYECCION CON MENBRANA  Y SITIO EN""Y""  LIBRE DE AGUJA) (SOLICITAMOS LIBRE DE AGUJA.)
",0.79,0,C,Sin Marca,Sin descripcion,0,100,0
209045304,MICRONEBULIZADOR CON MASCARA. SE SOLICITA TAMAÑO PEDIÁTRICO,0.40365,0,C,Sin Marca,Sin descripcion,0,100,0
209045306,MICRONEBULIZADOR CON MASCARA. SE SOLICITA TAMAÑO ADULTO,0.41445,0,C,Sin Marca,Sin descripcion,0,100,0
209045502,ALGODÓN EN MOTAS (SE SOLICITA MOTA DE 0.7GR) ,0.04,0,C,Sin Marca,Sin descripcion,0,100,0
209046111,"PAÑAL DESECHABLE PARA RECIEN NACIDO HASTA 5 LIBRAS (2.27Kg)                                                                                                                                                                                                                                                         
",0.26,0,C,Sin Marca,Sin descripcion,0,100,0
209046112,"PAÑAL DESECHABLE PARA ADULTO. SE SOLICITA TAMAÑO DE CINTURA 45"" A  58"" ( 114.3 CM A 147.32 CM)DE TELA NO TEJIDA)",0.405,430392,C,Sin Marca,Sin descripcion,0,100,0
209046113,PAÑAL DESECHABLE PARA NIÑO. SE SOLICITA PESO DE 6 A 14 LBS,0.22,199255,C,Sin Marca,Sin descripcion,0,100,0
209046114,PAÑAL DESECHABLE PARA NIÑO. SE SOLICITA PESO DE 12 A 24 LBS.                                                                                                                                                                                                                                                      ,0.305,204390,C,Sin Marca,Sin descripcion,0,100,0
209046700,"PAPEL PARA ESTERILIZAR GRADO MÉDICO. (MINIMO DE 60 GRAMOS POR METRO CUADRADO), SE SOLICITA DE 8"" X 8"" (20 CMS X 20 CMS).",0.0297,0,C,Sin Marca,Sin descripcion,0,100,0
209046701,"PAPEL PARA ESTERILIZAR GRADO MÉDICO (MINIMO DE 60 GRAMOS POR METRO CUADRADO) SE SOLICITA DE 12"" X  12"" (30 CMS X 30 CMS)",0.055,0,C,Sin Marca,Sin descripcion,0,100,0
209046704,"PAPEL PARA ESTERILIZAR GRADO MÉDICO (MINIMO 60 GRAMOS POR METRO CUADRADO), SE SOLICITA DE 16"" X  16"" (40 CMS X 40 CMS)",0.0368,0,C,Sin Marca,Sin descripcion,0,100,0
209046705,"PAPEL PARA ESTERILIZAR GRADO MÉDICO (MINIMO 60 GRAMOS POR METRO CUADRADO),  SE SOLICITA 18"" X 18"" (46 CMS. X 46 CMS.)",0.08,0,C,Sin Marca,Sin descripcion,0,100,0
209046707,"PAPEL PARA ESTERILIZAR GRADO MÉDICO (MINIMO DE 60 GRAMOS POR METRO CUADRADO), SE SOLICITA DE 24"" X 24"" 60 CMS. X 60 CMS.",0.105,0,C,Sin Marca,Sin descripcion,0,100,0
209046709,"PAPEL PARA ESTERILIZAR GRADO MÉDICO (MÍNIMO 60 GRAMOS POR METRO CUADRADO),  SOLICITAMOS 30"" X 30"" (75 CMS. 75 CMS.",0.22,0,C,Sin Marca,Sin descripcion,0,100,0
209047500,"PINZA DE AGARRE LAPAROSCOPICA CON DIENTE, 5MM DESECHABLE",37.747,0,C,Sin Marca,Sin descripcion,0,100,0
209047501,"INSTRUMENTO PARA LIGAR VASOS DE TITANIUM, DESECHABLE  (SE SOLICITA TAMAÑO GRANDE)",94.54,168,C,Sin Marca,Sin descripcion,0,100,0
209047502,"INSTRUMENTO PARA LIGAR VASOS DE TITANIUM, DESECHABLE  (SE SOLICITA TAMAÑO MEDIANO)",57.5,130,C,Sin Marca,Sin descripcion,0,100,0
209047600,PLACA PARA IMPRESIÓN PLANTAR,1.15,7030,C,Sin Marca,Sin descripcion,0,100,0
209048600,SISTEMA CERRADO PARA DRENAJE DE FLUIDOS CONTINUOS. SE SOLICITA DE 19FR. DE SILICONA RESERVORIO 400CC A 450CC,33.69,1060,C,Sin Marca,Sin descripcion,0,100,0
209048901, SISTEMA PARA ASPIRACION DE MUESTRA DE MUCOSIDADES (TRAMPA),1.65,0,C,Sin Marca,Sin descripcion,0,100,0
209049500,JUEGO DE BOLSA DESECHABLE PARA CADÁVER,6.487,5985,C,Sin Marca,Sin descripcion,0,100,0
209049600,CONECTOR LIBRE DE AGUJAS PARA ACCESOS VASCULARES VENOSOS,0.418,0,C,Sin Marca,Sin descripcion,0,100,0
209049700,SET DESECHABLE PARA REMOVER PUNTOS DE SUTURAS. SE SOLICITA PINZA DE METAL,1.77,0,C,Sin Marca,Sin descripcion,0,100,0
209049704,"SISTEMA DE CATÉTER URETERAL DOBLE J, PARA ADULTO. (SE SOLICITA DIAMETRO DE 6FR)",119.75,96,C,Sin Marca,Sin descripcion,0,100,0
209049800,"BANDEJA PARA PREPARACIÓN Y RASURADO DE LA PIEL
DESECHABLE PARA LA PREPARACION Y RASURADO DE LA PIEL, COMPUESTO POR: 1- BANDEJA PLÀSTICA CON COMPARTIMIENTOS. 2- UNA MAQUINA DE RASURAR CON SU HOJA. 3- GASA 4"" X 4"". 4- CON SOLUCION JABONOSA DE BETHADINE. 5- DOS (2) APLICADORES DE 3"" CON PUNTA DE ALGODÒN. 6- DOS (2)TOALLAS PARA LA LIMPIEZA.BANDEJA PARA PREPARACION Y RASURADO DE LA PIEL.",1.285,0,C,Sin Marca,Sin descripcion,0,100,0
209049802,RECIPIENTE PARA SUCCION  (SE SOLICITA CON VALVULA Y CAPACIDAD DE 1000 A 1500CC ) ,1.36,0,C,Sin Marca,Sin descripcion,0,100,0
209049803,RECIPIENTE PARA SUCCION  Con válvulas de cierre -Capacidad De  2000 A 3000 cc,1.36,1000,C,Sin Marca,Sin descripcion,0,100,0
209050104,SISTEMA DE SUCCION E IRRIGACION LAPAROSCOPICA CON ESPATULA,63.819,2734,C,Sin Marca,Sin descripcion,0,100,0
209051000,SONDA LISA DE CAUCHO BLANDO ROJO PARA CATETERISMO URETRAL. SE SOLICITA TAMAÑO 8 FR,0.3968,0,C,Sin Marca,Sin descripcion,0,100,0
209051001,SONDA LISA DE CAUCHO BLANDO ROJO PARA CATETERISMO URETRAL. (SE SOLICITA TAMAÑO 10 FR),0.3968,0,C,Sin Marca,Sin descripcion,0,100,0
209051002,SONDA LISA DE CAUCHO BLANDO ROJO PARA CATETERISMO URETRAL. (SE SOLICITA TAMAÑO 12 FR),0.435,0,C,Sin Marca,Sin descripcion,0,100,0
209051003,SONDA LISA DE CAUCHO BLANDO ROJO PARA CATETERISMO URETRAL. (SE SOLICITA TAMAÑO 14 FR),0.3872,0,C,Sin Marca,Sin descripcion,0,100,0
209051004,SONDA LISA DE CAUCHO BLANDO ROJO PARA CATETERISMO URETRAL. SE SOLICITA  TAMAÑO 16FR,0.635,0,C,Sin Marca,Sin descripcion,0,100,0
209051005,SONDA LISA DE CAUCHO BLANDO ROJO PARA CATETERISMO URETRAL. (SE SOLICITA TAMAÑO 18 FR),0.42,0,C,Sin Marca,Sin descripcion,0,100,0
209051201,"CATETER DE SUCCION NASO-FARINGEA . SE SOLICITA, CALIBRE 8FR DE 35CM DE LONGITD, CON GRADUACION Y PRESENTACION LONGITUDINAL.
",0.715,0,C,Sin Marca,Sin descripcion,0,100,0
209051300,"CATETER DE SUCCION NASO-FARINGEA . SE SOLICITA, CALIBRE 10FR DE 45CM DE LONGITD, CON GRADUACION Y PRESENTACION LONGITUDINAL.

",0.445,2850,C,Sin Marca,Sin descripcion,0,100,0
209051301,"CATETER DE SUCCION NASO-FARINGEA. (SE SOICITA, CALIIBRE 12FR DE 45CM DE LONGITD, CON GRADUACION Y PRESENTACION LONGITUDINAL.)",0.585,12600,C,Sin Marca,Sin descripcion,0,100,0
209051302,"CATETER DE SUCCION NASO-FARINGEA . SE SOLICITA, CALIBRE 14FR DE 45CM DE LONGITUD, CON GRADUACION Y PRESENTACION LONGITUDINAL.

",0.59,40660,C,Sin Marca,Sin descripcion,0,100,0
209051303,"CATETER DE SUCCION NASO-FARINGEA. (SE SOLICITA, CALIBRE 16FR DE 45CM DE LONGITD, CON GRADUACION Y PRESENTACION LONGITUDINAL.)",0.74,83640,C,Sin Marca,Sin descripcion,0,100,0
209051304,"CATETER DE SUCCION NASO-FARINGEA SE SOLICITA CALIBRE 18Fr,45cm DE LONGITUD CON GRADUACION Y PRESENTACION LONGITUDINAL
",9.925,28800,C,Sin Marca,Sin descripcion,0,100,0
209051901,"MALLA HEMOSTATICA  (SE SOLICITA TIPO MALLA 2"" X 14"", 5CM X 35CM)                                                                                                                                                                                                                                                                                                                            ",8.5,0,C,Sin Marca,Sin descripcion,0,100,0
209051902,"MALLA HEMOSTATICA       SE SOLICITA  TIPO MALLA 4"" X 8"", 10CM X 20CM",9.9,0,C,Sin Marca,Sin descripcion,0,100,0
209051903,MALLA HEMOSTATICA (SE SOLICITA TIPO TELA DE 7.5 CM X 10.2CM DE LARGO).,38.0,0,C,Sin Marca,Sin descripcion,0,100,0
209051906,MALLA QUIRURGICA TRIDIMENSIONAL PARA REFORZAR PLANOS ANATOMICOS  SE SOLICITA  4.5CM X 7.5CM                                                                                                                                                                                                                      ,194.12101,0,C,Sin Marca,Sin descripcion,0,100,0
209051907,MALLA QUIRURGICA TRIDIMENSIONAL PARA REFORZAR PLANOS ANATOMICOS  (SE SOLICITA 4.5CMS X 10CM  (BASE DE 10CMS TAMAÑO GRANDE)                                                                                                                                                                                                                      ,206.11,0,C,Sin Marca,Sin descripcion,0,100,0
209052001,MALLA EXPANDIBLE TUBULAR            (SE SOLICITA TAMAÑO 1),3.62253,36,C,Sin Marca,Sin descripcion,0,100,0
209052002, MALLA EXPANDIBLE TUBULAR. SE SOLICITA  TAMAÑO 2 CON CODIFICACIÓN DE COLORES. ,3.13,0,C,Sin Marca,Sin descripcion,0,100,0
209052004," MALLA EXPANDIBLE TUBULAR.  SE SOLICITA TAMAÑO 4, SIN CODIFICADOR DE COLORES.",5.37,5622,C,Sin Marca,Sin descripcion,0,100,0
209052005,MALLA EXPANDIBLE TUBULAR.           (SE SOLICITA TAMAÑO 5),6.89,0,C,Sin Marca,Sin descripcion,0,100,0
209052006,MALLA EXPANDIBLE TUBULAR.  SE SOLICITA TAMAÑO 6,6.985,0,C,Sin Marca,Sin descripcion,0,100,0
209052007,MALLA EXPANDIBLE TUBULAR.  SE SOLICITA TAMAÑO 7,8.68441,0,C,Sin Marca,Sin descripcion,0,100,0
209052008,MALLA EXPANDIBLE TUBULAR.   (SE SOLICITA TAMAÑO 8 SIN CODIFICADOR DE COLORES),9.28012,14072,C,Sin Marca,Sin descripcion,0,100,0
209052009,MALLA EXPANDIBLE TUBULAR. SE SOLICITA TAMAÑO 9 SIN CODIFICADOR DE COLORES.,16.225,0,C,Sin Marca,Sin descripcion,0,100,0
209052102,"FÉRULA CERVICAL PARA CUELLO DE DOS PIEZAS, TIPO PHILADELPHIA CIRCUNFERENCIA: PEQUEÑO DE 10"" A 13"". ALTURA: DE 2¼ A 3¼",10.82417,0,C,Sin Marca,Sin descripcion,0,100,0
209052103,"FÉRULA CERVICAL PARA CUELLO DE DOS PIEZAS, TIPO PHILADELPHIA, CIRCUNFERENCIA: MEDIANO DE 13"" A 16"". ALTURA: DE 2¼ A 4¼",20.0,510,C,Sin Marca,Sin descripcion,0,100,0
209052104,"FÉRULA CERVICAL PARA CUELLO DE DOS PIEZAS, TIPO PHILADELPHIA (Se solicita circunferencia grande de  16"" a 19"", altura de 1½"" a 5¼"")                                                                                                   ",14.11,376,C,Sin Marca,Sin descripcion,0,100,0
209052502,TAPON HEPARINIZADO PARA CANULA INTRAVENOSA. Para el cierre temporal de cánula intravenosa y administración de medicamentos a intervalos regulares.(Se Solicita con membrana de látex y con Con conexión de rosca (luer lock).,0.165,265900,C,Sin Marca,Sin descripcion,0,100,0
209052801,TIJERA CURVA PARA CIRUGIA LAPAROSCÓPICA. ,34.22,0,C,Sin Marca,Sin descripcion,0,100,0
209053500,TUBO UNIVERSAL DE PLASTICO.  SE SOLICITA DE 6 MM. (1/4 DE PULGADA) DE LONGITUD DE 30 MT. (100PIES),6.05,0,C,Sin Marca,Sin descripcion,0,100,0
209054600,"TUBO NASOGASTRICA TIPO LEVIN .SOLICITAMOS TAMAÑO 8 FR, LONG 120CM.
",0.615,1084,C,Sin Marca,Sin descripcion,0,100,0
209054601,"TUBO NASOGASTRICA TIPO LEVIN. SOLICITAMOS TAMAÑO 10FR, LONG 120CM
",0.975,2934,C,Sin Marca,Sin descripcion,0,100,0
209054602,"TUBO NASOGASTRICA TIPO LEVIN. SOLICITAMOS TAMAÑO 12 FR, LONG 120CM
",1.045,1464,C,Sin Marca,Sin descripcion,0,100,0
209054700,"TUBO NASOGASTRICA TIPO LEVIN. SOLICITAMOS TAMAÑO 18 FR, LONG 120CM",0.955,5460,C,Sin Marca,Sin descripcion,0,100,0
209054800,"TUBO NASOGÁSTRICO TIPO LEVIN (Se solicita de 16 FR, longitud 120cm)  
",46.25,1200,C,Sin Marca,Sin descripcion,0,100,0
209055601,TUBO ENDOTRAQUEAL CON BALON            (SE SOLICITA TAMAÑO DE 7MM),0.513,76480,C,Sin Marca,Sin descripcion,0,100,0
209055602,TUBO ENDOTRAQUEAL CON BALON. SE SOLICITA TAMAÑO DE 7.5MM,0.513,24880,C,Sin Marca,Sin descripcion,0,100,0
209055603,TUBO ENDOTRAQUEAL CON BALON             (SE SOLICITA TAMAÑO DE 8MM),0.513,74040,C,Sin Marca,Sin descripcion,0,100,0
209055604,TUBO ENDOTRAQUEAL CON BALON.                                      (SE SOLICITA TAMAÑO DE 8.5MM),0.513,440,C,Sin Marca,Sin descripcion,0,100,0
209055901,CANÚLA DE TRAQUEOSTOMÍA. SE SOLICITA TAMAÑO N° 8,39.99,76,C,Sin Marca,Sin descripcion,0,100,0
209055904,CANÚLA DE TRAQUEOSTOMÍA.                      (SE SOLICITA TAMAÑO N° 6),0.62,272,C,Sin Marca,Sin descripcion,0,100,0
209056301,CÁNULA OROFARINGEA TIPO BERMAN (SE SOLICITA DE 90MM ADULTO).,0.525,0,C,Sin Marca,Sin descripcion,0,100,0
209056302,CANULA OROFARINGEA TIPO BERMAN. SE SOLICITA N°10 (100MM) ADULTO,0.39,40224,C,Sin Marca,Sin descripcion,0,100,0
209056400,"SONDA O TUBO PARA ALIMENTACIÓN ENTERAL DE 5 FR A 20FR, Se solicita calibre 5FR y 38cm de longitud CON TAPON INCORPORADO
",1.72,14800,C,Sin Marca,Sin descripcion,0,100,0
209056500,SONDA O TUBO PARA ALIMENTACION ENTERAL DE 5 FR A 20FR.        (SE SOLICITA CALIBRE 8 FR Y 38CM DE LONGITUD),0.55,0,C,Sin Marca,Sin descripcion,0,100,0
209056700,"TUBOS DE DRENAJE TIPO PENROSE. SE SOLICITA 1/4"" 6.35MM x 45.7 CM",0.968,0,C,Sin Marca,Sin descripcion,0,100,0
209056702,"TUBO DE DRENAJE TIPO PEMROSE. SE SOLICITA DE:  1/2"" (12.70MM)  X 12"" (30.5CM)  DE LONGITUD",1.5,0,C,Sin Marca,Sin descripcion,0,100,0
209056800,CANULA NASAL PARA ADMINISTRAR OXIGENO (SE SOLICITA TAMAÑO ADULTO),0.28,0,C,Sin Marca,Sin descripcion,0,100,0
209056801,CANULA NASAL PARA ADMINISTRAR OXIGENO. SE SOLICITA: TAMAÑO PEDIATRICO,0.6,10232,C,Sin Marca,Sin descripcion,0,100,0
209057600,VASO PLÁSTICO DESECHABLE  PARA MEDICAMENTO (SE SOLICITA SIN TAPA),0.029,29400,C,Sin Marca,Sin descripcion,0,100,0
209057702,"VENDA ABDOMINAL QUIRÚRGICA . (SE SOLICITA  TAMAÑO 18 X 18"" PULGADAS).                                                                                                                                                                                                                          ",0.228,115200,C,Sin Marca,Sin descripcion,0,100,0
209057800,"VENDA AJUSTABLE DE GASA ABSORBENTE DE 1 A 2 DOBLECES (Se solicita de 1"") ",0.16,0,C,Sin Marca,Sin descripcion,0,100,0
209057801,"VENDA AJUSTABLE DE GASA ABSORBENTE DE 1 A 2 DOBLECES. SE SOLICITA TAMAÑO DE  2""",0.0794,11556,C,Sin Marca,Sin descripcion,0,100,0
209057802,"VENDA AJUSTABLE DE GASA ABSORBENTE DE 1 A 2 DOBLECES. SE  SOLICITA  TAMAÑO DE  3""",0.12325,1704,C,Sin Marca,Sin descripcion,0,100,0
209057803,"VENDA AJUSTABLE DE GASA ABSORBENTE DE 1 A 2 DOBLECES. SE  SOLICITA TAMAÑO DE  4""",0.1368,124428,C,Sin Marca,Sin descripcion,0,100,0
209058002,"VENDA DE GASA SIMPLE 1 A 4"" DE ANCHO                                                                                                                                                                                                              ",0.241,0,C,Sin Marca,Sin descripcion,0,100,0
209058003,"VENDA DE GASA SIMPLE  (Se solicita de 4"" de ancho y 10yds de longitud). ",1.135,20544,C,Sin Marca,Sin descripcion,0,100,0
209058100,"VENDA ELASTICA  SE SOLICITA 2"" DE ANCHO X 5"" YARDAS DE LONGITUD                                                                                                                                                                                                                                                                            ",0.645,120,C,Sin Marca,Sin descripcion,0,100,0
209058101,"VENDA ELASTICA  SE SOLICITA 3"" DE ANCHO X 5"" YARDAS DE LONGITUD                                                                                                                                                                                                                                                                               ",0.26194,0,C,Sin Marca,Sin descripcion,0,100,0
209058102,"VENDA ELASTICA  SE SOLICITA 4"" DE ANCHO X 5"" YARDAS DE LONGITUD                                                                                                                                                                                                                                                                               ",1.335,736,C,Sin Marca,Sin descripcion,0,100,0
209058103,"VENDA ELASTICA  SE SOLICITA 6"" DE ANCHO X 5"" YARDAS DE LONGITUD                                                                                                                                                                                                                                                                               ",0.74,26976,C,Sin Marca,Sin descripcion,0,100,0
209058300,"VENDA DE YESO     (SE SOLICITA DE FRAGUADO RÁPIDO DE 3"" X 3 YARDAS, DE MAXIMO DE 5 MINUTOS)",0.84,12820,C,Sin Marca,Sin descripcion,0,100,0
209058301,"VENDA DE YESO . SE SOLICITA DE FRAGUADO RÁPIDO MAXIMO DE 5 MINUTOS DE 4"" X 3 YARDAS",2.02,0,C,Sin Marca,Sin descripcion,0,100,0
209058302,"VENDA DE YESO, SE SOLICITA DE FRAGUADO RÁPIDO MAXIMO DE 5 MINUTOS DE  4"" X 5 YARDAS.",2.055,0,C,Sin Marca,Sin descripcion,0,100,0
209058303,"VENDA DE YESO  SE SOLICITA DE FRAGUADO RÁPIDO MAXIMO DE 5 MINUTOS DE 5"" X 5 YARDAS",2.45,0,C,Sin Marca,Sin descripcion,0,100,0
209058304,"VENDA DE YESO, SE SOLICITA DE FRAGUADO RÁPIDO MAXIMO DE 5 MINUTOS DE 6"" X 5 YARDAS.",3.53,0,C,Sin Marca,Sin descripcion,0,100,0
209058306,"VENDA DE YESO, SE SOLICITA DE FRAGUADO RÁPIDO MAXIMO DE  5 MINUTOS DE  8"" X 5 YARDAS.",3.49,0,C,Sin Marca,Sin descripcion,0,100,0
209058400,"VENDA DE GASA ABSORBENTE AJUSTABLE,  6 DOBLECES",0.382,0,C,Sin Marca,Sin descripcion,0,100,0
209058900,"SUTURA CATGUT CRÓMICO, CALIBRE 0, LONGITUD 67 A 75 CM.  AGUJA DE 35 A 37MM, DELGADA, ½ ÍIRCULO, PUNTA REDONDA. ",0.95,47424,C,Sin Marca,Sin descripcion,0,100,0
209059200,"SUTURA: CATGUT CRÓMICO, CALIBRE 1",1.3,216,C,Sin Marca,Sin descripcion,0,100,0
209059300,"SUTURA: CATGUT CRÓMICO, (SE SOLICITA CALIBRE 1)",0.81651,0,C,Sin Marca,Sin descripcion,0,100,0
209059400,"SUTURA: CATGUT CRÓMICO, CALIBRE 1, LONGITUD 75 CM,  AGUJA DE  37 MM, GRUESA, ½ CÍRCULO, PUNTA REDONDA GRUESA. ",1.21,0,C,Sin Marca,Sin descripcion,0,100,0
209059700,"SUTURA: CATGUT CRÓMICO, CALIBRE 2-0",1.4,0,C,Sin Marca,Sin descripcion,0,100,0
209059800,"SUTURA: CATGUT CRÓMICO CALIBRE  2-0,  SE SOLICITA DE LONGITUD DE 75 CM CON AGUJA DE 37 MM PUNTA REDONDA DELGADA",1.39,0,C,Sin Marca,Sin descripcion,0,100,0
209059901,"SUTURA: CATGUT SIMPLE, CALIBRE 2-0, LONGITUD 67 A 75cm, AGUJA DE 20 A 22mm, ½ CÍRCULO, PUNTA REDONDA ESTÉRIL ",1.12,300,C,Sin Marca,Sin descripcion,0,100,0
209060000,"SUTURA: CATGUT CRÓMICO, CALIBRE 3-0",1.7,576,C,Sin Marca,Sin descripcion,0,100,0
209060300,"SUTURA: CATGUT CROMICO, CALIBRE 4-0",0.73158,0,C,Sin Marca,Sin descripcion,0,100,0
209060500,"SUTURA: CATGUT CRÓMICO, CALIBRE  5-0, LONGITUD 45 CM. AGUJA DE 12 o 13 MM., ⅜ CÍRCULO, PUNTA CORTANTE ESTÉRIL. ",58.9,0,C,Sin Marca,Sin descripcion,0,100,0
209062502,"SUTURA: POLIPROPILENO MONOFILAMENTO AZUL, CALIBRE 0",0.87421,0,C,Sin Marca,Sin descripcion,0,100,0
209062504,"SUTURA: POLIPROPILENO MONOFILAMENTO AZUL, CALIBRE 2-0, AGUJA REDONDA LONGITUD 75 A 90 CM. AGUJA DOBLE DE 25 A 26 MM., ½ CÍRCULO, PUNTA REDONDA ESTÉRIL. ",1.43,576,C,Sin Marca,Sin descripcion,0,100,0
209062506,"SUTURA DE POLIPROPILENO MONOFILAMENTO AZUL,CALIBRE1",0.93152,3840,C,Sin Marca,Sin descripcion,0,100,0
209062602,"SUTURA: NYLON MONOFILAMENTO, CALIBRE 3-0",0.51121,0,C,Sin Marca,Sin descripcion,0,100,0
209062701,"SUTURA NYLON MONOFILAMENTO, CALIBRE 3-0 Con longitud 75 cm. con aguja de 24 mm., 3/8 circulo, punta cortantes reverso estéril.",0.47,0,C,Sin Marca,Sin descripcion,0,100,0
209062704,"SUTURA: NYLON MONOFILAMENTO, CALIBRE 4-0",0.49749,0,C,Sin Marca,Sin descripcion,0,100,0
209062902,SUTURA NYLON MONOFILAMENTO CALIBRE 10-0.      ,5.98,0,C,Sin Marca,Sin descripcion,0,100,0
209063300,"SUTURA: NYLON MONOFILAMENTO, SE SOLICITA CALIBRE 6-0",1.245,0,C,Sin Marca,Sin descripcion,0,100,0
209063306,"SUTURA: NYLON MONOFILAMENTO, CALIBRE 5-0, LONGITUD 45 CM., AGUJA DE 19 MA 20 MM., ⅜ CÍRCULO, PUNTA CORTANTE. ",0.845,21456,C,Sin Marca,Sin descripcion,0,100,0
209063308,"SUTURA: POLIPROPILENO MONOFILAMENTO, CALIBRE 7-0",2.64575,960,C,Sin Marca,Sin descripcion,0,100,0
209063313,"SUTURA MONOFILAMENTO POLIDIOXANONA CALIBRE 4-0    (SE SOLICITA: calibre 4-0,longitud 45cm, aguja de 19mm,3/8 circulo,punta cortante.)",7.1,816,C,Sin Marca,Sin descripcion,0,100,0
209063317,SUTURA MONOFILAMENTO POLIDIOXANONA  CALIBRE 1                                                                                                                                                                                                                                                                                                                                                                                                                                                 ,17.78,0,C,Sin Marca,Sin descripcion,0,100,0
209063318,"SOLUCION ADHESIVA TOPICA PARA LA SUTURA DE LA PIEL  (SE SOLICITA DE 0.5ML ESTERIL DE USO UNICO, EN ENVASE BURBUJA CON PUNTA, APLICADOR, DE FORMULACION MONOMETRICA DE (2 OCTIL CIANOACRILATO) Y CON BARRERA MICROBIAL DE 0.25ML,0.50ML,0.75ML DE LIQUIDO ADHESIVO.)",22.69,0,C,Sin Marca,Sin descripcion,0,100,0
209063402,"SUTURA: ÁCIDO POLIGLICÓLICO TRENZADO, CALIBRE  0, (SE SOLICITA LONGITUD 75CM AGUJA DE 26 MM, 1/2 CIRCULO, PUNTA REDONDA GRUESA)",1.365,0,C,Sin Marca,Sin descripcion,0,100,0
209063404,"SUTURA: ACIDO POLIGLICOLICO TRENZADO, CALIBRE 0, LONGITUD 70 CM. AGUJA DE 37 MM. GRUESA 1/2 CIRCULO, PUNTA REDONDA ESTERIL. ",1.315,0,C,Sin Marca,Sin descripcion,0,100,0
209063406,"SUTURA: ACIDO POLIGLICOLICO TRENZADO, CALIBRE 1, SE SOLICITA AGUJA DE 35 MM. LONGITUD 70CM",1.295,2484,C,Sin Marca,Sin descripcion,0,100,0
209063500,"SUTURA: ÁCIDO POLIGLICÓLICO TRENZADA, CALIBRE 2-0",1.59,0,C,Sin Marca,Sin descripcion,0,100,0
209063504,"SUTURA: ÁCIDO POLIGLICÓLICO TRENZADO, CALIBRE 1 LONGITUD 67 A 75 CM. AGUJA DE 35 A 37 MM., 1/2 CÍRCULO, PUNTA REDONDA GRUESA.                                                                                              SOLICITAMOS: AGUJA CALIBRE 36MM LONG 70CM ",1.39,0,C,Sin Marca,Sin descripcion,0,100,0
209063509,"SUTURA ACIDO POLIGLICOLICO TRENZADO, CALIBRE 4-0, SE SOLICITA AGUJA 19MM, 3/8 CIRCULO PUNTA CORTANTE ESTERIL, LONGITUD 45CM",1.38,0,C,Sin Marca,Sin descripcion,0,100,0
209063510,"SUTURA: ACIDO POLIGLICÓLICO TRENZADO, CALIBRE 4-0",1.355,7524,C,Sin Marca,Sin descripcion,0,100,0
209063513,"SUTURA: ÁCIDO POLIGLICÓLICO TRENZADO, CALIBRE 3-0 ",1.58,5124,C,Sin Marca,Sin descripcion,0,100,0
209063802,"SUTURA ACIDO POLIGLICOLICO TRENZADO, SE SOLICITA CALIBRE 6-0",4.03,2448,C,Sin Marca,Sin descripcion,0,100,0
209064000,SUTURA: SEDA NEGRA TRENZADA SILICONIZADA CALIBRE 0,0.84,648,C,Sin Marca,Sin descripcion,0,100,0
209064200,SUTURA: SEDA NEGRA TRENZADA SILICONIZADA CALIBRE 1.,0.865,6432,C,Sin Marca,Sin descripcion,0,100,0
209064201,"SUTURA: SEDA NEGRA TRENZADA SILICONIZADA, CALIBRE 1,  SE SOLICITA   LONGITUD 75CM.,  10 HEBRAS",1.585,8160,C,Sin Marca,Sin descripcion,0,100,0
209064400,"SUTURA: SEDA NEGRA TRENZADA SILICÓN IZADA CALIBRE 2.0, SE SOLICITA LONGITUD 75CM, 10 HEBRAS",0.905,0,C,Sin Marca,Sin descripcion,0,100,0
209064500,"SUTURA: SEDA NEGRA TRENZADA SILICONIZADA CALIBRE 2.0, SE SOLICITA DE LONGITUD 75CM",0.81,7512,C,Sin Marca,Sin descripcion,0,100,0
209064600,"SUTURA: SEDA NEGRA TRENZADA SILICÓNIZADA, CALIBRE 3-0",1.08,0,C,Sin Marca,Sin descripcion,0,100,0
209064701,"SUTURA: SEDA NEGRA TRENZADA SILICONIZADA, CALIBRE 3-0",0.49784,55972,C,Sin Marca,Sin descripcion,0,100,0
209064800,SUTURA: SEDA NEGRA TRENZADA SILICONIZADA CALIBRE 3.0   SE SOLICITA AGUJA DE 22 MM,1.75,4656,C,Sin Marca,Sin descripcion,0,100,0
209065300,"SUTURA: SEDA NEGRA TRENZADA SILICONIZADA, CALIBRE 4-0, LONGITUD 45cm, AGUJA DE 12 A 13mm, ⅜ CÍRCULO, PUNTA CORTANTE, ESTÉRIL",0.72,3156,C,Sin Marca,Sin descripcion,0,100,0
209065500,"SUTURA: SEDA NEGRA TRENZADA  SILICONIZADA, CALIBRE 6-0. SE SOLICITA LONGITUD 45 CM.  AGUJA DE 11 A 12 MM., 3/8 CIRCULO, PUNTA CORTANTE",1.28,8496,C,Sin Marca,Sin descripcion,0,100,0
209066101,"SUTURA: POLIPROPILENO MONOFILAMENTO CALIBRE 3-0, DE LONGITUD 90CM, DOBLE AGUJA DE 25 - 26MM, 1/2 CÍRCULO PUNTA REDONDA ESTÉRIL",1.645,72,C,Sin Marca,Sin descripcion,0,100,0
209069700,PLANCHA DE CAUTERIO DESECHABLE,1.648,3200,C,Sin Marca,Sin descripcion,0,100,0
209076301,"APOSITO PROTECTOR, (SE SOLICITA TAMAÑO 10CM X 10CM)",3.4,1600,C,Sin Marca,Sin descripcion,0,100,0
209076401,"APOSITO DE ESPUMA, se solicita Tamaños con borde 15 CM X 20 CM",3.59,0,C,Sin Marca,Sin descripcion,0,100,0
209076501,"APOSITO DE ESPUMA, se solicita Tamaños sin borde 12.5CM X 12.5CM",26.5,2400,C,Sin Marca,Sin descripcion,0,100,0
209076601,"APOSITO DE ESPUMA, se solicita Tamaños SIN BORDEN 20CM X 20CM",4.78,0,C,Sin Marca,Sin descripcion,0,100,0
209076701,"CAPA POROSA O BIOMATRIZ, SE SOLICITA TAMAÑO 10 cm x 10 cm, con 420 agujeros de 1600 micrones.",60.0,8400,C,Sin Marca,Sin descripcion,0,100,0
209077401,"SOLUCIÓN PARA LAVADO, IRRIGACIÓN Y DESBRIDAMIENTO DE HERIDAS, se solicita Botella con tapa rosca 500ml",25.0,48,C,Sin Marca,Sin descripcion,0,100,0
209077501,"SOLUCIÓN PARA LAVADO, IRRIGACIÓN Y DESBRIDAMIENTO DE HERIDAS, se solicita, Dispensador en aerosol con tapa atomizador 250 ml",20.25,2368,C,Sin Marca,Sin descripcion,0,100,0
209077601,"SOLUCIÓN PARA LAVADO, IRRIGACIÓN Y DESBRIDAMIENTO DE HERIDAS, se solicita tamaño en bolsas con puerto de irrigación de 1000 ml.",62.405,388,C,Sin Marca,Sin descripcion,0,100,0
209077701,"SOLUCIÓN PARA LAVADO, IRRIGACIÓN Y DESBRIDAMIENTO DE HERIDAS, SE SOLICITA EL TAMAÑO Compresa presaturada Empaque individual de gasa de 8 capas de 10 cm x 10 cm.",6.9,29000,C,Sin Marca,Sin descripcion,0,100,0
209077801,"SOLUCIÓN PARA LAVADO, IRRIGACIÓN Y DESBRIDAMIENTO DE HERIDAS SE SOLICITA, Gel Dispensador en spray aerosol 100 g.",47.5,1864,C,Sin Marca,Sin descripcion,0,100,0
209091701,"ESPUMA DE POLIURETANO (PU) CON SISTEMA DE CONTROL DE CARGA DE TRANSPIRACIÓN CONTINUA, se solicita 4"" x 5"" (10.2 cm x 12.7 cm)",27.79,15560,C,Sin Marca,Sin descripcion,0,100,0
209091801,"ESPUMA DE POLIURETANO (PU) CON SISTEMA DE CONTROL DE CARGA DE TRANSPIRACIÓN CONTINUA, se solicita ""8x8""(20.3 cm x 20.3 cm)",73.41,6900,C,Sin Marca,Sin descripcion,0,100,0
209091901,"ESPUMA DE POLIURETANO CON SISTEMA DE CONTROL DE CARGA IMPERMEABLE, (SE SOLICITA TAMAÑO ""4 x 5"" (10.2cm x 12.7 cm)",27.79,6290,C,Sin Marca,Sin descripcion,0,100,0
209092001,"ESPUMA DE POLIURETANO CON SISTEMA DE CONTROL DE CARGA IMPERMEABLE, (SE SOLICITA TAMAÑO: ""8x8""(20.3 cm x 20.3 cm)).",73.41,521,C,Sin Marca,Sin descripcion,0,100,0
209092101,"ESPUMA DE ALCOHOL POLIVINILICO CON SISTEMA DE CONTROL DE CARGA,    (SE SOLICITA ,EXUDADO MODERADO SIN PELÍCULA DE RETENCIÓN DE HUMEDAD 15.2 cm x 15.2 cm (6” x 6”).",47.6,3980,C,Sin Marca,Sin descripcion,0,100,0
209092201,"ESPUMA DE ALCOHOL POLIVINILICO CON SISTEMA DE CONTROL DE CARGA,      (SE SOLICITA PARA TUNELIZACION DE 9 mm (1.2g)",14.61,25380,C,Sin Marca,Sin descripcion,0,100,0
209092301,"ESPUMA DE ALCOHOL POLIVINILICO CON SISTEMA DE CONTROL DE CARGA,     (SE SOLICITA, EXUDADO MODERADO SIN PELÍCULA DE RETENCIÓN DE HUMEDAD, TAMAÑO 10.2 cm x 10.2 cm  x 1.29 cm (4"" x 4"" x 0.5"")",56.21,1230,C,Sin Marca,Sin descripcion,0,100,0
209092401,"ESPUMA DE ALCOHOL POLIVINILICO CON SISTEMA DE CONTROL DE CARGA,    ( SE SOLICITA , EXUDADO ABUNDANTE SIN PELÍCULA DE RETENCIÓN DE HUMEDAD TAMAÑO De forma isla adherente de 10.2 cm x 12 cm (4"" x 4.75"") y espuma de 5 cm x 7 cm (2"" x 2.75"").",34.98,2540,C,Sin Marca,Sin descripcion,0,100,0
209094100,CUCHILLA PARA PODADORA DE VELLOS Y CABELLOS CON SISTEMA OSCILANTE (Ofrecer Nueva Tecnologia) SE SOLICITAN UN MINIMO DE 100,3.105,0,C,Sin Marca,Sin descripcion,0,100,0
209100700,ESPECULO VAGINAL (SE SOLICITA TAMAÑO CHICO),0.22,0,C,Sin Marca,Sin descripcion,0,100,0
209100701,ESPECULO VAGINAL (SE SOLICITA TAMAÑO MEDIANO),1.235,0,C,Sin Marca,Sin descripcion,0,100,0
209100702,ESPECULO VAGINAL (SE SOLICITA TAMAÑO GRANDE)  ,1.23,0,C,Sin Marca,Sin descripcion,0,100,0
209109001,BANDEJA DE ANESTESIA RAQUIDEA SIN MEDICAMENTO (SE SOLICITA TAMAÑO: 25G X 103MM). ,7.999,0,C,Sin Marca,Sin descripcion,0,100,0
209111100,"SUTURA ÁCIDO POLIGLICOLICO TENZADO, SE SOLICITA CALIBRE 3-0",0.93891,50040,C,Sin Marca,Sin descripcion,0,100,0
209111200,SUTURA DE ÁCIDO POLIGLICÓLICO CALIBRE 0 DE 60-75CM DE LONGITUD.,2.39,3840,C,Sin Marca,Sin descripcion,0,100,0
209111300,"MATRIZ EXTRACELULAR TRIDIMENSIONAL, SE SOLICITA 7 x 20CM, MALLA",264.47,0,C,Sin Marca,Sin descripcion,0,100,0
209111500,MATRIZ EXTRACELULAR TRIDIMENSIONAL ,370.0,0,C,Sin Marca,Sin descripcion,0,100,0
209111600,"MATRIZ DE CELULOSA OXIDADA REGENERADA Y COLÀGENO, SE SOLICITA TAMAÑO 123 CENTIMETROS CUADRADOS.                                                                                                                                                                                                                                                                      ",56.75,0,C,Sin Marca,Sin descripcion,0,100,0
209112500,INSTRUMENTO O PINZA CURVA PARA FUSION DE TEJIDOS PARA ELECTROCAUTERIO MULTIMODAL O BIPOLAR AVANZADO (CIRUGIA ABIERTA) DESECHABLE,298.0,456,C,Sin Marca,Sin descripcion,0,100,0
209112600,PINZA LAPARASCOPICA DE 10 MM CON CORTE INCORPORADO PARA SELLADO DE VASOS SANGUINEOS MEDIANTE PRESION.                                                                                                                                                         ,436.14,80,C,Sin Marca,Sin descripcion,0,100,0
209112700,"LAPIZ PARA ELECTROCAUTERIO MULTIMODAL (CORTE,DISECCION Y COAGULACION)                                                                                                                                                                                                                                                             ",41.64,438,C,Sin Marca,Sin descripcion,0,100,0
209112800,"PINZA PARA FUSION DE TEJIDOS Y DISECCION MONOPOLAR DE 5MM LAPARASCOPICA PARA ELECTROCAUTERIO MULTIMODAL, Se Solicita de 37 Long, mandibula curva. ",834.5,380,C,Sin Marca,Sin descripcion,0,100,0
209112900,PINZA LAPARASCOPICA DE 5 MM CON CORTE INCORPORADO PARA SELLADO DE VASOS SANGUINEOS MEDIANTE PRESION.                                                                                                                              ,390.0,0,C,Sin Marca,Sin descripcion,0,100,0
209113300,"TROCAR PARA CIRUGIA LAPAROSCOPICA DE 2MM A 15MM DE DIAMETRO, PUNTA CORTANTE DESECHABLE CON PROTECCION ACTIVA Y REDUCTOR INCORPORADO",20.684,96,C,Sin Marca,Sin descripcion,0,100,0
209113400,INSTRUMENTO PARA PROLAPSO RECTAL Y HEMORROIDES,199.5,80,C,Sin Marca,Sin descripcion,0,100,0
209113500,TROCAR PARA CIRUGIA LAPAROSCOPICA  DE 5MM A 12MM DE DIAMETRO CON SISTEMA DE ANCLAJE (TIPO HASSAN O TÉCNICA ABIERTA) PUNTA ROMA DESECHABLE.                                             ,21.0,0,C,Sin Marca,Sin descripcion,0,100,0
209113600,"MALLA TRI-LAMINADA DELGADA.  (SE SOLICITA TAMAÑO 8"" X 12"" (20 X 30cm))",1651.43,0,C,Sin Marca,Sin descripcion,0,100,0
209113700,HEMOSTATICO ABSORVIBLE DE TEXTURA ALGODONOSA            (SE SOLICITA: TAMAÑO: 2.5 X 5CM),55.0,0,C,Sin Marca,Sin descripcion,0,100,0
209119500,SUTURA MONOFILAMENTO POLIDIOXANONA  CALIBRE 1  (SE SOLICITA DIAMETRO: AGUJA  70MM ),20.0,0,C,Sin Marca,Sin descripcion,0,100,0
209119600,"SUTURA MONOFILAMENTO SINTETICO ABSORBIBLE, SE SOLICITA CALIBRE 5-0",1.55939,35440,C,Sin Marca,Sin descripcion,0,100,0
209119700,"SUTURA: MONOFILAMENTO SINTETICO ABSORBIBLE, CALIBRE 4-0 ",1.36757,0,C,Sin Marca,Sin descripcion,0,100,0
209119900,"CANULA DE ASPIRACION TIPO YANKEUER. SE SOLICITA TIPO RIGIDA DE ADULTO de 12"" y tuberia de 72"" o MAS",1.53,0,C,Sin Marca,Sin descripcion,0,100,0
209125001,SISTEMA DE ENGRAPADO O LIGADURA PARA CLIP DE POLÍMERO NO ABSORBIBLE. SE SOLICITA DE 7MM X 16MM. (LA EMPRESA ENTREGARÁ A LA UNIDAD LA PINZA PARA APLICAR EL MISMO),99.39,0,C,Sin Marca,Sin descripcion,0,100,0
209125101,"SISTEMA DE ENGRAPADO O LIGADURA PARA CLIP DE POLIMERO, NO ABSORBIBLE",100.39,0,C,Sin Marca,Sin descripcion,0,100,0
209148601,"INSTRUMENTO DE ENGRAPADO MECÁNICO PARA FIJAR  MALLAS EN  HERNIAS, DESECHABLE  CON 10 GRAPAS O MAS, DE TITANIUM  DE 4.8mm (Por cada instrumento con su carga, debe entregar una carga adicional) ",400.0,0,C,Sin Marca,Sin descripcion,0,100,0
209155001,"GUANTES QUIRÚRGICOS LIBRES DE LATEX Y POLVO, ESTÉRIL  SE SOLICITA TAMAÑO 6 1/2",0.94,0,C,Sin Marca,Sin descripcion,0,100,0
209155101,"GUANTES QUIRÚRGICOS LIBRES DE LATEX Y POLVO, ESTÉRIL                      (SE SOLICITA TAMAÑO 7)",0.04,15400,C,Sin Marca,Sin descripcion,0,100,0
209155201,"GUANTES QUIRÚRGICOS LIBRES DE LATEX Y POLVO, ESTÉRIL . SE SOLICITA TAMAÑO 7.5",0.94,13000,C,Sin Marca,Sin descripcion,0,100,0
209158201,GLUCONATO DE CLORHEXIDINA AL 4% EN ESPUMA PARA ANTISEPSIA DE MANO.   ( LA EMPRESA QUE SE LE ADJUDIQUE DEBE PROPORCIONAR ELSISTEMA DE DISPENSACION POR BOMBA DE PIE)  (POR CADA SEIS UNIDADES UNA BOMBA DE PIE)  ,28.0,384,C,Sin Marca,Sin descripcion,0,100,0
209158301,"GUANTES DE NITRILO PARA EXAMEN SIN POLVO, NO ESTÉRIL.       (SE SOLICITA TAMAÑO MEDIANO)",0.018,2165000,C,Sin Marca,Sin descripcion,0,100,0
209158401,"GUANTES DE NITRILO PARA EXAMEN SIN POLVO, NO ESTÉRIL.     (SE SOLICITA TAMAÑO GRANDE)",0.018,0,C,Sin Marca,Sin descripcion,0,100,0
209160401,SOLUCION QUIRURGICA ANTISEPTICO PARA LA PIEL. SE SOLICITA VOLUMEN DE 26ML,11.31,0,C,Sin Marca,Sin descripcion,0,100,0
209163501,"SUTURA: POLIPROPILENO MONOFILAMENTO, CALIBRE 6-0  ( 1/2 de circulo)",1815.0,2112,C,Sin Marca,Sin descripcion,0,100,0
209163901,"INJERTO VASCULAR CONICO CON ANILLOS INTEGRADOS AL PTFE.   (SE SOLICITA: CON HEPARINA BIOACTIVA, CAN ANILLO INTEGRAD, INJERTO VASCULAR CÓNICO Entre 4MM y 6MM ,Longitud 45CM).",1483.01,0,C,Sin Marca,Sin descripcion,0,100,0
209168001,"INJERTO VASCULAR CONICO CON ANILLOS INTEGRADOS AL PTFE.   SE SOLICITA:  CON HEPARINA BIOACTIVA, CAN ANILLO INTEGRAD, INJERTO VASCULAR CÓNICO ENTRE 4MM y  7MM , LONGITUD 45CM",1494.01,610,C,Sin Marca,Sin descripcion,0,100,0
209170601,"ESPIROMETRO INCENTIVO PARA REALIZAR EJERCICIOS DE RESPIRACION PROFUNDA.
(DESECHABLE):",19.94569,26136,C,Sin Marca,Sin descripcion,0,100,0
209171801,LENTE INTRAOCULAR PLEGABLE DE ACRILICO HIDROFOBICO DE +10.00 A +30.00 DIOPTRIAS.,41.091,82,C,Sin Marca,Sin descripcion,0,100,0
209175902,"CEPILLO PARA LAVADO QUIRURGICO DESECHABLE CON CLOREXIDINA AL 4%,ESTERIL",0.43,0,C,Sin Marca,Sin descripcion,0,100,0
209193700,DELANTAL PROTECTOR DE FLUIDOS   (JUMSUIT) ,41.13,227500,C,Sin Marca,Sin descripcion,0,100,0
209196401,"Cuchillete con Mango de 15º hasta 45º  (se solicita de 15°) Desechable, esteril, con hoja en forma de lanceta de una sola pieza de 3 a 5mm.",10.95,0,C,Sin Marca,Sin descripcion,0,100,0
209203101,GLUCONATO DE CLORHEXIDINA AL 2% EN ESPUMA PARA ANTISEPSIA DE MANO.  (LA EMPRESA QUE SE LE ADJUDIQUE DEBE PROPORCIONAR EL SISTEMA DE DISPENSACION POR BOMBA DE PIE)   (POR CADA SEIS UNIDADES UNA BOMBA DE PIE) ,29.0,0,C,Sin Marca,Sin descripcion,0,100,0
209206601,MASCARA LARÍNGEA CON TUBO DE DRENAJE INCORPORADO,34.5,0,C,Sin Marca,Sin descripcion,0,100,0
209206701,MASCARA LARÍNGEA CON TUBO DE DRENAJE INCORPORADO,33.9,0,C,Sin Marca,Sin descripcion,0,100,0
209214901,CANULA NASOFARINGEA DE 32 FR A 36 FR.                 (SE SOLOCITA TAMAÑ0 32FR) ,3.6866,11200,C,Sin Marca,Sin descripcion,0,100,0
209215001,CANULA NASOFARINGEA  DE 32 FR A 36 FR.                        (SE SOLOCITA TAMAÑ0 34FR),3.6934,2790,C,Sin Marca,Sin descripcion,0,100,0
209215101,CANULA NASOFARINGEA  DE 28 FR A 30 FR. SE SOLOCITA TAMAÑ0 30FR      ,3.654,1200,C,Sin Marca,Sin descripcion,0,100,0
209215201,CANULA NASOFARINGEA  DE 28 FR A 30 FR. SE SOLOCITA TAMAÑ0 28FR   ,110.0,640,C,Sin Marca,Sin descripcion,0,100,0
209223001,"CAL SODADA SIN PRODUCCION DEL COMPUESTO A. SE SOLICITA BOLSA DE 1KG• Indicador de violeta de etilo <1%• Hidróxido de calcio de porcentaje de peso >75%.• En caso que contenga catalizador: Cloruro de litio de % de peso entre 0% y 3% ó Hidróxido de Sodio entre 0% y 2%
",79.0,0,C,Sin Marca,Sin descripcion,0,100,0
209235401,"GASA 2"" X 2"" X 16 DOBLECES, ESTÉRIL",0.03,0,C,Sin Marca,Sin descripcion,0,100,0
209235501,"GASA 2"" X 2"" X 16 DOBLECES CON ELEMENTO RADIOPACO, ESTERIL",0.033,0,C,Sin Marca,Sin descripcion,0,100,0
209235601,"GASA 3"" X 3"" X 16 DOBLECES, ESTERIL",0.066,0,C,Sin Marca,Sin descripcion,0,100,0
209235801,"GASA 8"" X 4"" X 16 DOBLECES, ESTÉRIL",0.07,0,C,Sin Marca,Sin descripcion,0,100,0
209235901,"GASA 8"" X 4"" X 16 DOBLECES CON ELEMENTOS RADIOPACO, ESTÉRIL",0.26,719200,C,Sin Marca,Sin descripcion,0,100,0
209236101,"GASA SIMPLE 4"" X 4"" X 16 ESTÉRIL",0.21,2500,C,Sin Marca,Sin descripcion,0,100,0
209244001,"AGUJAS PARA LOCALIZACION Y BLOQUEO DE NERVIO PERIFERICO.                             (SE SOLICITA TAMAÑO 22Ga X 2"").",11.8,0,C,Sin Marca,Sin descripcion,0,100,0
209262401,"BANDEJA DE ANESTESIA COMBINADA DESECHABLE SIN MEDICAMENTO (SE SOLICITA: Aguja Tuohy 18 G X 90 MM, con  orificio en la parte externa de la curvatura de punta, Sprotte de 25G  x  136mm , Jeringuilla  10cc 
pulgadas, con introductor).",29.599,0,C,Sin Marca,Sin descripcion,0,100,0
209268501,"CIRCUITO DESECHABLE DE VENTILADOR INTEGRADO DE HUMIDIFICACIÓN PASIVA Y
FILTRACIÓN DE 72 HORAS DE USO",79.0,0,C,Sin Marca,Sin descripcion,0,100,0
209269601,"GUANTES DE NITRILO PARA EXAMEN SIN POLVO, NO ESTÉRIL. SE SOLICITA TAMAÑO CHICO",0.018,0,C,Sin Marca,Sin descripcion,0,100,0
209270001,"SET DE ROPA
",6.82,650,C,Sin Marca,Sin descripcion,0,100,0
209286501,"CINTURON SEGURIDAD PARA MARCHA DE ADULTO                    (SE SOLICITA TAMAÑO PEQUEÑA DE 34""-30"")",110.0,0,C,Sin Marca,Sin descripcion,0,100,0
209286601,"CINTURON SEGURIDAD PARA MARCHA ADULTO.  (SE SOLICITA MEDIANO 30""-44"")",82.72339,0,C,Sin Marca,Sin descripcion,0,100,0
209286701,"CINTURON SEGURIDAD PARA MARCHA DE ADULTO.         (SE SOLICITA GRANDE 44""-60"")",150.0,30,C,Sin Marca,Sin descripcion,0,100,0
209292901,BOLSA PARA OBTENCIÓN DE MUESTRAS EN CIRUGÍA LAPAROSCÓPICA (Se solicita de 6.4cm x 15cm),67.9,0,C,Sin Marca,Sin descripcion,0,100,0
209296301,TIJERA PARA CORTE Y LIGADURA DE CORDÓN UMBILICAL CON BISTURÍ. ,183.75,0,C,Sin Marca,Sin descripcion,0,100,0
209298301,SET DE ROPA DESECHABLE PARA CIRUGIA OFTALMOLOGICA,11.13,0,C,Sin Marca,Sin descripcion,0,100,0
209313501,"CUCHILLETE     (SE SOLICITA  2,2mm)",11.94,48,C,Sin Marca,Sin descripcion,0,100,0
209321101,SISTEMA DE DRENAJE TORACICO DE TRES CAMARAS. SE SOLICITA DRENAJE CERRADO DE 1 TUBO,37.125,0,C,Sin Marca,Sin descripcion,0,100,0
209330401,"RESPIRADORES CONTRA PARTICULAS DE ALTA FILTRACION N95 CON O SIN VALVULA DE EXALACION.                                                                                                   (SOLICITAMOS TAMAÑO MEDIANO ,SIN VALVULA DE EXALACION)",0.97,0,C,Sin Marca,Sin descripcion,0,100,0
209332801,BANDEJA DE ANESTESIA EPIDURAL CONTINUA DESECHABLE CON MEDICAMENTO. (SE SOLICITA AGUJA TUOHY/HUBER DE 17G X 88 a 90mm SIN ALAS),30.0,0,C,Sin Marca,Sin descripcion,0,100,0
209334701,SISTEMA DE LIMPIEZA Y PROTECCION DE PIEL Y HERIDAS,35.0,2856,C,Sin Marca,Sin descripcion,0,100,0
209338801,"EMPAQUES O COMPRESA CALIENTE (SE SOLICITA CONTORNO PARA CUELLO 61X15 CM 24"" X 6"")",36.64088,100,C,Sin Marca,Sin descripcion,0,100,0
209355401,"BOLSA MIXTA TERMOSELLABLE PARA ESTERILIZAR, 6"" X 12"" (150 X 300MM)",76.0,0,C,Sin Marca,Sin descripcion,0,100,0
209375401,"JUEGO COMPLETO PARA CATETERIZACIÓN VESICAL CON SONDA FOLEY SE SOLICITA 16Fr DE SILICONA, CAPACIDAD DE BOLSA DE 2000cc, Solución para limpieza de Clorexidina acuosa al 1% CON Jeringuilla prellenada con agua bidestilada de  10cc CON UN PAR DE GUANTES DE NITRILO O VINILO",15.91,0,C,Sin Marca,Sin descripcion,0,100,0
209375601,"JUEGO COMPLETO PARA CATETERIZACIÓN VESICAL CON SONDA FOLEY SE SOLICITA 18Fr DE SILICONA, CAPACIDAD DE BOLSA DE 2000cc, Solución para limpieza de Clorexidina acuosa al 1% CON Jeringuilla prellenada con agua bidestilada de  10cc CON UN PAR DE GUANTES DE NITRILO O VINILO",8.25,0,C,Sin Marca,Sin descripcion,0,100,0
209377501,"GUANTES QUIRÚRGICOS LIBRES DE LATEX Y POLVO, ESTÉRIL  SE SOLICITA TAMAÑO 6",1.64,95800,C,Sin Marca,Sin descripcion,0,100,0
209393201,APOSITO DE ESPUMA 3D CON PLATA IONICA (SE SOLICITA APOSITO NO ADHESIVO TAMAÑO 10X 10CM).,16.999,0,C,Sin Marca,Sin descripcion,0,100,0
209410701,"SOLUCIÓN DE GLUCONATO DE CLORHEXIDINA AL 2% Y ALCOHOL AL 70%, PARA LA ASEPSIA PRE QUIRÚRGICA DE LA PIEL Y PARA ACCESOS VASCULARES    ",13.5,0,C,Sin Marca,Sin descripcion,0,100,0
209416401,"JUEGO COMPLETO PARA SUCCIÓN DE VÍAS RESPIRATORIAD, PEDIATRICO Y ADULTO. SE SOLICITA TAMAÑO 6FR",1.37,10400,C,Sin Marca,Sin descripcion,0,100,0
209417801,MASCARA LARÍNGEA CON TUBO DE DRENAJE INCORPORADO,34.5,0,C,Sin Marca,Sin descripcion,0,100,0
209419501,DETERGENTE LIQUIDO CON ENZIMAS (SE SOLICITA DE 4 ENZIMA),25.0,0,C,Sin Marca,Sin descripcion,0,100,0
209419601,TORRE DE HISTEROSCOPIA DE FLUJO CONTINUO PARA GINECOLOGIA:   SE SOLICITA ACCESORIO  JUEGOS DE TUBOS DE SILICON REUSABLE,55.36,0,C,Sin Marca,Sin descripcion,0,100,0
209422201,"MULTICAPA DE TRIPLEACCION A BASE DE OCTENIDINA Y ACIDO HIALURONICO (SE SOLICITA TAMAÑO: 10CM X 10CM (3.9"" X 3.9"")).",50.0,5180,C,Sin Marca,Sin descripcion,0,100,0
209423401,CATETER DE ARTERIA RADIAL PARA MONITORIZACION DE PRESION Y TOMA DE MUESTRAS SE SOLICITA CON ALETAS DE 3Fr Y 5cms DE LONGITUD DE POLIURETANO CON PUNTA RECTA,72.0,350,C,Sin Marca,Sin descripcion,0,100,0
209434101,TIJERA PARA BISTURI ARMONICO CON CONTROL MANUAL Y ALTA FRECUENCIA.  (SE SOLICITA VASTAGO DE 9CM),1014.0,0,C,Sin Marca,Sin descripcion,0,100,0
209443301,"GUANTES QUIRÚRGICOS DE LÁTEX, ESTÉRIL (Se solicita tamaño 6)                                                                                                                                                                                                                                                     ",0.275,52800,C,Sin Marca,Sin descripcion,0,100,0
209454501,BOLSA INFUSORA A PRESION .SE SOLICITA BOLSA DE 1000cc DE CAPACIDAD,6.23,340,C,Sin Marca,Sin descripcion,0,100,0
209457801,"LLAVES DE 3 VIAS CON SISTEMA CERRADO CON VÁLVULA DE INYECCIÓN Y EXTRACCIÓN LIBRE DE AGUJA, DESPLAZAMIENTO NEUTRO PARA ACCESO VASCULAR VENOSO.",1.9,0,C,Sin Marca,Sin descripcion,0,100,0
209458401,MATRIZ EXTRACELULAR DE TEJIDO FIBROSO (Se solicita tamaño 5cm x 5cm) ,70.07,0,C,Sin Marca,Sin descripcion,0,100,0
209459201,SET DE ROPA PARA CITOSCOPÍA,11.02,12514,C,Sin Marca,Sin descripcion,0,100,0
209462801,FERULAS SINTETICAS EN ROLLO  (SE SOLICITA DE 7.5CM X 4.6M),89.0,0,C,Sin Marca,Sin descripcion,0,100,0
209462901,FERULA SINTETICAS EN ROLLO (SE SOLICITA DE 12.5CM X 4.6M),135.0,0,C,Sin Marca,Sin descripcion,0,100,0
209463701,"GUANTES DE PROTECCION DE NITRILO SIN TALCO CON LONGITUD DE 12” +/- 0.5” DESECHABLE, PARA ATENCIÓN DE PACIENTES..  SE SOLICTA TAMAÑO L",0.118,0,C,Sin Marca,Sin descripcion,0,100,0
209463801,"GUANTES DE PROTECCION DE NITRILO SIN TALCO CON LONGITUD DE 12” +/- 0.5” DESECHABLE, PARA ATENCIÓN DE PACIENTES.  SE SOLICITA TAMAÑO M",0.118,0,C,Sin Marca,Sin descripcion,0,100,0
209464201,FERULAS SINTETICAS EN ROLLO SE SOLICITA DE 5CM X 4.6M,92.04,0,C,Sin Marca,Sin descripcion,0,100,0
209464301,"FERULAS SINTETICAS EN ROLLO (SE SOLICITA DE 10CM X 4,6M)",102.39,0,C,Sin Marca,Sin descripcion,0,100,0
209471301,JUEGO DE ROPA DESECHABLE PARA CAMA DE PACIENTE,1.488,120,C,Sin Marca,Sin descripcion,0,100,0
209471501,"APOSITO ELECTROESTATICO LAMINADO DE CARBON ACTIVADO DE BAJA ADHERENCIA SE SOLICITA TAMAÑO: 10.5 CM X 10.5 CM (4 1/5"""" X 4 1/5"""")",47.0,14700,C,Sin Marca,Sin descripcion,0,100,0
209472501,"VENDA DE YESO DE POLIESTER SE SOLICITA 5""X4 YARDAS. ",2.892,53340,C,Sin Marca,Sin descripcion,0,100,0
209472601,BANDEJA PARA INSERCION DE SONDA VESICAL ,1.9,0,C,Sin Marca,Sin descripcion,0,100,0
209479001,BOLSA INFUSORA A PRESION. SE SOLICITA BOLSA DE 500cc DE CAPACIDAD,12.5,0,C,Sin Marca,Sin descripcion,0,100,0
209484701,BANDEJA PARA CATETERIZACION VENOSO CENTRAL TRIPLE LUMEN PEDIATRICA. SE SOLICITA MATERIAL DE CATETER CON POLIURETANO DIAMETRO 5 FR X 8CM DE LONGITUD.,73.5,0,C,Sin Marca,Sin descripcion,0,100,0
209484801,BANDEJA PARA CATETERIZACION VENOSO CENTRAL TRIPLE LUMEN PEDIATRICA.   (SE SOLICITA MATERIAL DE CATETER CON POLIURETANO DIAMETRO 5FR X 12CM DE LONGITUD).,162.0,0,C,Sin Marca,Sin descripcion,0,100,0
209485301,"SUTURA: POLIPROPILENO MONOFILAMENTO, CALIBRE 5-0.(SE SOLICITA LONGITUD DE 75 CM) ",3.97,48,C,Sin Marca,Sin descripcion,0,100,0
209485401,PERILLA (BULBO) DE SUCCION - IRRIGACION DE 2 ONZAS ESTERIL,0.655,0,C,Sin Marca,Sin descripcion,0,100,0
209485501,GUANTES QUIRURGICO DE LATEX ESTERIL . (SE SOLICITA TAMAÑO 8 1/2),0.275,25200,C,Sin Marca,Sin descripcion,0,100,0
209485901,BANDAS ELÁSTICAS PARA FORTALECIMIENTO SE SOLICITA ULTRA SUAVE,103.91406,0,C,Sin Marca,Sin descripcion,0,100,0
209486001,BANDAS ELÁSTICAS PARA FORTALECIMIENTO   (SE SOLICITA MEDIANA),102.38601,0,C,Sin Marca,Sin descripcion,0,100,0
209486101,BANDAS ELÁSTICAS PARA FORTALECIMIENTO                     (SE SOLICITA FUERTE) ,100.0,0,C,Sin Marca,Sin descripcion,0,100,0
209486201,BANDAS ELÁSTICAS PARA FORTALECIMIENTO                       (SE SOLICITA -EXTRA FUERTE),126.54989,0,C,Sin Marca,Sin descripcion,0,100,0
209486401,BANDAS ELÁSTICAS PARA FORTALECIMIENTO                     (SE SOLICITA -SUPER FUERTE),100.0,28,C,Sin Marca,Sin descripcion,0,100,0
209486801,"APOSITO ELECTROESTATICO LAMINADO DE CARBON ACTIVADO DE BAJA ADHERENCIA SE SOLICITA TAMAÑO: 15 CM X 25 CM (6"""" X 10"""")",47.0,0,C,Sin Marca,Sin descripcion,0,100,0
209489901,"APOSITO ELECTROESTATICO LAMINADO DE CARBON ACTIVADO DE BAJA ADHERENCIA (SE SOLICITA TAMAÑO: 20 CM X 10 CM (8"" X 4"")).",36.75,0,C,Sin Marca,Sin descripcion,0,100,0
209493501,BANDAS ELÁSTICAS PARA FORTALECIMIENTO.                    (SE SOLICITA SUAVE),103.91406,20,C,Sin Marca,Sin descripcion,0,100,0
209496501,"APOSITO ELECTROESTÁTICO DE TRIPLE ACCIÓN (SE SOLICITA TAMAÑO: 10 CM X 10 CM (4"" X 4"")).",24.0,0,C,Sin Marca,Sin descripcion,0,100,0
209518001,"APÓSITO HIDROCOLOIDE (Estándar, Regular o Extra Absorbente).  SE SOLICITA  CUADRADO 10CM X 10CM",2.975,0,C,Sin Marca,Sin descripcion,0,100,0
209519101,"RECIPIENTE DESECHABLE PARA SISTEMA DE DRENAJE TORÁCICO DIGITAL  (Se solicita  Recipiente de 2000ml, (polipropileno) ",30.0,0,C,Sin Marca,Sin descripcion,0,100,0
209521601,"AGUJAS PARA LOCALIZACION Y BLOQUEO DE NERVIO PERIFERICO.  SE SOLICITA TAMAÑO 22Ga X 3 1/4"" ",11.8,0,C,Sin Marca,Sin descripcion,0,100,0
209540801,HIALURONATO SÓDICO,25.89,0,C,Sin Marca,Sin descripcion,0,100,0
209541001,"FORRO PROTECTOR DE COLCHON Para proteger el colchon en área hospitalaria (SE SOLICITA TAMAÑO 38"" X 80"")",44.88,0,C,Sin Marca,Sin descripcion,0,100,0
209542201,"SUTURA: ACIDO POLIGLICÓLICO TRENZADO, CALIBRE 3-0, LONGITUD 67 A 75 CM.  AGUJA DE 15 A 17 MM., 1/2 CIRCULO, PUNTA REDONDA. SE SOLICITA LONGITUD DE 75CM Y AGUJA DE 15MM",1.335,480,C,Sin Marca,Sin descripcion,0,100,0
209546001,MASCARILLA RECTANGULAR DE 3 PLIEGUES CON SUJECION EN LA OREJA. ,0.075,2190000,C,Sin Marca,Sin descripcion,0,100,0
209546301,"BATA DESECHABLE, PARA USO GENERAL NO ESTERIL .AAMI     NIVEL 3.  (SE SOLICITA TAMAÑO REGULAR O UNIVERSAL (MEDIANO -GRANDE)).",0.5,0,C,Sin Marca,Sin descripcion,0,100,0
209546401,"BATA DESECHABLE, PARA USO GENERAL NO ESTERIL .AAMI NIVEL 3.       (SE SOLICITA TAMAÑO GRANDE)",0.46,0,C,Sin Marca,Sin descripcion,0,100,0
209559101,VENDAJE NEUROMUSCULAR. SE SOLICITA DE 5CM X 5MT,12.105,3615,C,Sin Marca,Sin descripcion,0,100,0
209559201,"MUÑEQUERA CON BARRA DE 6” U 8” DERECHA O IZQUIERA, CON CIERRE DE VELCRO. SE SOLICITA  TAMAÑO CHICO",40.69,0,C,Sin Marca,Sin descripcion,0,100,0
209559401,"INMOVILIZADOR DE RODILLA UNIVERSAL. SE SOLICITA TAMAÑO  16"" DE LONGITUD",37.7,132,C,Sin Marca,Sin descripcion,0,100,0
209559601,INMOVILIZADOR ELÁSTICO DE HOMBRO                           (SE SOLICITA TAMAÑO SMALL)    ,44.65,0,C,Sin Marca,Sin descripcion,0,100,0
209559701,"CALCETA TUBULAR.    SE SOLICITA  MEDIA TEJIDA DE ALGODÓN 2"" X 25 YARDAS DE LONGITUD",27.0,498,C,Sin Marca,Sin descripcion,0,100,0
209559801,"MUÑEQUERA CON BARRA DE 6” U 8” DERECHA O IZQUIERA, CON CIERRE DE VELCRO. SE SOLICITA  TAMAÑO MEDIANO",40.0,0,C,Sin Marca,Sin descripcion,0,100,0
209559901,"MUÑEQUERA CON BARRA DE 6” U 8” DERECHA O IZQUIERA, CON CIERRE DE VELCRO, SE SOLICITA  TAMAÑO GRANDE ",40.69,196,C,Sin Marca,Sin descripcion,0,100,0
209560201,"INMOVILIZADOR DE RODILLA UNIVERSAL                                                SE SOLICITATAMAÑO 20"" DE LONGITUD",44.54,0,C,Sin Marca,Sin descripcion,0,100,0
209560301,"INMOVILIZADOR DE RODILLA UNIVERSAL   SE SOLICITA  Tamaños : 24"". de longitud",40.52,0,C,Sin Marca,Sin descripcion,0,100,0
209560401,INMOVILIZADOR ELÁSTICO DE HOMBRO SE SOLICITA TAMAÑO MEDIANO,14.54,0,C,Sin Marca,Sin descripcion,0,100,0
209564401,SUTURA POLIGLACTINA 910 RECUBIERTO DE POLIGLACTINA 370 Y TRICLOSAN (SUTURA ACTIVA).CALIBRE 1 .   (SE SOLICITA AGUJA 36.4MM Y LONGITUD DE 90CM)                                                                                                                                                                                                                 ,5.35,0,C,Sin Marca,Sin descripcion,0,100,0
209564501,"SUTURA MONOFILAMENTO POLIDIOXANONA  CALIBRE 1                                                                                                                                                                                                                                                                                                                                                                                                                                                         DESCRIPCION: Recubierta de triclosan color violeta, longitud entre 70cm y 90cm, con aguja de 36.4mm, 40mm ó 48mm de 1/2 circulo, punta ahusada. (SE SOLICITA CALIBRE 1 CON AGUJA 40MM Y LONGITUD DE 90 CM)",17.78,0,C,Sin Marca,Sin descripcion,0,100,0
209565201,BANDEJA PARA CATETERIZACION VENOSO CENTRAL TRIPLE LUMEN PEDIATRICA.    SE SOLICITA MATERIAL DE CATETER CON POLIURETANO DIAMETRO 5FR X 15CM DE LONGITUD.,165.0,0,C,Sin Marca,Sin descripcion,0,100,0
209566001,"RECIPIENTE DESECHABLE PARA SISTEMA DE DRENAJE TORÁCICO DIGITAL   (Recipiente desechable: - Con capacidad de 2000 cc vertical material polipropileno, protección antidesbordamiento, filtro antibacterianas, valvula de liberación de presión. - Material de polipropileno ó polimetilmetacrilato (PMMA) - El recipiente debe ser compatible con el equipo existente en la institución solicitante O SE DEBE ENTREGAR UN MINIMO DE 250 EQUIPOS COMPATIBLES CON LOS INSUMOS OFERTADO.  ) ",65.0,0,C,Sin Marca,Sin descripcion,0,100,0
209566101,TUBO PARA SISTEMA DE DRENAJE TORÁXICO DIGITAL CONEXIÓN SIMPLE SE SOLICITA 1.5 M,0.87,1224,C,Sin Marca,Sin descripcion,0,100,0
209566801,AGUJA PARA LA LOCALIZACION DE LESIONES MAMARIAS . SOLICITA CALIBRE 20 G A Y 10 cm                                                                                                       ,10.95,0,C,Sin Marca,Sin descripcion,0,100,0
209585001,APÓSITO CON MATRIZ DE COLAGENO CON PLATA (SE SOLICITA TAMAÑO: 4 pulgadas x 4 pulgadas (10cm x 10cm).,50.0,7760,C,Sin Marca,Sin descripcion,0,100,0
209590301,TIJERA PARA BISTURI ARMONICO CON CONTROL MANUAL Y ALTA FRECUENCIA.  SE SOLICITA VASTAGO DE 45CM,897.5,0,C,Sin Marca,Sin descripcion,0,100,0
209603601,"RESPIRADORES CONTRA PARTICULAS DE ALTA FILTRACION N95 CON O SIN VALVULA DE EXALACION. SE SOLICITA TAMAÑO GRANDE, CON VALVULA DE EXALACIÓN ",5.7,0,C,Sin Marca,Sin descripcion,0,100,0
209611001,"EMPAQUES O COMPRESA CALIENTE. (SE SOLICITA TAMAÑO ESTÁNDAR DE 25CM X 30CM 10""X12"")",24.49,0,C,Sin Marca,Sin descripcion,0,100,0
209666301,ROPA DESECHABLE DE NEUROCIRUGÍA,12.93,576,C,Sin Marca,Sin descripcion,0,100,0
209679601,PAÑOS IMPREGNADOS CON HIPOCLORITO DE SODIO,4.25,0,C,Sin Marca,Sin descripcion,0,100,0
209726201,"FIJACION CUTANEO CON ADHESIVO DE SILICONA Y DOBLE PROTECCION ANTIMICROBIANA DE CLORHEXIDINA Y PLATA CON VENTANA (SE SOLICITA TAMAÑO: 6cm x 7cm).
",18.5,14150,C,Sin Marca,Sin descripcion,0,100,0
209726301,"FIJACION CUTANEO CON ADHESIVO DE SILICONA Y DOBLE PROTECCION ANTIMICROBIANA DE CLORHEXIDINA Y PLATA CON VENTANA (SE SOLICITA TAMAÑO: 10cm x 12cm).
",29.5,17625,C,Sin Marca,Sin descripcion,0,100,0
209731201,"GEL VISCOSO DE ACIDO HIALURONICO Y YODO, (SE SOLICITA 22G CON ESPIGA DISPENSADORA).",60.0,360,C,Sin Marca,Sin descripcion,0,100,0
209732101,RESTRINGIDOR DE UN SOLO USO PARA PACIENTES.,5.93,34640,C,Sin Marca,Sin descripcion,0,100,0
209770201,GORRO PARA VARON.,0.045,255000,C,Sin Marca,Sin descripcion,0,100,0
209770301,GORRO PARA MUJERES.,0.025,1682400,C,Sin Marca,Sin descripcion,0,100,0
209817201,ROPA DESECHABLE PARA LAPARATOMIA,8.784,21752,C,Sin Marca,Sin descripcion,0,100,0
209819201,MANGA DE COMPRESION NEUMATICA SECUENCIAL Y/O INTERMITENTE PARA  PANTORRILLA PARA LA PROFILAXIS DE LA TROMBOSIS VENOSA PROFUNDA. SE SOLICITA TAMAÑO GRANDE.,26.23,0,C,Sin Marca,Sin descripcion,0,100,0
209819301,MANGA DE COMPRESION NEUMATICA SECUENCIAL Y/O INTERMITENTE PARA  PANTORRILLA PARA LA PROFILAXIS DE LA TROMBOSIS VENOSA PROFUNDA. SE SOLICITA TAMAÑO  MEDIANO,25.69,0,C,Sin Marca,Sin descripcion,0,100,0
209821001,SISTEMA INTEGRADO DE CIERRE DE PUERTOS (DUAL) PARA PROCEDIMIENTOS LAPAROSCÓPICOS,201.34,0,C,Sin Marca,Sin descripcion,0,100,0
209833001,JERINGUILLA DE 1cc (U-100) PARA INSULINA DE RETRACCION. SE SOLICITA 30G X 8MM,0.28,546500,C,Sin Marca,Sin descripcion,0,100,0
209833101,JERINGUILLA DE 0.5cc (U-100) PARA INSULINA DE RETRACCION     (SE SOLICITA 30G X 8MM),0.3,57600,C,Sin Marca,Sin descripcion,0,100,0
209833401,SET DE ROPA DESECHABLE PARA DILATACION Y CURETAJE,12.54,216,C,Sin Marca,Sin descripcion,0,100,0
209833501,FERULAS SINTETICAS EN ROLLO (SE SOLICITA DE 15CM X 4.6M),94.26,16,C,Sin Marca,Sin descripcion,0,100,0
209833601,"CATETER INTRAVENOSO DE BIOSEGURIDAD   (SE SOLICITA CATETER DE POLIURETANO TAMAÑO 18G X 1 1/4"")",0.368,0,C,Sin Marca,Sin descripcion,0,100,0
209833701,"CATETER INTRAVENOSO DE BIOSEGURIDAD.  SE SOLICITA CATETER DE POLIURETANO TAMAÑO 20G X 1""  A 1 3/4""",0.368,31200,C,Sin Marca,Sin descripcion,0,100,0
209833801,"CATETER INTRAVENOSO DE BIOSEGURIDAD SE SOLICITA CATETER DE POLIURETANO TAMAÑO 22G X 1 """,0.368,0,C,Sin Marca,Sin descripcion,0,100,0
209833901,CATETER INTRAVENOSO DE BIOSEGURIDAD 1. Catéter con sistema de seguridad de retracción automática al extraer la guía o aguja ,0.368,25800,C,Sin Marca,Sin descripcion,0,100,0
209834001,CANULA NASOFARINGEA  DE 20 FR A  26 FR.  (SE SOLOCITA TAMAÑ0 26FR) ,3.69,9760,C,Sin Marca,Sin descripcion,0,100,0
209834201,"FILTRO DE C02 DESECHABLE (Se Solicita Con filtros de CO2 desechables (50 unidades) con su tubería según fabricante, o Con filtros de CO2 desechables (100 unidades) sin tubería según fabricante)",10.0,0,C,Sin Marca,Sin descripcion,0,100,0
209834501,SISTEMA DE DOS PIEZAS PARA COLOSTOMIA /ILEOSTOMIA PARA ADULTO ABIERTO. SE SOLICITO DIAMETRO EXTERNO DE 50MM,4.55,11760,C,Sin Marca,Sin descripcion,0,100,0
209834601,SISTEMA DE DOS PIEZAS PARA COLOSTOMIA/ILEOSTONIA PARA ADULTO ABIERTA. (SE SOLICITA DIAMETRO EXTERNO 57MM A 60MM),4.44,7290,C,Sin Marca,Sin descripcion,0,100,0
209834701,CANULA NASOFARINGEA  DE 32 FR A 36 FR.  (SE SOLOCITA TAMAÑ0 36FR)        ,2.77,7800,C,Sin Marca,Sin descripcion,0,100,0
209847501,GUANTES DE NITRILO CON PUÑO EXTENDIDO. SE (SOLICITA TAMAÑO EXTRA GRANDE),1.65,87400,C,Sin Marca,Sin descripcion,0,100,0
209851201,COBERTOR CÁMARA DE VIDEO (Se solicita tamaño  17CM X 242CM),0.05,2878,C,Sin Marca,Sin descripcion,0,100,0
209854501,LAMINA PROTECTORA DE SUPERFICIES AISLANTE DE FLUIDOS CONTAMINANTES.                           ,8.78,19150,C,Sin Marca,Sin descripcion,0,100,0
209856201,TIJERA PARA BISTURI ARMONICO CON CONTROL MANUAL Y ALTA FRECUENCIA.   VASTAGO DE 45CM,914.0,0,C,Sin Marca,Sin descripcion,0,100,0
209865601,APOSITO CON MATRIZ DE COLAGENO (Se solicita 2 pulgadas x 2 pulgadas (5cm x 5cm),15.5,8110,C,Sin Marca,Sin descripcion,0,100,0
209865701,APOSITO CON MATRIZ DE COLAGENO (Se solicita 4 pulgadas x 4 pulgadas (10cm x 10cm),50.0,19550,C,Sin Marca,Sin descripcion,0,100,0
209865801,APOSITO CON MATRIZ DE COLAGENO (Se solicita 7 pulgadas x 7 pulgadas (18cm x 18cm),160.0,1320,C,Sin Marca,Sin descripcion,0,100,0
209868301,TERMOMETRO TIMPANICO DIGITAL   ( SE SOLICITA FUNDA O CUBERTOR DESECHABLE) ,0.25,10403600,C,Sin Marca,Sin descripcion,0,100,0
209870701,"SOLUCIÓN DE GLUCONATO DE CLORHEXIDINA AL 2% Y ALCOHOL AL 70%, PARA LA ASEPSIA PRE QUIRÚRGICA DE LA PIEL Y PARA ACCESOS VASCULARES. SE SOLICITA TUBO APLICADOR CON ESPONJA DE 35ML  ENTINTADO",9.0,0,C,Sin Marca,Sin descripcion,0,100,0
209870801,CATETER DE SUCCION NASO-FARINGEA CALIBRE 14FR LONGITUD 60CM ,0.25,0,C,Sin Marca,Sin descripcion,0,100,0
209870901,CATETER DE SUCCION NASO-FARINGEA CALIBRE 16FR LONGITUD 60CM ,0.25,0,C,Sin Marca,Sin descripcion,0,100,0
209871001,CATETER DE SUCCION NASO-FARINGEA CALIBRE 18FR LONGITUD 60CM ,0.6,0,C,Sin Marca,Sin descripcion,0,100,0
209871201,TIJERA LAPAROSCÓPICA PARA BISTURI ARMINICO CON CONTROL MANUAL Y ALTA FRECUENCIA. (SE SOLICITA VASTAGO DE 17 CM) ,1074.0,0,C,Sin Marca,Sin descripcion,0,100,0
209871301,"SISTEMA DE CATERIZACION VENOSA CENTRAL DE DOBLE O TRIPLE LUMEN CON 2 ANTIBIOTICOS (MINOCICLINA Y RIFAMPICINA), NEONATAL O PEDIÁTRICO  (SE SOLICITA DOBLE LUMEN 4FR X 5M, DE POLIURETANO)",205.0,0,C,Sin Marca,Sin descripcion,0,100,0
209871401,"SISTEMA DE CATERIZACION VENOSA CENTRAL DE DOBLE O TRIPLE LUMEN CON 2 ANTIBIOTICOS (MINOCICLINA Y RIFAMPICINA), NEONATAL O PEDIÁTRICO. SE SOLICITA 5FR X 8CM, DE DOS LUMENS DE POLIURETANO",205.0,0,C,Sin Marca,Sin descripcion,0,100,0
209871501,"SISTEMA DE CATERIZACION VENOSA CENTRAL DE DOBLE O TRIPLE LUMEN CON 2 ANTIBIOTICOS (MINOCICLINA Y RIFAMPICINA), NEONATAL O PEDIÁTRICO,  SE SOLICITA 5FR X 12CM, DE POLIURETANO DE DOS LUMEN.",205.0,0,C,Sin Marca,Sin descripcion,0,100,0
209871601,"SISTEMA DE CATERIZACION VENOSA CENTRAL DE DOBLE O TRIPLE LUMEN CON 2 ANTIBIOTICOS (MINOCICLINA Y RIFAMPICINA), NEONATAL O PEDIÁTRICO. SE SOLICITA DE TRES LUMENES 5FR X 12CM, DE POLIURETANO",205.0,0,C,Sin Marca,Sin descripcion,0,100,0
209871701,"SISTEMA DE CATERIZACION VENOSA CENTRAL DE DOBLE O TRIPLE LUMEN CON 2 ANTIBIOTICOS (MINOCICLINA Y RIFAMPICINA), NEONATAL O PEDIÁTRICO. (SE SOLICITA 5FR X 15M, TRIPLE LUMEN DE POLIURETANO)",205.0,0,C,Sin Marca,Sin descripcion,0,100,0
209871801,"SISTEMA DE CATERIZACION VENOSA CENTRAL DE DOBLE O TRIPLE LUMEN CON 2 ANTIBIOTICOS (MINOCICLINA Y RIFAMPICINA), NEONATAL
O PEDIÁTRICO.   SE SOLICITA 5FR X 8CM, DE TRES LUMENS DE POLIURETANO",205.0,0,C,Sin Marca,Sin descripcion,0,100,0
209871901,SISTEMA DE CATERIZACION VENOSA CENTRAL DE DOBLE   LUMEN CON 2 ANTIBIOTICOS 4FR X 8CM,205.0,0,C,Sin Marca,Sin descripcion,0,100,0
209872001,"TUBO DE EXTENSIÓN DE VENOCLISIS. SE SOLICITA DE 25"" DE LONGITUD",0.6,0,C,Sin Marca,Sin descripcion,0,100,0
209884401,"SISTEMA CERRADO (ESPIGA) UNIDIRECCIONAL PARA EXTRACCIÓN DE SOLUCION EN BOTELLA O BOLSA, CON O SIN FILTRO DE AIRE Y CONECTOR LIBRE DE AGUJA. SE SOLICITA CON FILTRO",2.41,2400,C,Sin Marca,Sin descripcion,0,100,0
209910801,"ESTIMULADOR NERVIO VAGO (PROTESIS)   1. Generador implantable, multiprogramable; herméticamente cerrado en una caja de titanio alimentado con batería de hasta 6 años de vida útil o más, que indique baja carga por lo menos con seis meses de anticipación.   Espesor del generador de hasta 7 mm. 
3. Volumen del generador de 8cc, un peso no mayor de 16 gramos.
4. Estéril.
5. De un solo uso.",40000.0,0,C,Sin Marca,Sin descripcion,0,100,0
209968301,MICROESFERAS DE POLIESTIRENO CARGADAS NEGATIVAMENTE,27.28,0,C,Sin Marca,Sin descripcion,0,100,0
209975301,CEPILLO PLANO PARA LIMPIEZA DE 75MM X 20MM X 15MM (RIGIDO) ,25.0,29656,C,Sin Marca,Sin descripcion,0,100,0
209975501,CEPILLO PARA LIMPIAR 75mm x 20mm x 15mm (FLEXIBLE),25.0,27054,C,Sin Marca,Sin descripcion,0,100,0
209975701,ESPONJA TEREFTALATO DE POLIETILENO      (SE SOLICITA ESPONJA),0.9,0,C,Sin Marca,Sin descripcion,0,100,0
209991001,"PELICULA DE SILICONA, CON PROTECCIÓN DE CLORHEXIDINA Y PLATA SE SOLICITA TAMAÑO: 10 cm X 12 cm.",35.94,1725,C,Sin Marca,Sin descripcion,0,100,0
209991101,"PELICULA DE SILICONA, CON PROTECCIÓN DE CLORHEXIDINA Y PLATA SE SOLICITA TAMAÑO: 6 cm X 20 cm.",29.5,1100,C,Sin Marca,Sin descripcion,0,100,0
209991201,"APOSITO PROTECTOR, (SE SOLICITA TAMAÑO 15CM X 15CM).",4.25,0,C,Sin Marca,Sin descripcion,0,100,0
209991301,"APOSITO PROTECTOR, (SE SOLICITA TAMAÑO 20CM X 20CM).",5.9,9720,C,Sin Marca,Sin descripcion,0,100,0
209991401,"APOSITO ESPUMA , (SE SOLICITA Tamaños con borde, 12.5X 12.5 CM).",1.82,0,C,Sin Marca,Sin descripcion,0,100,0
209991501,"APOSITO ESPUMA, se solicita Tamaños sin borde 10CM X 20CM",27.0,0,C,Sin Marca,Sin descripcion,0,100,0
209991801,"APOSITO ESPUMA , (SE SOLICITA TAMAÑO:  con borde 20CMX 26CM PARA TALON).",7.0,0,C,Sin Marca,Sin descripcion,0,100,0
209992601,ESTABILIZADOR DE CATETER SUPRA PUBICO O URETERAL (11. Soporte o estabilizador de catéter: 1.1. De silicona. 1.2. Con transpiración. 2. Impermeable: 2.1. Traslucido. 2.2. Adhesivo. 2.3. Almohadilla de gel. 2.4. Con anillo giratorio de 360° 3. Cierre de clip. 3.1. Compatible con catéteres desde 3 Fr o más. 3.2. Libre de látex. 4. No estéril. 4.1. De un solo uso. VER FICHA TÉCNICA.)),4.98,0,C,Sin Marca,Sin descripcion,0,100,0
210014801,"SISTEMA CERRADO (ESPIGA) BIDIRECCIONAL PARA INYECCION Y EXTRACCIÓN DE
SOLUCIONES EN BOTELLA O BOLSAS, CON O SIN FILTRO DE AIRE Y CONECTOR LIBRE
DE AGUJA",2.01,0,C,Sin Marca,Sin descripcion,0,100,0
210064701,BATA TIPO QUIRURGICA REUTILIZABLE /ESTERILIZABLE DE 1 CAPA (SE SOLICITA Talla universal (Talla grande)).,36.05,0,C,Sin Marca,Sin descripcion,0,100,0
210064801,BATA DE AISLAMIENTO REUTILIZABLE DE 1 CAPA (SE SOLICITA TAMAÑO: GRANDE (AAMI 3)).,34.888,0,C,Sin Marca,Sin descripcion,0,100,0
210067201,BATA TIPO QUIRURGICA REUTILIZABLE /ESTERILIZABLE DE 2 O 3 CAPAS (SE SOLICITA TAMAÑO GRANDE (AAMI4)).,45.0,0,C,Sin Marca,Sin descripcion,0,100,0
210069201,BOLSA APOSITO PARA PROTECCION DE CATETERES (SE SOLICITA TAMAÑO:  8 X 7.5 cm FIJACION DE POLIURETANO ADHESIVO):,3.8,43050,C,Sin Marca,Sin descripcion,0,100,0
210069301,BOLSA APOSITO PARA PROTECCION DE CATETERES (SE SOLICITA TAMAÑO: 16 X 5 cm FIJACION DE POLIURETANO ADHESIVO).,3.8,18400,C,Sin Marca,Sin descripcion,0,100,0
210086101,"TAPETE DE ABSORSIÓN, CONTROL Y SEGURIDAD DE HOSPITALES",115.0,0,C,Sin Marca,Sin descripcion,0,100,0
210086201,"TAPETE DE ABSORSIÓN, CONTROL Y SEGURIDAD DE HOSPITALES",65.0,0,C,Sin Marca,Sin descripcion,0,100,0
210086301,"TAPETE DE ABSORSIÓN, CONTROL Y SEGURIDAD DE HOSPITALES",42.0,0,C,Sin Marca,Sin descripcion,0,100,0
210086401,KIT DE INSUMO PREOPERATORIO,46.0,0,C,Sin Marca,Sin descripcion,0,100,0
210097101,BOLSA DE CONTEO SEGURO PARA GASAS Y COMPRESAS,1.22,0,C,Sin Marca,Sin descripcion,0,100,0
210115101,"INSTRUMENTO DE ENGRAPADO Y CORTE LINEAL RECTA ENDOSCOPICA CON O SIN REGARGA,DESECHABLE     (SE SOLICITA Estándar: vástago de 16cm o longitud total de 34cm, LONGITUD DE 60MM DE LARGO, ALTURA DE GRAPA ABIERTA 3.5 Y CERRADA 1.5MM)     ",102.73,0,C,Sin Marca,Sin descripcion,0,100,0
210133101,BOLSA APOSITO PARA PROTECCIÓN DE CATETERES (SE SOLICITA TAMAÑO: 8 X 7.5  CON FIJACIÓN DE TEJIDO NO TEJIDO ADHESIVADO).,5.8,0,C,Sin Marca,Sin descripcion,0,100,0
210133201,BOLSA APOSITO PARA PROTECCIÓN DE CATETERES (SE SOLICITA TAMAÑO: 16 cm x 5 cm  CON FIJACIÓN DE TEJIDO NO TEJIDO ADHESIVADO).,5.8,0,C,Sin Marca,Sin descripcion,0,100,0
210199501,"FIBRA (ESPONJA) GUANTE O ROLLO PARA LIMPIEZA DE PACIENTES QUE CONTIENE LAURIL ETER SULFATO DE SODIO, MAS CAMOMILA Y COCAMIDROPIL BETANAINA ",0.9,218000,C,Sin Marca,Sin descripcion,0,100,0
210223601,SOLUCION PARA LIMPIEZA E IRRIGACION DE LESIONES Y CAVIDADES QUIRURGICAS,37.5,6000,C,Sin Marca,Sin descripcion,0,100,0
210223701,SOLUCION PARA LIMPIEZA E IRRIGACION DE LESIONES Y CAVIDADES QUIRURGICAS,67.5,3960,C,Sin Marca,Sin descripcion,0,100,0
210224101,SOLUCION PARA LIMPIEZA E IRRIGACION DE LESIONES Y CAVIDADES QUIRURGICAS,157.37,564,C,Sin Marca,Sin descripcion,0,100,0
210226501,DELANTAL PROTECTOR DE FLUIDOS POTENCIALMENTE PELIGROSOS,7.39,0,C,Sin Marca,Sin descripcion,0,100,0
210235801,FORRO DE COLCHON Para proteger el colchon del paciente durante su atencion,39.86,0,C,Sin Marca,Sin descripcion,0,100,0
210248401,ENVASE PARA DESECHOS PUNZOCORTANTE( SE SOLICITA DE 3-4 LITR0S),5.575,0,C,Sin Marca,Sin descripcion,0,100,0
210248501,ENVASE PARA DESECHOS PUNZOCORTANTE (SE SOLICITA DE 7-8 LITROS),5.5,0,C,Sin Marca,Sin descripcion,0,100,0
210248601,ENVASE PARA DESECHOS PUNZOCORTANTE (SE SOLICITA 22-23LITRO),8.58,0,C,Sin Marca,Sin descripcion,0,100,0
